,OOFI.WI,NH0002.NHF,NH0003.NHF,NH0006.NHF,NH0015.NHF,NH0020.NHF,NH0021.NHF,NH0056.NHF
2017-01-03,1240.2812,1082.66,1079.74,709.42,1944.39,835.9,493.71,
2017-01-04,1233.9439,1071.75,1090.41,709.42,1957.71,831.0,488.17,
2017-01-05,1230.8446,1070.82,1085.43,719.54,1953.51,830.3,485.32,
2017-01-06,1220.1499,1059.29,1076.9,714.13,1957.01,817.48,479.94,
2017-01-09,1223.6456,1063.03,1071.92,722.83,1945.79,820.51,485.16,
2017-01-10,1231.1871,1071.44,1068.37,726.35,1947.9,826.57,489.75,
2017-01-11,1244.3782,1082.66,1071.21,721.65,1980.15,832.4,494.82,
2017-01-12,1241.4993,1079.85,1071.92,719.77,1968.93,829.37,496.08,
2017-01-13,1247.9899,1080.48,1075.48,708.01,2013.11,829.37,495.92,
2017-01-16,1262.1135,1090.45,1086.85,710.37,2039.75,842.19,500.04,
2017-01-17,1266.8031,1094.19,1083.3,712.95,2048.87,850.82,499.88,
2017-01-18,1266.0221,1093.56,1110.31,711.31,2058.68,843.12,499.41,
2017-01-19,1268.549,1092.0,1107.47,719.3,2080.42,845.22,498.93,
2017-01-20,1260.9944,1090.45,1111.73,713.42,2053.78,838.46,497.03,
2017-01-23,1257.8593,1086.08,1118.13,731.06,2057.98,837.53,494.97,
2017-01-24,1272.1012,1100.73,1108.89,737.64,2060.79,845.45,504.15,
2017-01-25,1254.1915,1087.64,1106.04,734.58,2020.82,832.4,497.82,
2017-01-26,1249.8043,1080.42,1108.87,736.73,2042.56,829.34,491.18,
2017-02-03,1237.4462,1067.7,1118.13,750.81,2025.73,822.38,484.37,
2017-02-06,1244.3323,1069.26,1137.32,755.98,2048.17,829.37,485.8,
2017-02-07,1240.9802,1066.14,1129.5,750.1,2044.66,826.11,484.53,
2017-02-08,1256.9562,1075.8,1138.74,746.11,2079.02,835.2,493.39,
2017-02-09,1252.2086,1072.38,1138.74,745.87,2078.32,832.4,489.75,
2017-02-10,1267.3018,1083.59,1140.87,745.17,2101.46,843.36,497.19,
2017-02-13,1252.0253,1069.88,1140.16,750.1,2093.04,835.43,486.27,
2017-02-14,1241.9888,1063.65,1118.84,749.4,2072.71,826.34,481.68,
2017-02-15,1240.0707,1063.96,1110.31,745.17,2059.38,823.08,483.58,
2017-02-16,1235.7512,1059.29,1117.42,736.94,2072.01,819.81,478.2,
2017-02-17,1214.2834,1042.16,1113.15,729.65,2037.65,806.06,468.23,
2017-02-20,1217.2361,1043.4,1125.24,733.17,2044.66,809.79,469.18,
2017-02-21,1217.0347,1039.04,1127.37,736.0,2072.01,806.99,466.65,
2017-02-22,1210.0481,1036.55,1135.9,728.24,2043.26,804.66,465.07,
2017-02-23,1195.5422,1025.64,1125.95,731.06,2019.42,795.34,458.1,
2017-02-24,1197.4138,1026.27,1130.92,747.75,2018.01,796.74,460.95,
2017-02-27,1196.2933,1024.71,1140.16,745.17,2026.43,793.94,459.37,
2017-02-28,1194.1745,1023.77,1139.45,750.34,2020.12,794.87,457.79,
2017-03-01,1207.4108,1036.24,1139.45,752.93,2039.75,803.03,463.33,
2017-03-02,1214.4851,1041.84,1143.01,750.81,2064.99,805.59,464.91,
2017-03-03,1212.2511,1039.35,1155.8,750.1,2056.58,803.96,466.49,
2017-03-06,1217.274,1041.53,1171.44,772.68,2076.91,802.1,469.5,
2017-03-07,1203.321,1025.95,1168.6,767.5,2069.2,787.88,464.91,
2017-03-08,1190.8607,1018.48,1155.8,739.76,2035.54,777.86,460.64,
2017-03-09,1190.5995,1018.17,1143.72,732.0,2032.04,767.83,465.38,
2017-03-10,1157.4181,999.16,1128.08,727.3,2005.39,749.42,455.57,
2017-03-13,1164.8957,1002.59,1132.01,728.94,2015.21,765.73,459.69,
2017-03-14,1151.791,989.81,1113.72,717.42,1994.17,762.94,453.92,
2017-03-15,1154.8403,988.88,1122.12,715.77,2013.11,759.21,458.56,
2017-03-16,1163.6983,987.63,1119.82,721.18,2008.2,752.21,465.21,
2017-03-17,1168.02,992.93,1121.17,715.54,1999.08,755.23,466.71,
2017-03-20,1174.3579,996.36,1137.39,713.89,2025.97,754.47,469.2,
2017-03-21,1169.5226,993.86,1139.42,707.78,2002.47,755.53,467.87,
2017-03-22,1177.6514,989.81,1155.64,703.55,2001.35,755.3,469.53,
2017-03-23,1159.2128,976.78,1144.15,720.48,1969.15,742.15,460.72,
2017-03-24,1153.3744,970.41,1152.26,718.12,1959.4,737.92,458.72,
2017-03-27,1134.0673,946.41,1151.58,706.13,1955.22,725.66,449.74,
2017-03-28,1133.5576,944.88,1159.69,706.84,1951.04,726.55,450.41,
2017-03-29,1136.8534,945.79,1130.63,705.43,1961.49,726.77,452.57,
2017-03-30,1121.9866,932.99,1128.61,693.43,1939.9,718.08,444.92,
2017-03-31,1111.5559,919.58,1129.96,697.9,1936.42,705.15,443.09,
2017-04-05,1113.4823,920.49,1136.71,701.19,1919.0,709.39,448.74,
2017-04-06,1112.9373,919.58,1142.8,697.88,1918.31,706.05,450.41,
2017-04-07,1099.5862,906.17,1127.93,703.91,1900.89,698.02,444.92,
2017-04-10,1101.9549,909.52,1131.98,712.79,1923.88,705.38,434.61,
2017-04-11,1105.5343,915.01,1103.6,710.51,1923.88,708.72,435.27,
2017-04-12,1094.4517,898.85,1098.87,713.47,1938.51,691.78,430.12,
2017-04-13,1109.032,907.69,1105.63,719.6,1975.42,699.58,436.27,
2017-04-14,1117.6601,905.86,1107.66,715.51,1971.24,702.7,433.77,
2017-04-17,1118.1921,907.08,1107.66,711.42,1967.76,706.49,434.77,
2017-04-18,1110.3538,899.46,1100.22,721.42,1958.71,703.59,430.45,
2017-04-19,1110.1752,883.0,1092.11,724.83,1989.35,693.34,426.29,
2017-04-20,1111.3535,886.35,1098.87,728.24,1981.0,698.25,427.95,
2017-04-21,1109.719,886.96,1114.41,732.55,1969.85,699.36,429.45,
2017-04-24,1119.6552,895.19,1109.68,727.1,1990.05,707.61,431.61,
2017-04-25,1111.029,886.05,1101.57,718.46,1985.87,702.7,421.63,
2017-04-26,1103.9282,888.49,1104.95,730.28,1954.53,699.81,424.96,
2017-04-27,1105.5591,890.93,1096.84,732.78,1944.77,706.71,430.12,
2017-04-28,1105.2139,886.96,1096.17,721.42,1949.65,703.37,430.61,
2017-05-02,1128.8342,898.24,1114.41,725.51,2005.37,716.74,436.27,
2017-05-03,1125.8884,897.02,1106.3,732.55,1992.84,716.97,435.27,
2017-05-04,1124.7095,891.23,1108.33,734.14,1998.41,716.07,432.94,
2017-05-05,1116.5498,885.44,1108.33,718.69,1978.91,707.61,432.44,
2017-05-08,1123.899,898.85,1109.68,704.38,1962.88,718.97,445.25,
2017-05-09,1124.351,902.81,1100.22,705.06,1962.19,716.97,446.58,
2017-05-10,1125.7278,900.37,1098.87,705.06,1976.82,711.17,445.25,
2017-05-11,1136.1535,915.01,1111.71,704.15,1974.73,719.86,458.56,
2017-05-12,1124.7579,910.74,1111.03,717.1,1944.77,716.52,456.73,
2017-05-15,1122.3294,911.96,1100.9,737.55,1937.11,718.97,455.06,
2017-05-16,1123.1516,918.05,1100.9,735.73,1930.84,726.1,456.89,
2017-05-17,1133.2325,921.71,1110.36,733.46,1956.62,726.1,460.39,
2017-05-18,1120.3886,913.48,1107.66,715.06,1928.06,719.86,457.73,
2017-05-19,1110.3021,904.95,1110.36,718.46,1906.46,714.29,455.4,
2017-05-22,1120.1161,914.4,1093.46,712.56,1915.52,722.54,461.88,
2017-05-23,1111.3514,907.08,1091.44,714.15,1909.95,714.51,456.39,
2017-05-24,1105.1017,900.68,1096.17,722.78,1903.68,706.49,453.23,
2017-05-25,1104.3551,901.59,1094.14,719.37,1902.98,704.26,452.4,
2017-05-26,1089.1948,887.27,1094.14,713.69,1880.69,692.9,447.41,
2017-05-31,1056.6682,864.1,1086.7,701.65,1820.09,672.17,436.1,
2017-06-01,1058.1296,862.28,1099.55,694.83,1831.24,672.39,434.61,
2017-06-02,1059.7643,862.58,1105.63,699.15,1829.84,673.95,435.44,
2017-06-05,1068.0375,870.5,1107.66,696.42,1845.86,677.96,438.1,
2017-06-06,1070.0321,875.08,1106.98,695.52,1845.86,685.32,436.1,
2017-06-07,1070.2959,872.94,1106.3,698.92,1855.62,686.88,430.61,
2017-06-08,1072.3987,872.94,1106.3,712.56,1870.24,684.87,429.28,
2017-06-09,1076.9876,880.56,1129.96,710.06,1870.94,694.68,430.28,
2017-06-12,1085.1922,892.45,1140.09,695.74,1864.67,703.59,442.09,
2017-06-13,1077.3874,886.35,1127.25,690.52,1854.92,698.69,435.77,
2017-06-14,1082.5197,888.79,1137.39,694.61,1866.76,701.59,435.94,
2017-06-15,1080.9046,890.01,1134.01,688.93,1855.62,704.49,435.6,
2017-06-16,1091.2962,896.72,1131.31,687.79,1871.64,710.5,442.42,
2017-06-19,1100.794,901.29,1121.85,692.33,1886.96,717.63,447.41,
2017-06-20,1092.355,889.71,1125.23,689.84,1888.35,709.83,438.27,
2017-06-21,1085.7852,886.05,1127.25,691.43,1877.91,704.26,433.11,
2017-06-22,1075.4904,880.56,1123.87,687.56,1851.44,700.92,430.78,
2017-06-23,1073.9641,880.87,1132.66,693.02,1842.38,698.69,433.11,
2017-06-26,1076.314,881.78,1143.47,697.33,1850.74,699.58,433.28,
2017-06-27,1081.875,889.4,1148.2,689.15,1854.92,708.05,435.11,
2017-06-28,1083.3934,897.02,1140.77,674.61,1851.44,710.06,434.27,
2017-06-29,1090.0468,905.25,1139.42,673.93,1856.31,714.07,438.1,
2017-06-30,1088.9618,905.25,1140.09,678.7,1849.35,711.62,441.09,
2017-07-03,1116.5412,916.22,1139.42,683.47,1936.42,719.64,444.25,
2017-07-04,1111.3651,902.51,1134.69,682.34,1948.95,706.49,438.43,
2017-07-05,1114.6852,905.86,1137.39,680.52,1944.77,710.06,443.92,
2017-07-06,1123.1724,913.48,1130.63,678.47,1960.8,714.29,450.07,
2017-07-07,1126.7496,914.4,1132.66,683.7,1974.03,719.75,450.51,
2017-07-10,1152.8037,931.16,1129.96,689.38,2033.24,733.04,457.12,
2017-07-11,1156.6672,937.56,1131.31,679.38,2040.9,733.61,458.63,
2017-07-12,1154.0558,935.73,1136.04,688.02,2029.75,734.05,457.27,
2017-07-13,1140.8935,929.64,1124.55,690.52,1984.48,727.73,455.02,
2017-07-14,1127.617,921.71,1125.9,694.38,1952.44,722.94,451.22,
2017-07-17,1131.8596,926.28,1141.45,701.2,1957.31,728.39,453.64,
2017-07-18,1129.6632,921.71,1140.09,706.65,1967.06,726.86,449.49,
2017-07-19,1132.0329,926.28,1133.34,709.38,1968.46,731.22,451.05,
2017-07-20,1141.2042,934.51,1138.74,708.24,1979.6,738.84,456.58,
2017-07-21,1146.6376,935.12,1131.98,687.34,1998.41,740.79,459.0,
2017-07-24,1128.5694,925.67,1126.58,682.34,1953.83,729.69,453.81,
2017-07-25,1150.4368,940.91,1127.25,682.79,1994.93,742.75,465.05,
2017-07-26,1132.8989,927.2,1118.47,675.75,1955.92,731.87,462.11,
2017-07-27,1143.9857,936.95,1117.12,676.66,1960.8,738.84,470.92,
2017-07-28,1138.5077,926.89,1122.52,663.02,1978.47,727.08,465.57,
2017-07-31,1149.5206,938.6,1111.71,665.07,1976.11,738.4,471.96,
2017-08-01,1148.3337,939.02,1113.74,670.52,1974.72,740.14,469.02,
2017-08-02,1139.3028,931.41,1114.29,681.5,1947.73,737.09,466.77,
2017-08-03,1123.5681,916.66,1114.83,679.11,1922.66,729.47,459.52,
2017-08-04,1126.5974,919.04,1119.0,683.4,1928.23,729.26,462.45,
2017-08-07,1127.0847,916.96,1117.53,682.0,1933.1,729.26,459.69,
2017-08-08,1144.4081,933.02,1121.53,692.39,1963.76,741.23,465.22,
2017-08-09,1150.3826,938.38,1144.23,691.94,1964.45,744.5,470.06,
2017-08-10,1152.8239,940.76,1146.9,697.36,1970.72,749.07,468.16,
2017-08-11,1139.663,932.13,1152.91,690.81,1898.27,754.07,464.53,
2017-08-14,1144.4914,936.0,1148.9,694.2,1904.54,751.03,471.44,
2017-08-15,1137.5695,932.13,1148.24,689.0,1900.36,748.85,464.53,
2017-08-16,1122.5097,919.93,1150.91,684.03,1892.0,737.53,457.27,
2017-08-17,1129.2472,925.88,1159.59,687.87,1898.27,742.32,461.42,
2017-08-18,1134.6127,934.21,1153.58,687.2,1899.67,748.2,467.98,
2017-08-21,1137.8856,936.59,1151.58,689.23,1899.67,746.02,470.75,
2017-08-22,1154.3156,951.17,1159.59,693.74,1908.03,759.3,480.77,
2017-08-23,1155.0665,953.85,1152.91,692.39,1904.54,766.48,478.87,
2017-08-24,1154.4546,953.25,1151.58,687.65,1897.58,766.7,481.98,
2017-08-25,1150.6588,945.81,1147.57,689.45,1905.24,762.13,478.35,
2017-08-28,1152.3143,946.71,1146.9,693.29,1912.9,764.09,478.35,
2017-08-29,1141.4827,939.57,1136.22,690.58,1896.88,757.99,474.03,
2017-08-30,1134.3649,934.81,1130.21,687.42,1885.74,755.82,471.1,
2017-08-31,1133.7832,936.59,1126.21,687.87,1878.77,757.34,472.65,
2017-09-01,1140.8824,944.62,1128.21,691.49,1884.34,760.39,477.32,
2017-09-04,1147.816,950.28,1143.56,714.52,1898.97,764.52,478.18,
2017-09-05,1150.7375,951.76,1144.23,718.59,1899.67,767.13,480.95,
2017-09-06,1149.2027,949.68,1144.9,714.75,1906.63,762.56,480.08,
2017-09-07,1147.5917,950.28,1147.57,715.42,1910.12,762.35,478.53,
2017-09-08,1135.9324,940.16,1126.21,702.78,1892.7,751.24,475.59,
2017-09-11,1146.7978,950.28,1126.87,705.94,1898.27,755.6,488.2,
2017-09-12,1142.2476,944.62,1128.88,706.39,1896.18,752.55,489.24,
2017-09-13,1132.3283,941.95,1129.55,700.07,1873.89,747.54,491.66,
2017-09-14,1148.2577,953.55,1136.22,693.74,1889.91,754.73,501.86,
2017-09-15,1149.3923,953.55,1128.88,691.26,1907.33,756.9,499.78,
2017-09-18,1144.3558,945.22,1129.55,692.61,1909.42,748.41,496.33,
2017-09-19,1141.3467,941.95,1132.22,693.74,1901.76,745.15,497.71,
2017-09-20,1139.4504,940.76,1132.22,705.94,1901.76,747.76,494.25,
2017-09-21,1136.2202,933.62,1140.89,696.23,1909.42,744.71,489.59,
2017-09-22,1137.8691,927.07,1145.57,695.78,1943.55,742.1,486.3,
2017-09-25,1135.0881,918.44,1143.56,698.94,1956.79,728.6,483.19,
2017-09-26,1132.4544,919.34,1150.24,705.26,1941.46,726.86,484.4,
2017-09-27,1132.5502,917.25,1144.23,692.84,1938.68,726.21,487.17,
2017-09-28,1118.8385,903.57,1130.88,681.55,1924.05,714.67,474.72,
2017-09-29,1116.1953,905.65,1130.21,682.0,1901.06,719.03,477.32,
2017-10-09,1126.6983,908.92,1112.19,681.1,1937.98,720.33,482.33,
2017-10-10,1122.1734,902.38,1115.53,681.78,1932.41,715.98,479.22,
2017-10-11,1118.7071,898.21,1115.53,682.9,1925.44,715.54,476.11,
2017-10-12,1125.7552,903.27,1117.53,679.52,1928.93,723.38,481.81,
2017-10-13,1141.1419,905.05,1119.53,680.42,1988.83,728.6,482.5,
2017-10-16,1143.0451,908.03,1120.2,687.42,1986.74,731.43,483.88,
2017-10-17,1139.1119,907.14,1120.2,685.84,1979.78,732.52,485.27,
2017-10-18,1133.5398,902.08,1118.2,684.49,1976.3,728.39,479.74,
2017-10-19,1126.2311,888.69,1116.19,678.84,1986.05,716.85,474.03,
2017-10-20,1135.2987,900.0,1113.52,676.13,1986.74,724.03,483.54,
2017-10-23,1134.0556,902.38,1110.19,675.68,1974.9,729.91,488.55,
2017-10-24,1134.5213,903.57,1112.19,679.07,1965.85,731.87,491.49,
2017-10-25,1142.3434,912.49,1118.2,679.74,1971.42,742.54,493.56,
2017-10-26,1139.0761,911.9,1117.53,678.61,1962.36,747.33,491.49,
2017-10-27,1136.8634,911.6,1111.52,675.23,1948.43,749.72,493.04,
2017-10-30,1141.9226,915.17,1105.51,675.9,1952.61,751.46,496.5,
2017-10-31,1135.0938,911.6,1106.18,676.13,1944.95,746.45,494.94,
2017-11-01,1133.5483,907.73,1108.85,676.36,1948.43,745.37,488.55,
2017-11-02,1138.0435,912.49,1112.86,679.74,1951.22,748.63,492.35,
2017-11-03,1135.8405,910.11,1116.86,685.39,1956.79,745.15,488.55,
2017-11-06,1131.1176,908.62,1118.2,685.39,1939.37,745.58,486.82,
2017-11-07,1138.9969,913.98,1122.87,688.78,1946.34,749.28,488.9,
2017-11-08,1136.7025,910.11,1125.54,685.61,1953.31,746.89,484.4,
2017-11-09,1145.1407,914.87,1124.87,685.16,1963.76,750.59,493.39,
2017-11-10,1131.2449,904.16,1124.87,686.07,1946.34,740.36,483.88,
2017-11-13,1136.7202,903.57,1126.21,686.52,1974.21,737.31,486.48,
2017-11-14,1127.8142,896.43,1130.21,684.26,1964.45,734.05,479.22,
2017-11-15,1122.6688,888.1,1130.88,679.29,1972.81,729.69,473.34,
2017-11-16,1128.6789,890.77,1128.21,679.29,1993.01,728.17,474.55,
2017-11-17,1125.2305,886.31,1119.53,679.07,1985.35,727.08,473.34,
2017-11-20,1130.5663,879.77,1128.21,674.55,2018.09,725.99,469.54,
2017-11-21,1132.4614,878.58,1130.21,674.32,2034.81,723.87,465.57,
2017-11-22,1133.0311,880.36,1133.55,672.29,2021.58,727.97,466.8,
2017-11-23,1130.6235,879.17,1138.22,672.06,2018.09,725.96,466.46,
2017-11-24,1135.9107,881.85,1134.22,673.42,2028.9,729.24,466.25,
2017-11-27,1126.5946,875.0,1136.22,677.71,2015.95,723.51,458.45,
2017-11-28,1126.873,873.22,1139.56,679.74,2021.2,722.03,460.66,
2017-11-29,1121.5373,866.38,1146.9,677.71,2013.95,716.72,459.3,
2017-11-30,1121.7713,870.84,1144.9,683.03,2009.67,722.87,459.47,
2017-12-01,1121.8979,872.92,1140.23,688.01,1998.25,721.18,463.03,
2017-12-04,1134.3611,872.74,1148.05,687.97,2048.92,721.6,466.09,
2017-12-05,1124.7089,862.88,1150.02,686.22,2043.93,709.51,457.09,
2017-12-06,1134.3383,865.51,1153.91,686.0,2078.18,713.54,459.47,
2017-12-07,1118.6806,848.43,1142.6,681.33,2055.34,704.21,451.15,
2017-12-08,1118.2395,847.27,1145.83,689.12,2051.78,706.33,452.85,
2017-12-11,1115.5711,849.87,1142.6,673.98,2033.93,708.88,451.83,
2017-12-12,1117.1612,853.33,1142.6,671.76,2029.65,710.36,452.17,
2017-12-13,1116.6778,850.74,1148.41,670.64,2028.22,709.3,451.83,
2017-12-14,1104.6444,837.75,1152.93,668.42,2014.67,699.12,442.84,
2017-12-15,1104.6777,837.17,1157.45,670.42,2006.1,701.24,445.21,
2017-12-18,1111.3278,841.79,1177.48,673.54,2008.96,706.54,449.29,
2017-12-19,1105.5786,834.29,1172.96,663.08,2011.1,699.33,445.89,
2017-12-20,1103.8518,833.71,1174.89,660.18,2001.11,699.54,447.59,
2017-12-21,1092.8621,821.01,1185.87,662.19,1991.11,688.94,439.61,
2017-12-22,1084.6028,811.2,1177.48,664.63,1988.26,679.82,435.71,
2017-12-25,1091.7313,816.68,1167.14,666.86,1993.97,686.18,439.27,
2017-12-26,1096.3417,816.97,1169.08,665.97,2012.52,684.91,439.44,
2017-12-27,1101.6302,823.32,1172.96,666.86,2015.38,686.39,444.02,
2017-12-28,1097.375,821.59,1171.66,669.53,2002.53,681.94,445.38,
2017-12-29,1087.4422,817.84,1172.96,665.3,1970.42,680.66,443.52,
2018-01-02,1099.8044,834.0,1181.35,669.53,1973.27,693.39,452.0,
2018-01-03,1101.9817,833.71,1196.85,665.97,1978.98,695.72,451.49,
2018-01-04,1105.7309,840.35,1193.62,668.19,1976.84,700.18,454.55,
2018-01-05,1107.5619,840.35,1196.85,675.32,1980.41,702.94,455.06,
2018-01-08,1100.9749,830.54,1178.77,675.54,1974.7,697.85,450.47,
2018-01-09,1106.4768,836.02,1179.42,678.66,1981.12,698.91,455.4,
2018-01-10,1104.4676,836.6,1181.35,678.88,1975.41,698.48,452.34,
2018-01-11,1100.4958,834.86,1176.19,680.44,1965.42,696.79,452.17,
2018-01-12,1090.7629,827.94,1180.06,687.78,1947.58,690.63,446.57,
2018-01-15,1095.0717,828.23,1178.77,680.21,1967.56,688.51,446.23,
2018-01-16,1091.3056,826.5,1176.83,677.99,1965.42,682.15,443.68,
2018-01-17,1091.2406,823.61,1172.9561,674.4271,1976.8412,684.2705,439.781,
2018-01-18,1093.3771,825.63,1168.4348,690.6757,1974.7002,685.7553,442.6664,
2018-01-19,1088.4048,819.2813,1163.2676,680.6594,1983.9778,677.2709,437.0652,
2018-01-22,1095.5772,828.8044,1160.684,690.8983,1988.2598,683.4221,440.4599,
2018-01-23,1097.4023,831.1131,1151.6414,693.1241,1986.8325,685.119,441.4783,
2018-01-24,1095.8238,833.9989,1154.8709,689.7854,1968.2773,689.1491,443.8546,
2018-01-25,1100.2884,833.7103,1154.225,690.6757,1984.6915,688.3007,443.5151,
2018-01-26,1100.3377,836.3075,1160.0381,690.8983,1977.5549,691.2702,443.6848,
2018-01-29,1108.4418,838.9048,1159.3922,685.5563,2003.9603,690.6339,446.0611,
2018-01-30,1100.2092,826.4958,1157.4545,679.1014,2001.1057,680.8768,440.4599,
2018-01-31,1103.4994,830.8245,1154.8709,676.4304,2008.9559,684.9069,440.6296,
2018-02-01,1094.0051,821.8785,1165.8512,675.0949,1997.5374,681.301,435.8771,
2018-02-02,1083.1358,812.3553,1165.2053,676.4304,1974.7002,672.8165,431.9732,
2018-02-05,1084.2114,809.4695,1172.9561,671.3109,1976.1275,673.8771,432.6521,
2018-02-06,1082.2752,808.0266,1172.3102,669.9755,1972.5592,671.3318,433.3311,
2018-02-07,1091.6417,812.6439,1178.7692,670.198,2001.8193,671.3318,434.6889,
2018-02-08,1093.5257,813.7982,1179.4151,665.3012,2002.533,671.5439,435.3679,
2018-02-09,1091.8897,810.9124,1178.1233,662.4076,1998.9647,667.938,434.5192,
2018-02-12,1102.7783,814.3754,1174.2479,662.6302,2027.5111,668.1501,440.6296,
2018-02-13,1102.0205,815.2411,1162.6217,661.7399,2028.9385,667.938,439.102,
2018-02-14,1101.9699,812.9325,1170.3725,663.298,2038.9297,661.7868,436.2165,
2018-02-22,1120.2965,816.3955,1174.8938,666.8593,2111.7231,661.5747,437.0652,
2018-02-23,1129.8286,829.3816,1171.0184,671.3109,2110.2958,673.4529,446.0611,
2018-02-26,1135.2503,834.5761,1181.3528,678.6562,2121.0007,676.4224,448.7769,
2018-02-27,1133.1765,831.9788,1180.7069,676.2078,2121.0007,674.3013,449.4558,
2018-02-28,1143.6713,836.3075,1181.9987,676.4304,2146.6925,677.6951,452.3413,
2018-03-01,1151.3113,836.5961,1180.7069,678.6562,2179.5209,677.6951,453.1899,
2018-03-02,1168.7578,844.6764,1188.4577,675.54,2233.0455,682.9979,446.9098,
2018-03-05,1165.0893,844.6764,1207.1888,683.7756,2226.6226,676.4224,445.8914,
2018-03-06,1165.1806,841.502,1212.356,686.6692,2228.7636,674.9377,446.0611,
2018-03-07,1159.3487,831.9788,1199.438,677.5433,2224.4816,668.3622,442.327,
2018-03-08,1156.8624,827.0729,1191.0413,673.3142,2223.0543,668.9985,435.7073,
2018-03-09,1147.6974,818.1269,1183.2905,677.9884,2210.2084,661.3625,429.7666,
2018-03-12,1138.9995,818.4155,1175.5397,671.5335,2179.5209,664.5442,430.6153,
2018-03-13,1145.0286,823.61,1177.4774,670.4206,2183.8029,675.1498,433.8403,
2018-03-14,1146.3309,823.8986,1174.2479,667.7496,2187.3712,673.2408,433.5008,
2018-03-15,1138.4942,820.147,1166.4971,667.9722,2166.675,671.5439,433.6705,
2018-03-16,1146.0239,820.147,1177.4774,665.3012,2188.0849,672.3923,432.8219,
2018-03-19,1139.0481,820.4356,1172.1617,664.1883,2157.9077,679.392,433.5008,
2018-03-20,1134.7946,816.684,1169.2826,664.1883,2147.0197,676.4224,435.3679,
2018-03-21,1134.1893,812.0667,1166.5143,668.1948,2156.4998,670.9075,434.01,
2018-03-22,1138.489,819.2813,1160.8095,669.9755,2160.6775,676.2103,434.5192,
2018-03-23,1146.5137,815.8183,1164.8009,665.7464,2193.8079,672.5372,432.6521,
2018-03-26,1155.9664,819.5698,1170.1226,667.527,2225.4979,670.9346,432.687,
2018-03-27,1145.4726,812.3553,1160.8095,667.0819,2201.7304,666.6814,430.2447,
2018-03-28,1143.4721,812.0123,1161.4748,659.212,2192.3675,665.7362,430.4143,
2018-03-29,1131.7364,801.8539,1159.4791,657.7683,2173.6416,659.1489,424.6506,
2018-03-30,1168.6599,814.9431,1160.1443,660.2923,2274.4732,665.3245,429.0581,
2018-04-02,1176.2102,826.838,1164.1356,658.4729,2278.0744,674.9997,434.8218,
2018-04-03,1174.9132,824.5973,1160.8095,658.0417,2276.6339,673.9705,433.2961,
2018-04-04,1191.5605,833.8404,1170.7878,657.1793,2321.2879,676.6466,436.0085,
2018-04-09,1218.1101,836.9214,1169.4574,658.6885,2396.1914,679.7344,438.2123,
2018-04-10,1200.2612,833.2802,1163.4704,659.551,2341.4542,680.5578,435.839,
2018-04-11,1197.3071,826.2779,1164.8009,661.2758,2338.5733,678.7051,433.8047,
2018-04-12,1185.7823,816.4746,1160.1443,659.1197,2319.1272,670.8826,426.8543,
2018-04-13,1191.147,818.4352,1162.8052,664.0788,2325.6093,672.3236,428.7191,
2018-04-16,1182.7134,813.3935,1158.1487,663.6476,2306.1632,666.3538,425.8372,
2018-04-17,1196.9722,815.0741,1157.4834,662.5695,2351.5374,666.5597,422.6163,
2018-04-18,1188.0374,812.5532,1156.153,661.9227,2324.889,665.7362,423.6334,
2018-04-19,1185.638,815.0741,1155.4878,663.6476,2314.8059,672.1178,425.1591,
2018-04-20,1189.8886,813.6736,1158.8139,662.3539,2327.7699,673.9705,424.6506,
2018-04-23,1184.2134,815.6343,1158.1487,666.6661,2308.3238,674.7939,425.1591,
2018-04-24,1177.4601,806.9514,1156.153,664.7256,2300.4014,667.5889,422.1077,
2018-04-25,1180.3618,807.5115,1155.4878,661.2758,2306.1632,670.0592,422.9553,
2018-04-26,1173.8807,803.3101,1148.8356,664.0788,2287.4373,666.1479,422.4468,
2018-04-27,1172.399,803.03,1151.4964,663.8632,2281.6755,663.0601,423.1249,
2018-05-02,1184.7442,806.3912,1154.8226,665.588,2323.4486,665.3245,422.6163,
2018-05-03,1186.8093,809.1921,1156.8182,671.1939,2322.0081,669.8533,422.1077,
2018-05-04,1180.2549,807.5115,1160.1443,671.6251,2309.0441,667.5889,419.5649,
2018-05-07,1174.513,813.1134,1158.8139,678.309,2273.753,671.5002,422.1077,
2018-05-08,1159.5626,809.7523,1160.1443,677.8778,2224.7776,671.706,422.6163,
2018-05-09,1167.0959,815.6343,1162.14,674.8593,2237.0215,680.352,426.8543,
2018-05-10,1171.3872,818.1551,1165.4661,677.231,2243.5035,680.9695,431.0924,
2018-05-11,1161.415,816.4746,1166.7965,675.7217,2213.9743,681.3812,431.94,
2018-05-14,1150.2198,809.4722,1172.7835,677.6622,2182.2843,680.7637,429.7362,
2018-05-15,1148.1239,807.5115,1175.4444,675.7217,2180.8439,680.352,430.0752,
2018-05-16,1133.6923,803.8703,1177.44,702.6381,2139.791,672.4265,429.3972,
2018-05-17,1134.8256,804.4305,1176.1096,701.1323,2143.3921,675.2056,429.3972,
2018-05-18,1138.4308,813.6736,1178.7705,721.3818,2132.5887,683.9544,434.6523,
2018-05-21,1139.8592,811.4329,1184.0922,744.68,2128.9876,692.2916,434.9914,
2018-05-22,1144.3044,813.9537,1176.7748,734.8085,2130.4281,698.776,437.5342,
2018-05-23,1147.3481,811.993,1173.4487,725.554,2146.273,697.438,436.0085,
2018-05-24,1164.3309,815.6343,1187.4183,733.7803,2192.3675,705.6722,438.8903,
2018-05-25,1156.0278,811.4329,1183.427,737.4821,2177.963,698.2614,433.8047,
2018-05-28,1153.5402,805.2708,1186.7531,735.0142,2186.6057,695.0706,426.6848,
2018-05-29,1169.6611,813.1134,1189.414,763.1891,2215.4147,709.5834,429.5667,
2018-05-30,1169.1861,817.5949,1184.0922,769.3587,2193.0877,717.4059,431.2619,
2018-05-31,1166.0926,818.4352,1182.0966,767.0965,2175.0821,715.7591,431.94,
2018-06-01,1168.6411,820.9561,1176.1096,773.8832,2181.5641,715.2445,432.1095,
2018-06-04,1172.2636,824.0371,1176.1096,754.1402,2190.927,712.8771,431.94,
2018-06-05,1159.033,816.7546,1172.1183,739.5386,2168.6,701.7609,427.5324,
2018-06-06,1157.3423,814.2338,1172.7835,725.7597,2170.0405,700.6287,426.6848,
2018-06-07,1150.6026,815.3542,1175.4444,729.2558,2149.8742,699.5994,425.8372,
2018-06-08,1125.1718,803.03,1167.4617,724.9371,2083.6134,691.4682,421.7687,
2018-06-11,1127.533,803.5902,1166.1313,731.9294,2092.9763,690.8506,420.7516,
2018-06-12,1125.2986,798.2684,1166.1313,728.2275,2095.8572,690.1301,417.3611,
2018-06-13,1125.552,788.7452,1168.127,744.0631,2117.464,685.7042,411.4279,
2018-06-14,1130.7665,792.1064,1172.7835,722.6748,2122.5056,688.2774,412.2755,
2018-06-15,1131.1227,793.2267,1170.7878,721.8522,2113.8629,695.0706,411.0889,
2018-06-19,1127.9403,764.377,1172.7835,688.7416,2199.5697,657.9137,392.4415,
2018-06-20,1129.3668,769.4187,1177.44,694.5,2192.3675,667.486,394.9844,
2018-06-21,1124.2385,768.8585,1175.4444,694.7056,2169.3203,669.4416,398.0357,
2018-06-22,1116.5264,769.1386,1175.4444,696.5565,2137.6303,666.5597,399.9005,
2018-06-25,1123.8242,771.3794,1181.4314,698.2018,2163.5584,666.9714,400.7481,
2018-06-26,1131.6704,770.5391,1184.0922,692.2378,2202.4506,662.6484,403.2909,
2018-06-27,1149.8083,778.3817,1188.0836,691.6208,2251.426,668.2065,405.3251,
2018-06-28,1148.7867,777.8216,1184.7575,686.4794,2246.3844,666.6626,408.207,
2018-06-29,1156.104,780.0623,1188.7488,688.3303,2261.5092,667.486,411.5974,
2018-07-02,1166.7357,783.7035,1187.4183,687.5077,2288.8777,668.7211,412.9536,
2018-07-03,1158.7349,783.7035,1188.0836,686.0681,2260.0687,667.486,412.2755,
2018-07-04,1151.2419,781.4628,1187.4183,676.8136,2244.0205,665.788,407.868,
2018-07-05,1154.0,783.1433,1182.7618,667.1477,2250.0282,667.6391,408.7156,
2018-07-06,1148.2199,786.2244,1183.427,670.4382,2228.6555,666.2438,408.7156,
2018-07-09,1149.1895,786.2244,1185.4227,679.6928,2231.9155,667.6926,405.4947,
2018-07-10,1136.7764,773.6201,1181.4314,679.0758,2205.8319,663.6867,397.8662,
2018-07-11,1134.3333,770.259,1180.0913,677.4305,2212.1765,658.5791,394.4758,
2018-07-12,1129.3582,771.9396,1177.8386,687.919,2198.0773,653.9722,393.7977,
2018-07-13,1118.405,766.0576,1179.6381,691.0038,2177.6333,644.6584,389.8987,
2018-07-16,1119.4123,764.0969,1189.432,693.4717,2176.9283,644.3579,393.7977,
2018-07-17,1126.8405,767.178,1188.7935,686.4794,2203.717,644.4581,393.1196,
2018-07-18,1125.3832,768.8585,1188.7935,685.8624,2195.9624,645.2593,394.4758,
2018-07-19,1130.9176,772.2197,1188.1551,689.5642,2210.0616,647.1621,396.171,
2018-07-20,1132.855,768.5784,1186.2397,686.4794,2225.5708,644.9588,393.6282,
2018-07-23,1133.4078,770.8192,1171.5554,681.955,2223.456,648.6643,394.6453,
2018-07-24,1134.397,771.3794,1174.7476,686.8907,2226.9808,647.2623,396.6043,
2018-07-25,1138.9129,771.3794,1171.5554,693.266,2241.785,647.1621,395.9321,
2018-07-26,1146.6619,779.7822,1172.8323,690.1812,2255.8843,653.171,398.1035,
2018-07-27,1144.2863,782.8633,1168.3631,688.3303,2242.49,652.9707,401.5246,
2018-07-30,1155.1085,787.8176,1177.3014,689.7699,2274.9183,653.6718,401.6901,
2018-07-31,1155.6901,789.4871,1183.6859,705.6054,2275.6233,651.1681,400.8623,
2018-08-01,1145.6711,788.2152,1184.3244,699.0244,2242.49,651.769,403.0148,
2018-08-02,1149.2552,789.5238,1181.7706,694.0887,2253.7694,651.3684,406.3263,
2018-08-03,1141.2407,786.2703,1177.9399,696.7622,2229.8006,652.9707,403.1803,
2018-08-06,1151.9488,792.2351,1195.178,705.6054,2257.9992,654.2727,405.1673,
2018-08-07,1160.5491,796.8443,1193.2627,711.9807,2272.8034,662.8855,406.6575,
2018-08-08,1176.2101,798.1999,1205.3932,709.3072,2318.6261,665.6897,407.9821,
2018-08-09,1177.8042,801.7246,1196.4549,710.7468,2311.5764,666.9916,409.6378,
2018-08-10,1178.5194,799.2844,1196.4549,711.9807,2311.5764,666.9916,411.4592,
2018-08-13,1158.1182,791.964,1208.5855,699.847,2260.1141,659.5806,407.4853,
2018-08-14,1169.4209,794.9464,1207.947,695.3226,2298.1821,660.5821,404.8361,
2018-08-15,1177.0929,797.3865,1207.947,686.4794,2320.741,663.9871,405.664,
2018-08-16,1164.0338,790.8795,1202.201,684.6285,2284.0828,659.4804,403.0148,
2018-08-17,1166.6909,797.3865,1190.7089,679.0758,2272.8034,670.2965,407.4853,
2018-08-20,1161.3307,796.5732,1195.8165,692.0321,2243.8999,677.6074,409.3067,
2018-08-21,1161.3578,797.6577,1193.2627,697.3792,2243.1949,677.2068,409.6378,
2018-08-22,1165.4689,796.302,1202.8394,696.1452,2256.5893,682.2142,410.1346,
2018-08-23,1148.0049,794.9464,1199.0087,687.919,2196.6673,675.7045,408.3132,
2018-08-24,1147.7689,794.4041,1197.7318,694.0887,2205.1269,674.1022,407.1542,
2018-08-27,1125.3325,784.3724,1201.5625,703.7545,2144.5,664.7883,400.6967,
2018-08-28,1131.3589,790.0661,1204.7548,698.4074,2150.1397,666.9916,405.664,
2018-08-29,1128.0675,783.8302,1198.3703,689.3586,2162.1241,660.6822,402.1869,
2018-08-30,1136.9483,785.9992,1202.8394,690.7982,2192.4375,664.8885,405.0017,
2018-08-31,1132.1594,781.9323,1215.6084,686.6851,2186.7978,662.1844,403.0148,
2018-09-03,1140.9561,789.2527,1228.3774,694.0887,2207.9467,667.292,405.1673,
2018-09-04,1141.2852,796.302,1222.6314,682.1606,2199.4872,670.6971,409.8034,
2018-09-05,1139.7478,793.8619,1223.2698,685.8624,2196.6673,670.8974,408.6444,
2018-09-06,1142.6423,796.302,1221.9929,683.3946,2199.4872,673.8017,409.4723,
2018-09-07,1141.4778,796.0309,1221.9929,678.4588,2203.012,672.4998,405.664,
2018-09-10,1154.9903,801.9957,1228.3774,683.8059,2240.3751,677.3069,407.9821,
2018-09-11,1155.0682,800.6401,1224.5467,681.955,2246.7198,675.2038,407.4853,
2018-09-12,1150.0912,798.7422,1215.6084,683.3946,2243.8999,674.7031,404.1738,
2018-09-13,1134.1016,790.0661,1201.5625,682.9833,2184.6829,672.0992,403.3459,
2018-09-14,1137.4531,791.1506,1200.2856,678.6645,2199.4872,673.4011,402.1869,
2018-09-17,1144.2951,793.0485,1202.8394,679.0758,2226.2758,676.706,401.6901,
2018-09-18,1142.8877,789.2527,1203.4779,675.991,2241.08,671.8989,395.3982,
2018-09-19,1136.7961,783.2879,1205.3932,654.8084,2239.6701,664.6882,391.7555,
2018-09-20,1131.5028,779.4921,1208.5855,665.2968,2236.8503,662.2846,387.7817,
2018-09-21,1130.1003,777.3231,1201.5625,663.6516,2252.3595,657.2771,385.1324,
2018-09-25,1152.4026,788.4393,1188.1551,658.7159,2308.0516,662.6852,388.2784,
2018-09-26,1162.2843,796.302,1186.2397,658.7159,2320.741,671.3981,392.0867,
2018-09-27,1165.5503,795.2175,1183.0475,644.3199,2343.2998,667.9931,391.7555,
2018-09-28,1171.2333,793.5908,1179.2168,644.3199,2373.6133,665.9901,388.9407,
2018-10-08,1191.0147,797.3865,1190.0704,641.4408,2431.4203,668.1934,393.2457,
2018-10-09,1205.4071,808.5028,1190.0704,641.2351,2458.2089,681.5132,397.8819,
2018-10-10,1209.799,810.6718,1178.5783,637.5333,2476.538,683.0154,397.8819,
2018-10-11,1196.3853,796.302,1191.9858,628.8957,2465.2586,672.3996,390.5965,
2018-10-12,1190.3177,802.2668,1189.432,642.0577,2425.7806,677.8077,397.2196,
2018-10-15,1189.078,801.9957,1183.6859,641.8521,2420.1409,678.5087,398.0474,
2018-10-16,1185.3085,795.7598,1184.3244,635.4767,2414.5012,675.4041,396.2261,
2018-10-17,1188.56,796.8443,1186.2397,637.9446,2431.4203,677.6074,398.0474,
2018-10-18,1178.3393,784.6435,1192.6242,631.158,2421.5508,670.7972,391.4244,
2018-10-19,1178.2637,782.7457,1197.7318,626.0166,2425.0756,667.1919,392.0867,
2018-10-22,1167.2571,784.1013,1205.3932,629.924,2375.7281,670.9975,395.2326,
2018-10-23,1162.792,779.7632,1202.201,631.3636,2375.7281,665.4894,394.5703,
2018-10-24,1165.0835,772.1717,1204.1163,632.1862,2405.3366,659.4804,389.4374,
2018-10-25,1158.0322,768.647,1207.3086,622.9317,2390.5324,654.8736,386.1259,
2018-10-26,1159.3015,769.1893,1207.3086,619.4356,2394.7622,655.6748,385.9603,
2018-10-29,1152.3937,772.7139,1211.1393,607.9188,2360.9239,658.9797,386.7882,
2018-10-30,1137.9904,765.6646,1219.4391,612.2376,2332.7253,655.9752,383.6422,
2018-10-31,1138.1651,766.2069,1207.3086,612.2376,2331.3154,655.4745,384.9668,
2018-11-01,1126.9606,763.7667,1206.6701,610.3867,2298.1821,654.473,382.3176,
2018-11-02,1092.3223,739.9075,1200.2856,621.6978,2188.9127,642.5553,375.1978,
2018-11-05,1103.3984,750.7526,1205.3932,620.4639,2214.9964,647.8632,377.1847,
2018-11-06,1104.9688,750.4815,1206.0317,615.7338,2226.2758,646.7615,375.0322,
2018-11-07,1108.0759,748.0413,1208.5855,611.415,2254.4744,646.9618,373.2109,
2018-11-08,1095.6544,741.8054,1209.8624,615.5281,2222.046,644.1576,370.0649,
2018-11-09,1090.0799,739.0941,1223.2698,619.0243,2214.9964,640.0515,365.2632,
2018-11-12,1090.3333,740.7209,1226.4621,610.798,2212.1765,639.5508,362.9451,
2018-11-13,1086.807,736.9251,1220.0776,608.7415,2198.7822,638.0486,361.6205,
2018-11-14,1075.4087,726.08,1211.1393,611.0037,2169.8787,629.5359,353.6728,
2018-11-15,1074.1487,730.1469,1200.2856,614.4998,2152.9596,633.0411,354.8318,
2018-11-16,1090.558,738.0096,1205.0826,615.5281,2226.2758,633.4417,355.6597,
2018-11-19,1082.3608,734.2138,1211.006,611.6207,2202.307,630.3371,350.6924,
2018-11-20,1079.9923,732.3159,1202.6206,608.1245,2202.307,634.4432,347.3808,
2018-11-21,1088.9834,736.9251,1204.8723,607.0962,2234.7354,636.2459,344.7316,
2018-11-22,1086.1012,733.6715,1194.4538,601.3379,2223.456,639.7511,346.2218,
2018-11-23,1078.806,731.7736,1196.2923,600.2456,2196.6673,643.5568,349.2022,
2018-11-26,1063.803,735.8406,1198.1309,592.9772,2143.0901,643.5568,348.2087,
2018-11-27,1054.5569,728.5201,1204.2595,592.9126,2140.9752,637.4477,341.7512,
2018-11-28,1061.2978,730.418,1208.5494,595.8144,2154.3695,639.7511,345.0628,
2018-11-29,1063.06,730.6891,1199.9695,597.9939,2158.8499,639.2503,348.7055,
2018-11-30,1065.9497,737.7385,1196.9052,598.5884,2156.7328,644.2578,350.1956,
2018-12-03,1060.6497,729.6046,1171.7782,606.3159,2146.2177,639.6509,348.5399,
2018-12-04,1050.4507,731.6623,1151.554,602.9475,2108.977,641.6431,349.4671,
2018-12-05,1053.7667,729.2881,1154.6182,603.5419,2137.2854,643.6487,349.3059,
2018-12-06,1058.5633,729.0622,1157.0696,601.7586,2135.7127,650.2112,350.2616,
2018-12-07,1049.409,716.2419,1140.5226,600.9661,2131.781,650.0911,346.1663,
2018-12-10,1046.3884,717.0313,1142.974,606.7122,2108.1907,648.4337,349.0986,
2018-12-11,1042.1697,707.2954,1146.6511,609.8825,2110.5497,646.9713,346.938,
2018-12-12,1046.4508,709.6636,1146.0383,610.0806,2123.9176,652.5284,346.938,
2018-12-13,1044.714,707.2954,1148.4897,606.7122,2124.7039,651.456,347.5553,
2018-12-14,1034.2403,704.401,1147.264,609.0899,2093.2501,642.6815,347.5553,
2018-12-17,1034.7476,704.1379,1140.5226,608.8918,2085.3867,646.0938,346.3207,
2018-12-18,1040.5852,710.1899,1133.7812,603.1456,2097.9682,645.2164,349.716,
2018-12-19,1047.5203,715.7156,1146.6511,600.7679,2102.6862,648.5312,354.3459,
2018-12-20,1044.3389,715.7156,1146.0383,604.1363,2094.0365,638.2943,354.6546,
2018-12-21,1040.3996,715.9787,1141.7483,601.7586,2083.0276,635.9544,354.9632,
2018-12-24,1033.0895,718.61,1122.1369,596.2107,2062.5827,634.5895,351.5679,
2018-12-25,1028.0431,710.7161,1131.9426,582.5388,2068.8734,629.6173,345.7033,
2018-12-26,1029.2265,711.7686,1136.8454,585.3128,2071.2324,629.8123,347.0923,
2018-12-27,1027.5936,708.8742,1134.394,588.285,2064.1553,627.4724,347.5553,
2018-12-28,1028.0758,707.2954,1145.4254,589.672,2064.1553,627.3749,345.8577,
2019-01-02,1041.5916,717.8207,1140.5226,590.0682,2080.6686,633.0296,354.8089,
2019-01-03,1049.8757,726.504,1146.0383,589.0775,2092.4638,636.0519,357.2782,
2019-01-04,1057.1802,728.8721,1141.7483,592.6441,2121.5585,637.6118,357.5869,
2019-01-07,1057.3886,728.3459,1135.6197,596.4088,2120.7722,637.8068,357.5869,
2019-01-08,1060.103,736.5029,1126.4269,596.6069,2105.0453,639.2692,360.0562,
2019-01-09,1059.9544,736.5029,1129.4912,600.1735,2102.6862,637.1243,361.1365,
2019-01-10,1057.8766,734.9241,1124.5883,600.7679,2099.5409,636.0519,357.2782,
2019-01-11,1048.6293,732.556,1119.0727,599.9754,2066.5144,631.6647,357.5869,
2019-01-14,1038.758,734.1348,1109.8798,600.1735,2017.761,627.4724,358.2042,
2019-01-15,1039.7215,732.2928,1109.267,599.5791,2026.4108,629.7148,356.3522,
2019-01-16,1029.822,730.7141,1119.0727,596.6069,1993.3843,631.2747,356.1979,
2019-01-17,1026.4077,724.1358,1115.3955,606.3159,1995.7433,629.4223,353.2656,
2019-01-18,1038.7089,734.1348,1117.8469,605.5233,2013.0429,634.3945,360.9822,
2019-01-21,1052.7496,747.0282,1123.3626,609.4862,2032.7015,642.974,366.6925,
2019-01-22,1054.2866,746.765,1128.8783,600.3716,2028.7698,648.8236,364.6861,
2019-01-23,1055.8059,746.5019,1127.0398,599.9754,2032.7015,647.7512,366.3838,
2019-01-24,1059.1446,748.6069,1125.2012,601.7586,2043.7104,647.5562,368.8531,
2019-01-25,1056.7169,748.8701,1141.7483,604.5326,2033.4879,647.3612,368.6988,
2019-01-28,1066.4563,761.7635,1136.2326,604.5326,2030.3425,656.9157,373.7917,
2019-01-29,1062.1563,761.7635,1138.0712,604.9289,2013.0429,656.8182,372.0941,
2019-01-30,1058.9034,758.0797,1142.974,606.9103,2006.7522,656.7207,370.5508,
2019-01-31,1061.9223,754.1327,1141.7483,606.7122,2035.8469,653.1134,368.6988,
2019-02-01,1061.7739,753.3433,1147.8768,604.3345,2033.4879,652.2359,368.8531,
2019-02-11,1065.0397,755.9746,1142.974,602.3531,2046.0694,649.9936,368.2358,
2019-02-12,1065.3597,750.9751,1140.5226,602.1549,2057.0782,650.676,367.6184,
2019-02-13,1066.7805,751.5014,1133.1683,594.2292,2060.2236,651.066,368.6988,
2019-02-14,1064.6856,751.5014,1122.7498,595.8144,2048.4284,653.1134,368.6988,
2019-02-15,1057.1872,747.2913,1125.2012,594.6255,2029.5562,649.3111,367.9271,
2019-02-18,1060.4758,754.659,1112.9441,596.8051,2024.0518,652.8209,368.8531,
2019-02-19,1068.3767,760.9741,1117.2341,608.0992,2025.6244,660.9129,373.1744,
2019-02-20,1051.3761,751.5014,1106.8156,609.8825,1990.2389,654.2833,365.6121,
2019-02-21,1048.5128,748.8701,1108.6541,606.3159,1993.3843,651.5535,363.2972,
2019-02-22,1050.1897,751.7645,1109.8798,618.6007,2002.0341,651.1635,363.6058,
2019-02-25,1045.4608,754.1327,1093.3328,608.6936,1983.1618,651.066,360.2105,
2019-02-26,1036.3272,742.5549,1097.6227,603.1456,1985.5209,642.8765,352.6483,
2019-02-27,1028.36,744.1337,1100.0742,601.5605,1950.1353,642.974,352.0309,
2019-02-28,1031.519,746.5019,1116.0084,602.5512,1954.8534,646.4838,351.8766,
2019-03-01,1051.0327,757.8165,1115.3955,607.9011,1975.2984,661.5954,356.5066,
2019-03-04,1051.3188,762.0266,1111.7184,607.9011,1945.4173,670.3699,359.7475,
2019-03-05,1052.8101,760.4478,1117.8469,604.3345,1953.2807,673.2947,357.5869,
2019-03-06,1066.5893,762.816,1114.7827,605.7215,1971.3666,691.5261,356.3522,
2019-03-07,1062.6847,752.2908,1122.1369,610.8732,1985.5209,687.2363,353.5743,
2019-03-08,1069.1579,753.0802,1120.2984,603.5419,1983.1618,701.4705,354.1916,
2019-03-11,1070.0954,753.0802,1124.5883,600.1735,1984.7345,705.4678,353.7286,
2019-03-12,1055.6795,746.765,1130.104,601.5605,1973.7257,683.0441,353.8829,
2019-03-13,1050.4619,741.2393,1120.9112,606.1178,1992.598,673.0997,348.1726,
2019-03-14,1050.0393,736.2398,1126.4269,603.9382,2017.761,666.8601,345.2403,
2019-03-15,1046.4381,727.8196,1131.9426,602.1549,2017.761,667.9325,343.234,
2019-03-18,1050.4351,732.2928,1137.4583,604.9289,2005.1795,676.902,344.3143,
2019-03-19,1047.6754,726.7671,1133.7812,604.1363,1996.5297,680.5092,342.4624,
2019-03-20,1047.9402,731.2403,1122.1369,608.0992,1994.1706,679.0468,346.1663,
2019-03-21,1049.1932,730.1878,1117.8469,607.1085,1997.316,679.5343,346.6293,
2019-03-22,1053.091,723.3464,1112.9441,608.0992,2009.8975,688.9912,344.623,
2019-03-25,1046.4743,715.7156,1112.9441,603.5419,2009.1112,688.6988,341.5364,
2019-03-26,1048.3128,716.2419,1116.6212,603.3438,2010.6839,689.6737,341.9994,
2019-03-27,1055.309,720.9782,1112.3313,600.5698,2009.8975,699.4231,342.4624,
2019-03-28,1034.5679,713.0843,1106.8317,596.2107,1969.0076,679.8268,337.8324,
2019-03-29,1030.3106,707.2954,1114.2689,595.6162,1957.2124,676.9995,333.5111,
2019-04-01,1032.8071,709.1373,1113.9064,598.1921,1961.9305,676.4145,335.3631,
2019-04-02,1044.4095,711.1278,1118.748,599.6092,1998.4606,679.4931,338.326,
2019-04-03,1051.838,715.4467,1122.3724,601.448,1998.9325,686.1731,341.1553,
2019-04-04,1053.7829,715.8675,1139.2865,600.749,2002.1199,686.1522,343.0767,
2019-04-08,1055.4194,716.2242,1135.058,605.038,2000.5919,689.165,342.7822,
2019-04-09,1055.5147,720.0597,1127.8091,606.9594,1986.9463,688.8738,345.9844,
2019-04-10,1054.7313,717.247,1133.2458,609.4571,1986.9463,688.6796,341.4722,
2019-04-11,1053.3483,715.7128,1136.2661,610.8021,1992.2529,688.4855,340.0167,
2019-04-12,1049.8335,716.2242,1145.9314,611.1864,1971.7846,688.5826,342.2,
2019-04-15,1051.7108,713.1557,1153.1803,619.4482,1995.2853,683.5352,339.7256,
2019-04-16,1048.7895,709.5759,1154.9925,611.3785,1997.5595,682.7586,337.9789,
2019-04-17,1047.9217,711.8772,1150.1599,610.61,1981.6397,684.3117,339.8711,
2019-04-18,1040.8222,702.4162,1144.7232,607.1515,1977.0912,678.876,334.0489,
2019-04-19,1043.8166,704.4618,1152.5762,608.8807,1979.3654,678.5848,335.9411,
2019-04-22,1044.1451,704.9732,1159.8251,610.2257,1979.3654,679.0701,335.9411,
2019-04-23,1045.1353,703.6947,1159.221,609.6493,1980.1235,677.7112,335.0678,
2019-04-24,1037.3203,697.3022,1156.2006,604.8459,1972.5427,666.0634,332.5934,
2019-04-25,1030.6543,696.2793,1156.2006,601.1953,1946.0096,664.1221,333.1756,
2019-04-26,1022.1427,685.2841,1148.9517,600.4267,1940.703,660.9189,327.79,
2019-04-29,1025.2699,685.0284,1158.0129,595.8154,1945.2515,661.3072,327.4989,
2019-04-30,1027.001,687.074,1157.4088,599.466,1947.5258,662.1808,327.2078,
2019-05-06,1024.624,683.4942,1161.6373,588.5143,1959.6552,661.7925,319.0567,
2019-05-07,1033.6008,691.1653,1164.6577,598.5054,1971.0265,667.9076,322.2589,
2019-05-08,1033.8683,688.6082,1159.8251,592.5491,1977.0912,667.8106,321.0945,
2019-05-09,1052.9313,693.4666,1165.2618,581.4052,2039.2543,680.0408,322.5501,
2019-05-10,1045.3811,687.8411,1162.8455,584.4794,2014.9955,679.5555,321.0945,
2019-05-13,1044.4342,687.8411,1177.3433,559.5016,2015.7536,680.0408,318.9112,
2019-05-14,1045.3257,687.074,1176.1351,531.0654,2021.8183,679.5555,318.329,
2019-05-15,1054.9177,692.9552,1183.9881,538.5588,2043.0448,682.1762,323.1323,
2019-05-16,1065.9376,698.5807,1194.8615,548.5499,2066.5455,685.0882,325.8978,
2019-05-17,1065.0651,699.3478,1205.7348,541.2487,2061.2388,682.9528,326.0434,
2019-05-20,1068.8333,698.5807,1212.9837,532.9868,2078.6748,683.7293,325.7523,
2019-05-21,1080.2279,701.1377,1205.1308,534.716,2112.0307,686.253,326.48,
2019-05-22,1070.836,690.6539,1199.6941,517.2316,2103.6917,682.7586,320.949,
2019-05-23,1066.5547,684.0056,1197.2778,514.1574,2100.6594,677.7112,317.7467,
2019-05-24,1067.7407,684.7727,1199.09,518.9608,2099.9013,680.9144,317.8923,
2019-05-27,1081.0337,688.3525,1212.3797,519.9215,2143.1122,687.806,320.0756,
2019-05-28,1088.2743,690.3982,1204.5267,524.3406,2173.4357,685.4765,320.3667,
2019-05-29,1118.4125,709.8316,1210.5674,524.9171,2239.3893,693.5329,328.2267,
2019-05-30,1097.7559,700.1149,1199.6941,517.2316,2199.9688,687.806,324.7334,
2019-05-31,1102.0972,700.882,1190.6329,518.5765,2215.8886,685.5735,325.3156,
2019-06-03,1101.1705,689.1197,1185.8003,498.2101,2243.1797,683.4381,318.6201,
2019-06-04,1109.2091,697.3022,1192.4452,506.2798,2260.6158,688.5826,321.6767,
2019-06-05,1101.7763,697.3022,1186.4044,505.127,2239.3893,685.1853,321.6767,
2019-06-06,1086.6637,695.5122,1180.9677,497.0573,2178.7423,688.0972,319.4934,
2019-06-10,1086.0792,698.0693,1187.6126,500.5157,2171.1615,687.4178,320.0756,
2019-06-11,1085.62,698.8364,1185.8003,509.5461,2174.1938,688.1943,319.9301,
2019-06-12,1079.9114,691.421,1182.1759,515.5024,2170.4034,685.2823,316.1456,
2019-06-13,1096.2144,698.0693,1185.8003,517.0395,2211.3401,689.6503,318.0379,
2019-06-14,1095.8479,699.8592,1176.1351,515.8866,2205.2754,688.3884,319.3478,
2019-06-17,1108.3431,704.9732,1179.7596,516.6552,2253.793,688.3884,318.1834,
2019-06-18,1101.0414,703.9504,1177.3433,514.1574,2228.018,687.9031,318.4745,
2019-06-19,1084.7468,695.0008,1173.7188,530.8733,2186.3232,673.3433,317.7467,
2019-06-20,1081.9678,694.4894,1170.0944,533.3711,2177.9843,670.1401,316.5823,
2019-06-21,1083.5863,692.6995,1179.7596,523.7642,2183.2909,667.8106,315.8545,
2019-06-24,1088.3355,688.6082,1179.1555,521.6507,2207.5497,668.1017,313.3801,
2019-06-25,1091.5365,690.6539,1177.3433,524.3406,2203.0011,669.946,312.9434,
2019-06-26,1083.1259,686.8183,1171.9066,530.489,2188.5975,667.9076,309.7412,
2019-06-27,1085.5469,692.9552,1171.9066,528.9519,2183.2909,672.5668,312.3612,
2019-06-28,1087.8339,689.3754,1176.7392,527.9912,2196.1783,670.7225,311.9245,
2019-07-01,1079.8966,695.2565,1169.4903,541.6329,2171.9196,664.6074,313.2345,
2019-07-02,1070.2932,694.2337,1168.2822,536.8295,2139.3218,663.5397,310.1779,
2019-07-03,1066.9414,691.6767,1171.3025,529.3362,2136.2895,665.0927,307.849,
2019-07-04,1066.739,693.978,1168.2822,527.9912,2125.6762,671.402,309.0134,
2019-07-05,1064.7186,694.2337,1168.2822,533.7553,2125.6762,667.5194,308.8679,
2019-07-08,1061.9483,697.5579,1167.6781,526.8384,2101.4175,668.49,308.4312,
2019-07-09,1053.4441,691.421,1160.4292,508.3933,2091.5623,663.3455,303.919,
2019-07-10,1059.9683,695.7679,1154.3884,504.3584,2106.7241,663.5397,304.9379,
2019-07-11,1061.1425,695.5122,1156.2006,504.5506,2114.3049,664.8015,305.5201,
2019-07-12,1060.9359,690.3982,1158.6169,503.3978,2128.7086,661.5013,304.2101,
2019-07-15,1078.863,699.0921,1164.6577,502.6292,2168.8872,674.0227,308.2857,
2019-07-16,1066.5462,695.5122,1164.0536,502.4371,2132.499,672.3726,307.1212,
2019-07-17,1067.0848,693.7223,1162.8455,501.8607,2143.8703,673.7315,305.5201,
2019-07-18,1067.6679,692.9552,1168.2822,500.7079,2146.9027,676.2552,305.3746,
2019-07-19,1066.7377,690.6539,1159.8251,498.4022,2152.9674,672.5668,304.9379,
2019-07-22,1063.049,694.4894,1156.8047,508.3933,2120.3696,672.7609,306.6846,
2019-07-23,1067.6294,697.0464,1158.6169,502.6292,2133.2571,674.5081,309.0134,
2019-07-24,1068.0905,702.1605,1164.0536,509.354,2121.8858,675.9641,312.9434,
2019-07-25,1072.4927,706.5075,1164.0536,509.354,2130.2248,673.3433,313.3801,
2019-07-26,1068.2923,707.0189,1162.2414,514.1574,2110.5145,671.6932,315.2723,
2019-07-29,1072.4787,712.6443,1165.8658,503.3978,2099.9013,678.3907,317.1645,
2019-07-30,1076.1624,712.3886,1162.2414,505.3191,2114.3049,675.9641,317.3101,
2019-07-31,1076.8303,710.0873,1165.8658,503.5899,2121.8858,672.955,317.1645,
2019-08-01,1069.1388,705.4846,1167.6781,501.2843,2102.1755,674.411,315.709,
2019-08-02,1077.3731,710.4699,1163.4717,487.0742,2135.0496,675.2064,318.4025,
2019-08-05,1098.7091,726.0806,1162.2572,469.6212,2171.8466,680.6081,323.6452,
2019-08-06,1102.3274,729.6076,1160.0115,470.9532,2167.0072,682.6151,324.785,
2019-08-07,1108.0666,731.7143,1155.418,468.6683,2180.7736,682.6718,324.839,
2019-08-08,1114.9073,741.4075,1134.25,468.4848,2173.2094,688.7353,327.0841,
2019-08-09,1137.7055,764.2736,1133.074,466.8333,2192.8764,697.4936,335.6436,
2019-08-12,1139.9003,765.5163,1129.546,469.2188,2181.53,701.151,338.871,
2019-08-13,1154.0695,771.2328,1125.43,467.0168,2223.8898,710.1981,341.1161,
2019-08-14,1138.3748,763.5279,1125.43,474.1734,2185.3122,702.6909,338.1694,
2019-08-15,1134.9724,762.2852,1124.254,470.8704,2168.6708,703.3646,335.363,
2019-08-16,1136.8802,768.2503,1120.726,471.2374,2164.1322,705.0008,334.5211,
2019-08-19,1136.1954,764.2736,1107.2021,471.9714,2176.2351,705.3858,331.7147,
2019-08-20,1142.6286,768.4988,1108.9661,471.2374,2183.7993,709.8131,334.3807,
2019-08-21,1140.297,764.2736,1120.138,465.5488,2192.12,708.0807,331.7147,
2019-08-22,1152.641,769.7416,1121.902,471.6044,2219.3513,717.8978,339.7129,
2019-08-23,1155.8672,768.7474,1128.958,467.2003,2237.5055,716.6466,342.2386,
2019-08-26,1167.8322,778.1921,1127.194,450.1345,2251.8776,726.2711,349.9562,
2019-08-27,1147.0542,761.5396,1117.198,453.8045,2220.1077,714.6254,341.2564,
2019-08-28,1153.3241,761.0425,1115.434,458.7591,2236.7491,721.4589,343.6418,
2019-08-29,1157.2146,761.7881,1108.3781,455.6396,2259.4418,718.1865,340.4145,
2019-08-30,1142.9923,752.592,1100.1461,459.4931,2220.1077,717.609,334.942,
2019-09-02,1154.6439,756.8173,1100.7341,456.3736,2249.6083,719.5339,341.6773,
2019-09-03,1153.997,752.0949,1103.0861,459.4931,2265.4932,713.9517,339.4322,
2019-09-04,1157.9059,766.759,1106.0261,462.7962,2248.8519,719.7264,340.6951,
2019-09-05,1144.565,760.0483,1102.4981,464.9983,2214.8127,715.6841,334.5211,
2019-09-06,1131.2709,755.0774,1108.3781,474.3569,2182.2865,709.3319,336.3452,
2019-09-09,1126.1197,752.8405,1108.3781,473.0724,2156.568,707.7919,339.4322,
2019-09-10,1127.6206,753.8347,1105.4381,474.9075,2168.6708,710.1018,336.4855,
2019-09-11,1123.1503,753.8347,1101.9101,476.192,2148.2473,707.5032,340.1338,
2019-09-12,1122.3479,752.3435,1100.7341,476.0085,2161.863,706.0595,335.6436,
2019-09-16,1127.5272,759.7998,1098.9701,479.6785,2152.0294,708.4657,342.6596,
2019-09-17,1138.2126,772.7241,1097.7941,479.6785,2162.6194,708.9469,351.9206,
2019-09-18,1129.3408,762.7823,1101.3221,473.9899,2165.6451,706.7332,342.9402,
2019-09-19,1125.4766,753.8347,1096.0301,473.0724,2164.8887,705.867,338.1694,
2019-09-20,1121.1956,749.858,1088.3861,475.2745,2165.6451,704.1346,336.0646,
2019-09-23,1124.8147,754.0833,1090.7381,471.6044,2164.8887,710.3906,337.7484,
2019-09-24,1112.5073,743.893,1090.1501,462.9797,2152.0294,696.6274,331.1534,
2019-09-25,1118.0641,747.3726,1087.7981,461.6952,2178.5043,696.3387,331.1534,
2019-09-26,1114.7213,747.6211,1081.9181,457.1076,2163.3758,697.7824,331.5744,
2019-09-27,1102.8369,733.2056,1076.0381,445.3634,2155.0551,686.8104,328.4873,
2019-09-30,1103.3083,728.7318,1071.9221,440.9593,2178.5043,684.9817,327.2245,
2019-10-08,1115.3874,737.9279,1072.5101,446.8314,2201.1971,689.1203,330.8728,
2019-10-09,1130.8545,745.3842,1076.0381,452.153,2238.2619,698.7448,336.2049,
2019-10-10,1131.2153,744.39,1080.7421,454.1715,2236.7491,701.8247,336.2049,
2019-10-11,1142.8797,751.1007,1086.0341,454.355,2260.9547,704.4233,338.5903,
2019-10-14,1125.8158,734.9454,1080.1541,467.7508,2245.8262,693.0663,328.4873,
2019-10-15,1126.1177,736.4366,1082.5061,461.1447,2248.8519,690.179,328.4873,
2019-10-16,1132.7318,745.6328,1085.4461,461.8787,2246.5826,693.9325,337.4678,
2019-10-17,1133.6404,749.6095,1086.6221,464.8148,2245.0697,694.0288,336.7662,
2019-10-18,1136.4023,749.858,1093.0901,465.5488,2258.6854,691.6226,337.3274,
2019-10-21,1154.9185,754.8289,1086.0341,464.6312,2328.2765,694.6063,342.2386,
2019-10-22,1149.0295,750.8522,1090.7381,467.3838,2313.9044,691.4302,339.9935,
2019-10-23,1151.0019,756.0716,1079.5661,467.7508,2308.6094,694.7025,345.1853,
2019-10-24,1151.4166,762.5338,1074.8621,467.2003,2304.8273,697.3011,349.3949,
2019-10-25,1156.2818,768.7474,1074.8621,468.8518,2304.0709,700.381,355.5689,
2019-10-28,1149.4029,774.961,1085.4461,466.6498,2255.6597,704.0384,361.322,
2019-10-29,1148.3824,770.7357,1096.0301,478.027,2260.1982,704.1346,359.2172,
2019-10-30,1156.1569,777.4464,1098.3821,478.9445,2260.9547,712.2193,366.2332,
2019-10-31,1147.7827,774.2154,1101.3221,483.3486,2235.9926,711.5455,365.9526,
2019-11-01,1152.8582,778.9377,1109.5541,480.2291,2245.0697,718.764,366.3735,
2019-11-04,1159.1365,787.3882,1103.0861,476.3755,2245.8262,721.7476,371.846,
2019-11-05,1165.4023,792.6076,1101.9101,481.3301,2240.7887,727.9073,379.1426,
2019-11-06,1152.6838,789.128,1090.1501,479.3115,2209.8428,716.4541,377.5991,
2019-11-07,1150.2495,788.1338,1084.8581,474.1734,2215.4864,714.6254,372.6879,
2019-11-08,1154.5452,793.8503,1096.6181,476.0085,2218.9422,717.609,374.512,
2019-11-11,1165.1462,805.7805,1090.7381,470.3199,2183.7333,726.4636,388.8246,
2019-11-12,1161.2337,803.295,1080.7421,470.1364,2179.0388,724.9237,387.5617,
2019-11-13,1154.9386,793.3533,1082.5061,478.027,2180.6036,721.2664,383.9134,
2019-11-14,1149.4593,788.8795,1081.9181,476.559,2171.2146,720.1114,381.528,
2019-11-15,1141.5047,777.1979,1082.5061,477.8435,2163.3904,718.9565,376.8975,
2019-11-18,1148.8958,780.926,1093.0901,477.66,2172.7794,725.4049,378.1603,
2019-11-19,1149.9929,780.1804,1090.1501,471.0539,2168.0849,724.5387,381.528,
2019-11-20,1163.8493,791.6134,1085.4461,473.9899,2163.3904,729.8322,394.718,
2019-11-21,1158.6883,790.1222,1088.9741,464.4477,2158.6959,727.7148,389.6665,
2019-11-22,1154.3979,787.8853,1086.0341,467.3838,2146.9596,728.581,390.3681,
2019-11-25,1163.6208,788.5309,1082.5061,468.3013,2156.3486,726.8486,400.3308,
2019-11-26,1144.424,774.6305,1081.3301,471.7879,2160.2607,723.7688,383.2118,
2019-11-27,1138.7582,771.258,1079.5661,470.8704,2150.0893,728.3886,381.6683,
2019-11-28,1138.8918,770.8619,1072.5101,467.3738,2154.7838,729.9285,378.8619,
2019-11-29,1155.5689,780.7861,1075.8982,468.3487,2166.5201,738.3019,391.6639,
2019-12-02,1141.7672,769.6214,1071.3914,462.8253,2146.1772,731.3722,387.8889,
2019-12-03,1147.0748,773.5911,1075.3107,459.6549,2154.0014,731.9329,390.1257,
2019-12-04,1146.7071,774.0873,1074.1693,457.3557,2143.8299,731.2126,391.0948,
2019-12-05,1154.3328,780.7861,1073.0362,460.8929,2155.5662,731.1595,394.6477,
2019-12-06,1159.8128,784.5077,1078.7017,469.3821,2150.8717,727.4467,398.6106,
2019-12-09,1171.7351,791.2065,1073.6028,467.6135,2171.997,732.0877,404.4866,
2019-12-10,1169.1317,791.2065,1079.2682,466.7292,2168.8673,727.0517,403.6667,
2019-12-11,1164.1776,784.5077,1078.1351,467.4367,2177.474,725.3731,399.2938,
2019-12-12,1166.2881,792.199,1078.7017,471.5044,2162.608,728.8291,402.7101,
2019-12-13,1168.5589,801.875,1072.4697,472.9193,2144.6123,734.3588,404.6232,
2019-12-16,1172.2016,803.6118,1073.0362,471.8581,2157.9135,726.3605,405.1698,
2019-12-17,1182.1106,817.0094,1068.5038,473.273,2154.7838,732.0877,407.7662,
2019-12-18,1177.0546,812.7917,1071.3366,470.797,2161.8256,734.655,402.4368,
2019-12-19,1177.3937,813.536,1066.2377,473.6267,2144.6123,747.2942,405.0332,
2019-12-20,1188.2449,821.4753,1067.9373,473.9804,2141.4827,746.208,413.5055,
2019-12-23,1186.3526,816.017,1073.6028,471.8581,2153.2189,746.7018,412.4123,
2019-12-24,1187.0441,815.7689,1077.5686,473.273,2153.2189,748.1829,413.2322,
2019-12-25,1183.8413,814.7765,1080.4013,470.9738,2145.3948,747.0967,413.5055,
2019-12-26,1190.1541,819.4905,1084.9337,474.511,2140.7002,755.3912,416.5119,
2019-12-27,1215.9518,839.587,1083.8006,482.6465,2139.9178,765.0681,430.5869,
2019-12-30,1221.0573,839.0908,1084.9337,495.3803,2171.2146,762.1058,431.2702,
2019-12-31,1225.4578,844.5491,1082.1009,494.496,2168.8673,762.3033,434.6864,
2020-01-02,1223.6709,843.5567,1086.6333,494.3191,2168.0849,762.3033,434.0032,
2020-01-03,1220.4383,845.0453,1086.6333,495.734,2160.2607,764.1794,431.4068,
2020-01-06,1217.6005,846.782,1083.8006,497.6794,2143.0475,764.2782,432.3634,
2020-01-07,1223.2913,854.2252,1091.1656,502.8083,2146.1772,767.833,434.4131,
2020-01-08,1212.9616,849.5112,1086.6333,501.0397,2133.6585,762.5008,431.5435,
2020-01-09,1221.0953,859.1873,1088.3329,504.4001,2125.0518,772.8689,436.3262,
2020-01-10,1221.5071,860.6759,1082.6675,505.2843,2085.9309,774.2513,442.0656,
2020-01-13,1207.6922,852.4884,1086.6333,510.4132,2077.3242,779.4847,436.1896,
2020-01-14,1187.2518,838.3465,1087.1998,500.8629,2080.4539,771.8815,425.1209,
2020-01-15,1183.3595,827.4298,1090.0326,492.7274,2107.0562,765.5619,421.158,
2020-01-16,1172.5493,817.0094,1102.4965,495.9109,2103.9265,764.6732,417.0585,
2020-01-17,1172.5933,818.25,1103.0631,496.2646,2098.4496,765.9568,418.5616,
2020-01-20,1172.167,821.9715,1101.3635,495.0266,2097.6672,765.5619,416.9218,
2020-01-21,1156.8355,799.1459,1092.2987,487.9522,2120.3573,751.1452,404.4866,
2020-01-22,1164.5597,810.0625,1090.0326,484.7688,2095.3199,753.7126,414.5987,
2020-01-23,1152.672,798.8978,1083.234,475.3953,2065.5879,749.1704,416.3752,
2020-02-03,1096.5199,749.2768,1091.1656,444.4451,2018.6428,701.872,387.8152,
2020-02-04,1110.0033,750.5173,1101.3635,446.3905,2072.6297,717.2761,386.0387,
2020-02-05,1120.8216,763.915,1088.3329,458.0632,2061.6758,728.3354,394.2378,
2020-02-06,1138.1263,775.3278,1095.698,464.0764,2063.2407,751.7377,402.1635,
2020-02-07,1142.875,773.5911,1097.9642,464.6069,2060.8934,763.192,403.8033,
2020-02-10,1137.4471,765.8998,1091.1656,462.4846,2078.1067,760.7234,395.8776,
2020-02-11,1132.0265,756.2237,1089.466,464.2532,2078.8891,762.5008,388.7717,
2020-02-12,1119.4236,749.773,1089.466,462.3078,2066.3704,750.849,382.0758,
2020-02-13,1124.5401,741.0893,1091.1656,461.4235,2100.0144,753.4163,381.1193,
2020-02-14,1115.7937,732.4057,1087.1998,460.8929,2087.4957,750.849,376.3365,
2020-02-17,1128.9903,739.6007,1091.7322,477.8713,2097.6672,764.7719,382.7591,
2020-02-18,1117.3215,727.4436,1080.4013,466.1987,2078.1067,765.0681,376.6098,
2020-02-19,1114.0232,727.9398,1082.1009,469.0284,2081.2363,755.1937,371.9637,
2020-02-20,1114.6909,738.1121,1079.2682,471.3275,2084.366,741.5671,376.0632,
2020-02-21,1113.7009,737.1197,1083.234,469.2052,2082.0188,742.4558,375.1066,
2020-02-24,1099.6565,731.4133,1083.8006,457.5326,2049.1571,742.1595,369.2307,
2020-02-25,1097.7523,722.7296,1084.9337,460.3623,2062.4583,741.8633,363.218,
2020-02-26,1093.1125,719.2561,1083.8006,452.9343,2064.0231,740.7771,357.8886,
2020-02-27,1095.2917,719.008,1091.7322,446.5674,2070.2825,744.5294,354.609,
2020-02-28,1065.0296,690.4759,1088.8995,430.827,2046.8099,722.312,338.0743,
2020-03-02,1095.51,704.3698,1100.7969,438.255,2126.3638,731.1002,343.9502,
2020-03-03,1094.3366,702.8812,1099.6638,442.8533,2132.7464,724.2869,339.5774,
2020-03-04,1098.9326,710.3243,1097.9642,441.7922,2125.3273,724.5831,345.1801,
2020-03-05,1107.0644,716.527,1100.7969,451.6963,2129.9326,725.3731,355.2923,
2020-03-06,1095.8636,704.3698,1096.2646,445.6831,2118.4732,724.8793,348.8697,
2020-03-09,1065.2776,678.0707,1095.1315,430.6501,2084.0948,693.8737,332.3349,
2020-03-10,1072.892,679.0631,1103.0631,440.3773,2104.7218,701.1808,334.658,
2020-03-11,1065.4734,672.6124,1107.5955,435.9559,2087.9146,705.0318,331.2417,
2020-03-12,1049.7571,655.245,1106.4624,429.7658,2078.747,684.5918,321.9495,
2020-03-13,1057.1068,654.9969,1106.6828,416.5015,2107.0137,678.8647,319.4897,
2020-03-16,1051.0992,650.5311,1101.8802,404.4751,2100.138,675.2111,314.4337,
2020-03-17,1057.3453,649.2905,1099.8778,408.8965,2116.1813,672.6438,321.6762,
2020-03-18,1054.1384,649.2905,1095.104,407.8354,2103.1939,659.0171,319.2164,
2020-03-19,1055.316,663.6806,1094.0018,392.4487,2087.1506,664.448,319.0798,
2020-03-20,1075.9879,669.6351,1102.8199,388.7347,2152.0876,669.6815,318.2599,
2020-03-23,1097.4935,671.5644,1111.6381,373.8786,2226.9561,669.089,312.6572,
2020-03-24,1103.651,679.9991,1109.4335,366.4505,2230.7759,677.0873,326.3223,
2020-03-25,1122.9735,693.2727,1116.5983,378.3,2265.1543,679.3584,335.6145,
2020-03-26,1096.7268,674.4964,1112.1892,376.5315,2209.3849,663.4606,323.5893,
2020-03-27,1110.7979,673.7627,1121.0074,379.1843,2236.8877,676.2973,331.1051,
2020-03-30,1124.5964,679.6321,1127.621,368.2191,2253.6949,687.4554,340.9439,
2020-03-31,1113.8123,668.6269,1128.7232,372.8174,2246.0552,668.7928,334.0476,
2020-04-01,1090.2668,665.9368,1122.6608,366.2737,2186.466,666.5217,332.2091,
2020-04-02,1089.8932,672.0508,1119.354,371.0095,2175.7705,666.5239,335.8969,
2020-04-03,1074.7448,667.4041,1120.4562,370.5248,2142.92,665.0942,328.4036,
2020-04-07,1082.0316,678.4093,1118.8028,381.146,2144.448,675.1082,333.9005,
2020-04-08,1090.8186,684.7679,1127.0698,392.095,2155.1435,678.7523,341.2297,
2020-04-09,1097.5664,693.572,1125.9676,392.4358,2155.9074,690.0986,344.8943,
2020-04-10,1090.0237,682.3223,1125.9676,393.1174,2158.9633,684.0202,334.8871,
2020-04-13,1082.7537,680.3658,1126.5187,386.4717,2142.1561,680.1706,330.6588,
2020-04-14,1079.5603,671.5616,1130.3766,389.0277,2145.2119,677.0301,329.6721,
2020-04-15,1085.9084,675.4746,1140.8482,387.8349,2147.5038,676.4223,331.3635,
2020-04-16,1069.0388,675.7192,1138.0925,385.4493,2108.5416,669.1282,323.0477,
2020-04-17,1078.3357,679.6321,1138.0925,388.5165,2116.9452,676.8275,330.3769,
2020-04-20,1066.1181,669.6052,1135.3369,392.6062,2089.4425,674.3961,329.3902,
2020-04-21,1051.2563,652.9751,1136.9903,380.5076,2086.3867,658.3897,314.1681,
2020-04-22,1058.9872,658.6,1140.2971,384.9381,2110.0696,665.9877,310.7854,
2020-04-23,1068.434,674.2518,1145.2573,398.5702,2120.0011,672.4713,315.2957,
2020-04-24,1058.2474,665.6922,1145.8084,390.5613,2108.5416,668.9256,307.2618,
2020-04-27,1058.1037,654.4424,1156.28,390.7317,2124.5849,669.4321,304.7247,
2020-04-28,1046.4261,654.4424,1155.1777,388.5165,2085.6227,674.1935,304.7247,
2020-04-29,1044.6696,653.4642,1154.0754,390.2205,2077.2191,674.1935,306.2751,
2020-04-30,1050.8292,657.6217,1143.0527,397.0366,2084.8587,672.5726,314.45,
2020-05-06,1049.6332,649.7958,1149.6663,386.3013,2107.0137,671.4583,305.9933,
2020-05-07,1049.3713,654.9316,1141.3993,393.2878,2098.6101,675.6118,305.9933,
2020-05-08,1051.6188,656.6435,1135.888,397.207,2100.902,676.5236,308.5303,
2020-05-11,1049.7269,655.9098,1127.0698,396.0142,2089.4425,679.8667,310.7854,
2020-05-12,1044.551,650.5295,1127.0698,393.1174,2091.7344,675.4092,305.7114,
2020-05-13,1048.9655,659.3336,1128.7232,393.6286,2083.3308,688.2751,309.9397,
2020-05-14,1038.1601,651.0186,1125.9676,391.5837,2060.4119,687.566,308.1074,
2020-05-15,1046.9001,662.2684,1117.1494,396.8662,2064.2317,689.4908,316.7051,
2020-05-18,1057.9288,662.7575,1129.2744,394.9918,2099.3741,695.9744,320.0878,
2020-05-19,1056.4629,663.002,1125.9676,399.763,2091.7344,691.6182,322.0611,
2020-05-20,1060.1352,666.1813,1119.9051,402.1487,2106.2497,692.1247,321.2154,
2020-05-21,1058.7516,667.4041,1112.7403,401.8079,2094.7903,691.7195,322.0611,
2020-05-22,1055.065,659.3336,1114.3937,394.651,2103.9579,684.3242,315.7185,
2020-05-25,1068.8574,668.3824,1123.763,396.0142,2129.9326,686.7555,323.6115,
2020-05-26,1069.6236,670.5834,1124.8653,396.355,2130.6966,683.615,325.3028,
2020-05-27,1079.8811,675.23,1131.4789,395.503,2152.8516,682.9059,330.7997,
2020-05-28,1080.5688,677.6756,1136.4391,393.9694,2133.7525,704.788,333.9005,
2020-05-29,1087.5046,690.3928,1145.2573,391.2429,2142.1561,706.9155,335.8738,
2020-06-01,1087.5473,692.1047,1140.2971,398.5702,2130.6966,712.1834,340.384,
2020-06-02,1085.3397,689.4145,1139.1948,400.1038,2129.1687,710.8664,338.5517,
2020-06-03,1092.5839,695.0394,1138.0925,401.6375,2139.8642,717.2487,344.6124,
2020-06-04,1099.7239,690.1482,1136.4391,401.4671,2164.311,722.6179,346.4447,
2020-06-05,1103.4391,694.7948,1142.5016,408.4535,2171.1867,721.7062,346.1628,
2020-06-08,1100.1683,695.284,1136.4391,408.4535,2145.9759,725.6571,346.0218,
2020-06-09,1109.3072,705.8,1144.7061,412.2024,2150.5597,732.242,354.4786,
2020-06-10,1108.2563,697.485,1149.1152,409.6464,2152.8516,731.7355,354.0558,
2020-06-11,1105.3373,696.2622,1155.1777,408.1127,2139.8642,740.3465,351.2368,
2020-06-12,1107.5446,692.1047,1154.0754,404.0231,2163.5471,739.3335,346.7266,
2020-06-15,1099.8107,681.344,1167.3026,399.2518,2140.6281,746.8302,341.9344,
2020-06-16,1113.5785,692.1047,1166.7515,403.3415,2165.839,748.4511,351.9416,
2020-06-17,1112.5976,691.1264,1172.2629,403.5119,2150.5597,752.6046,355.0424,
2020-06-18,1114.6009,693.0829,1173.3651,405.2159,2151.3236,755.036,352.6463,
2020-06-19,1123.7866,709.713,1168.956,405.8975,2147.5038,761.2156,362.9353,
2020-06-22,1124.5947,707.2674,1155.7288,399.763,2156.6714,757.8725,362.7944,
2020-06-23,1118.6285,703.599,1150.7686,397.7182,2146.7399,758.8856,359.6936,
2020-06-24,1121.4658,703.8436,1149.6663,397.0366,2152.8516,763.2418,360.3983,
2020-06-29,1109.5336,683.056,1167.3026,397.5478,2142.92,754.0229,347.1494,
2020-06-30,1115.7628,690.1482,1151.8709,397.8886,2149.0317,753.6177,352.0825,
2020-07-01,1123.8933,692.3492,1155.1777,401.6375,2201.7453,758.9869,348.8408,
2020-07-02,1132.6212,701.398,1157.3822,405.2159,2213.9687,761.317,351.5187,
2020-07-03,1135.1048,706.5337,1160.689,407.2607,2220.0804,764.8627,354.3377,
2020-07-06,1145.2674,714.1151,1166.2004,409.8168,2236.1237,771.7515,359.2708,
2020-07-07,1133.82,702.6208,1165.0981,407.2607,2223.1363,772.4606,352.0825,
2020-07-08,1137.1985,708.2456,1164.547,406.4087,2213.2048,780.3625,356.3109,
2020-07-09,1143.3943,713.8705,1182.1833,412.7136,2219.3165,786.2383,358.4251,
2020-07-10,1137.3969,706.2892,1181.6321,410.8392,2230.012,785.6305,349.2636,
2020-07-13,1135.1997,711.1804,1181.6321,413.3952,2196.3975,798.1925,356.1699,
2020-07-14,1142.0301,719.4954,1176.6719,408.7943,2189.5219,812.8819,366.459,
2020-07-15,1147.2078,723.1638,1182.7344,411.6912,2198.6894,815.1106,370.6874,
2020-07-16,1154.2283,727.8104,1188.2458,407.2607,2211.6768,824.0256,373.6472,
2020-07-17,1174.6534,748.8426,1191.5526,407.0903,2216.2606,852.1887,382.9496,
2020-07-20,1191.9419,761.5597,1206.9843,408.2831,2230.7759,883.2898,390.5607,
2020-07-21,1185.5816,757.6468,1202.0241,411.6912,2223.9003,881.3649,388.0237,
2020-07-22,1183.0332,755.6903,1206.4332,414.588,2236.8877,876.8062,389.1513,
2020-07-23,1192.1339,766.4509,1234.541,411.3504,2259.0426,875.1853,400.5679,
2020-07-24,1194.6215,761.8043,1247.7683,409.3056,2291.8931,864.1429,401.8364,
2020-07-27,1195.3754,757.8913,1286.2323,406.7495,2307.1724,869.9173,404.0915,
2020-07-28,1170.2804,743.2177,1261.9553,407.7719,2239.7281,869.2082,393.8025,
2020-07-29,1180.178,753.9784,1277.6334,411.3504,2243.4016,871.7408,396.1985,
2020-07-30,1185.2106,767.2958,1278.7391,411.0096,2228.4214,870.3225,401.6954,
2020-07-31,1188.4267,764.8943,1274.7697,409.3056,2238.6487,877.3127,400.286,
2020-08-03,1211.1195,787.4466,1276.4709,413.2248,2248.5576,903.3484,412.4073,
2020-08-04,1215.4811,791.4775,1279.8733,410.8941,2231.0264,914.9856,420.8465,
2020-08-05,1194.6693,773.26,1275.3367,411.3307,2201.2997,910.7594,414.0495,
2020-08-06,1200.754,773.9985,1277.0379,418.4106,2189.8664,930.6699,418.4224,
2020-08-07,1188.8696,771.0443,1261.16,420.6715,2189.1042,925.0306,415.7199,
2020-08-10,1176.0509,762.6741,1258.3247,413.3681,2181.482,901.0944,412.0279,
2020-08-11,1172.4173,761.6894,1265.1295,414.0173,2173.0975,906.4613,410.6988,
2020-08-12,1164.3121,754.5501,1261.16,418.8862,2174.6219,899.6991,404.6439,
2020-08-13,1193.0184,790.0004,1263.4283,415.1534,2195.9642,914.6189,420.4457,
2020-08-14,1189.8402,783.1073,1301.9889,416.7763,2206.6353,918.805,415.1292,
2020-08-17,1203.4719,796.6474,1303.6901,419.3731,2216.5442,931.3635,421.3318,
2020-08-18,1206.3705,796.8935,1298.5865,418.7239,2222.642,926.748,419.2643,
2020-08-19,1211.7844,803.5405,1304.8243,416.4518,2211.2086,935.1203,426.5006,
2020-08-20,1193.6326,788.5233,1309.9279,417.1009,2211.2086,920.7371,414.0954,
2020-08-21,1191.5352,785.3229,1304.2572,419.6977,2199.0131,923.3132,413.9478,
2020-08-24,1190.3169,784.5844,1284.9769,420.1846,2199.7753,920.0931,412.7663,
2020-08-25,1189.766,780.8917,1290.0805,420.3469,2224.9287,906.8906,407.7452,
2020-08-26,1201.3654,798.1244,1303.1231,421.4829,2236.362,912.2575,412.0279,
2020-08-27,1204.05,805.0176,1279.8733,421.4829,2226.4531,908.286,418.3782,
2020-08-28,1217.4042,818.3114,1285.5439,422.9436,2238.6487,923.4205,425.4668,
2020-08-31,1228.1259,822.4965,1282.7086,426.0272,2272.1865,929.6461,432.4078,
2020-09-01,1228.9589,825.9431,1288.9464,426.3518,2242.4598,934.9056,434.4753,
2020-09-02,1228.4522,824.7122,1298.5865,426.0272,2240.9353,934.0469,436.6905,
2020-09-03,1233.5734,833.5748,1290.0805,422.7813,2235.5998,933.5102,439.0534,
2020-09-04,1233.0905,829.882,1301.9889,417.7501,2266.0887,931.0415,432.7032,
2020-09-07,1236.8165,835.298,1330.9094,419.5354,2280.5709,927.6067,432.7032,
2020-09-08,1250.4024,850.069,1324.1046,420.6715,2285.1443,933.0809,440.8256,
2020-09-09,1237.6828,837.2675,1324.1046,403.4681,2269.8998,930.1828,432.8508,
2020-09-10,1238.4857,836.7751,1343.952,408.3369,2283.6198,927.392,434.3276,
2020-09-11,1248.4378,840.9602,1359.8299,408.6615,2336.9754,928.7874,433.8846,
2020-09-14,1276.61,861.3934,1371.7383,409.9599,2376.611,945.3173,450.1294,
2020-09-15,1271.2871,857.7007,1362.0982,415.478,2375.0866,944.0292,448.6526,
2020-09-16,1270.5023,866.5632,1366.6347,414.6665,2335.451,943.7072,452.0493,
2020-09-17,1289.645,883.796,1375.7078,414.8288,2342.311,958.8418,460.1717,
2020-09-18,1317.3352,902.2597,1408.5978,415.9649,2403.2888,979.1285,471.3954,
2020-09-21,1333.1518,916.5383,1404.0612,420.0223,2391.0932,1005.104,478.484,
2020-09-22,1294.2406,882.8113,1400.6588,420.6715,2359.8421,989.5402,456.1843,
2020-09-23,1269.669,863.1167,1372.8725,416.1272,2352.9821,967.8581,444.9606,
2020-09-24,1250.9751,846.3763,1382.5126,412.5566,2354.5065,957.7684,434.7707,
2020-09-25,1253.2293,851.0537,1376.842,411.4206,2346.1221,960.3445,434.9184,
2020-09-28,1255.2069,852.2847,1397.2564,415.9649,2358.3177,956.2657,434.7707,
2020-09-29,1249.8789,852.5308,1396.1223,414.0173,2341.5488,953.9043,438.1673,
2020-09-30,1231.0434,831.1129,1399.5247,415.3157,2352.9821,946.7127,423.547,
2020-10-09,1295.5363,866.0709,1438.6524,431.5453,2486.3711,970.5415,449.0957,
2020-10-12,1311.686,887.4888,1457.9327,450.2093,2504.6645,985.2467,461.9438,
2020-10-13,1300.5511,881.5804,1452.8291,455.2405,2468.0778,982.4559,459.8763,
2020-10-14,1301.8846,881.088,1455.0974,464.816,2464.2666,982.2412,463.4206,
2020-10-15,1292.0359,872.4716,1445.4572,464.9783,2462.7422,976.9817,453.3784,
2020-10-16,1288.1276,860.6549,1465.3046,472.6062,2496.28,976.123,446.8805,
2020-10-19,1271.3543,842.6835,1468.14,484.7784,2483.3222,957.6611,431.6694,
2020-10-20,1283.6274,854.0079,1469.2741,481.3702,2502.3778,967.8581,438.758,
2020-10-21,1289.9239,866.3171,1467.0058,475.0406,2503.14,970.1121,444.8129,
2020-10-22,1299.683,880.8418,1460.201,470.8209,2492.4689,980.9532,452.0493,
2020-10-23,1289.0394,874.9335,1458.4998,468.2242,2464.2666,977.5184,448.6526,
2020-10-26,1309.7841,893.3972,1464.7375,470.3341,2476.4622,993.941,456.9227,
2020-10-27,1314.9703,897.3361,1468.707,470.0095,2473.4133,998.8785,462.3869,
2020-10-28,1314.7217,893.6434,1476.0789,476.5013,2475.7,1002.5279,465.3405,
2020-10-29,1315.5271,888.2273,1478.9143,468.5488,2440.6377,1026.0347,464.0114,
2020-10-30,1306.0405,882.0728,1486.2861,470.8209,2433.0155,1024.532,460.3194,
2020-11-02,1303.3065,875.9182,1447.7255,466.6012,2419.2955,1036.9831,453.5261,
2020-11-03,1327.5584,904.2292,1440.3536,464.4914,2430.7288,1045.3554,469.4755,
2020-11-04,1341.3909,910.8761,1444.3231,469.8472,2451.3089,1064.0321,473.0199,
2020-11-05,1347.152,911.6147,1449.4267,466.1144,2501.9395,1044.4967,478.6317,
2020-11-06,1352.738,924.17,1440.9207,456.052,2491.4408,1047.8242,481.733,
2020-11-09,1329.258,909.399,1432.9817,461.7324,2452.6608,1025.4981,471.3954,
2020-11-10,1332.5545,914.5689,1428.4452,461.7324,2451.9353,1029.4695,476.2688,
2020-11-11,1364.9374,935.4944,1447.7255,466.4389,2528.2877,1035.1584,490.5938,
2020-11-12,1359.0889,928.8475,1451.1279,464.0045,2507.0349,1045.8921,489.4124,
2020-11-13,1361.0072,936.9715,1453.9632,461.5701,2486.5693,1049.2195,492.5137,
2020-11-16,1364.0566,952.9734,1469.8412,463.193,2476.3365,1045.2481,496.9441,
2020-11-17,1384.598,967.0058,1472.6765,459.2979,2492.8664,1056.0891,506.9863,
2020-11-18,1382.4662,964.0516,1468.707,459.1356,2496.015,1056.7331,503.1466,
2020-11-19,1400.2546,982.7615,1480.0484,466.1144,2504.6735,1068.3255,516.5855,
2020-11-20,1388.3144,974.3913,1473.8106,463.0307,2535.3719,1060.3826,500.4884,
2020-11-23,1372.4048,950.7577,1476.646,468.3865,2569.2188,1050.0782,490.0031,
2020-11-24,1365.24,949.2807,1457.3657,473.0931,2547.179,1049.4342,496.2057,
2020-11-25,1372.2141,959.3741,1460.6299,468.3865,2547.9661,1061.6706,496.9441,
2020-11-26,1367.5806,958.8818,1471.5175,466.1144,2544.8176,1049.6489,493.3997,
2020-11-27,1365.6454,955.189,1464.5714,472.4439,2528.2877,1047.5022,498.4209,
2020-11-30,1361.9335,951.0039,1479.5505,472.7685,2547.179,1040.4179,488.3786,
2020-12-01,1352.5113,950.7577,1480.1023,470.0095,2491.2922,1048.0388,491.9229,
2020-12-02,1334.1893,943.2255,1465.202,466.2812,2453.5095,1032.7805,481.4217,
2020-12-03,1345.907,962.1275,1461.8908,468.2574,2436.9796,1048.829,489.8906,
2020-12-04,1352.6088,971.9831,1462.9945,464.7932,2457.4452,1043.2913,493.7587,
2020-12-07,1353.2578,975.7085,1444.783,473.5575,2447.2124,1045.0523,497.7176,
2020-12-08,1328.2499,952.3083,1428.227,470.6502,2436.1925,1032.1224,487.7973,
2020-12-09,1331.0708,955.2005,1440.368,469.3581,2440.9153,1030.5345,492.6024,
2020-12-10,1335.2572,953.6229,1439.8162,470.8117,2470.8266,1024.4099,492.6024,
2020-12-11,1347.8974,975.7085,1435.9531,479.2105,2431.4697,1041.196,509.0328,
2020-12-14,1356.2405,986.4884,1422.7084,480.8256,2449.5738,1046.2999,514.768,
2020-12-15,1349.6106,980.4411,1417.7416,478.7259,2446.4253,1048.5683,509.9629,
2020-12-16,1370.3179,993.5873,1437.6087,478.5644,2473.9751,1054.5796,520.8131,
2020-12-17,1372.6127,995.4277,1442.0236,479.5335,2478.698,1062.7458,517.0931,
2020-12-18,1393.4368,1014.8841,1443.1274,482.4407,2510.1835,1070.4584,525.9283,
2020-12-21,1404.027,1012.2548,1459.6833,487.7707,2595.9815,1059.2298,525.4633,
2020-12-22,1384.9454,987.0142,1460.2352,469.5196,2608.5758,1042.2168,509.3429,
2020-12-23,1398.4291,1007.2593,1475.6874,475.6572,2614.0857,1050.0428,518.1781,
2020-12-24,1424.0389,1033.2887,1471.8244,477.7568,2603.0658,1082.0272,537.7086,
2020-12-25,1434.4826,1043.8056,1477.8949,482.2792,2599.9172,1094.9571,545.3038,
2020-12-28,1410.0927,1017.5133,1494.4508,480.1795,2603.0658,1083.5017,529.4934,
2020-12-29,1398.3988,1013.8324,1488.9322,479.8565,2577.0902,1075.6757,526.7033,
2020-12-30,1423.8538,1030.6595,1507.1437,485.8325,2647.1455,1085.8835,535.8485,
2020-12-31,1443.4834,1037.7584,1513.2142,486.4786,2738.4535,1095.4108,537.7086,
2021-01-04,1455.9696,1049.59,1515.4217,496.6539,2741.6021,1121.9511,544.5287,
2021-01-05,1456.4748,1046.6978,1528.1146,494.2312,2741.6021,1124.9,544.3737,
2021-01-06,1484.3107,1069.3092,1537.4963,498.4306,2782.5333,1138.8507,560.9592,
2021-01-07,1485.2452,1073.2531,1548.5336,501.8223,2768.3648,1146.5632,565.4543,
2021-01-08,1484.2539,1071.1497,1565.0896,497.946,2783.3204,1149.3987,561.5792,1000.0
2021-01-11,1486.5068,1059.3181,1565.6414,487.7707,2848.6529,1144.1814,551.8139,970.9064
2021-01-12,1483.9334,1052.745,1582.7492,491.0009,2861.2471,1142.4801,550.7289,953.3756
2021-01-13,1505.6493,1048.8012,1584.9567,495.6848,2971.4464,1141.1191,546.0788,964.9385
2021-01-14,1476.1969,1018.565,1570.0563,483.2483,2940.748,1125.8074,526.5483,928.3849
2021-01-15,1462.2808,1007.7851,1583.3011,483.7328,2925.7924,1121.0437,515.078,922.2305
2021-01-18,1462.983,1017.7762,1589.9235,491.324,2894.3069,1127.8489,521.1232,937.7098
2021-01-19,1456.3725,1010.6773,1582.7492,492.6161,2884.8612,1123.3121,517.4031,933.4204
2021-01-20,1414.9135,991.4839,1570.0563,487.4476,2781.7461,1100.061,505.9328,929.1309
2021-01-21,1430.2364,1004.3671,1572.2638,493.2621,2810.8702,1117.074,510.2729,927.6389
2021-01-22,1405.1149,992.2727,1556.8116,491.1624,2740.0278,1108.7944,501.2827,916.2626
2021-01-25,1398.9628,997.5311,1529.7702,488.7397,2694.3738,1111.9701,507.9478,929.8769
2021-01-26,1398.2216,999.6345,1530.3221,479.8565,2701.458,1100.5147,505.0027,953.1891
2021-01-27,1436.0549,1027.7673,1525.9071,487.9322,2769.1519,1119.6827,522.5182,942.7452
2021-01-28,1428.7006,1026.1898,1504.9363,479.8565,2741.6021,1121.0437,520.5031,939.5748
2021-01-29,1431.8579,1032.4999,1497.762,477.5953,2742.3892,1114.352,524.8432,953.7486
2021-02-01,1421.8642,1023.0347,1530.8739,486.8016,2743.1764,1102.8965,519.1081,958.038
2021-02-02,1403.4398,1013.5695,1527.0109,482.1177,2690.4381,1091.8948,516.938,946.6617
2021-02-03,1384.6366,990.958,1531.9777,480.6641,2684.141,1071.2523,502.2127,944.2372
2021-02-04,1403.0392,1001.475,1536.3926,494.5542,2740.815,1076.9233,506.3978,949.0862
2021-02-05,1417.6913,1015.147,1555.156,503.7605,2766.7905,1097.3389,511.0479,976.1283
2021-02-08,1414.1617,1020.1425,1519.8366,503.1144,2723.4979,1099.8342,517.5581,1003.357
2021-02-09,1445.5227,1049.8529,1528.1146,504.0835,2770.7262,1113.2177,535.0735,1001.3055
2021-02-10,1444.983,1050.1158,1527.0109,507.6368,2731.3693,1120.9303,533.3685,996.0836
2021-02-18,1468.5493,1077.1969,1560.6746,517.0046,2748.6863,1149.8524,552.899,1007.0869
2021-02-19,1465.584,1088.7655,1553.5004,519.9118,2725.0722,1155.1832,559.2541,1056.6953
2021-02-22,1485.7471,1102.9634,1543.5668,526.5339,2758.9191,1161.7615,564.0592,1095.8598
2021-02-23,1507.1056,1112.9545,1537.4963,528.3105,2826.613,1170.8351,570.4144,1080.9399
2021-02-24,1523.0764,1129.2557,1550.7411,526.0494,2826.613,1194.9936,579.8696,1077.956
2021-02-25,1533.3768,1150.0267,1560.1228,540.9086,2813.2317,1205.6551,589.4799,1078.5155
2021-02-26,1499.2278,1138.458,1532.5295,524.5957,2697.5224,1188.7555,583.8997,1080.567
2021-03-01,1510.6723,1164.4875,1539.1519,538.9704,2693.5867,1193.746,587.3098,1088.5863
2021-03-02,1485.6826,1150.8154,1534.737,530.7332,2637.6999,1185.0126,570.7244,1072.3611
2021-03-03,1498.8041,1158.9661,1524.8034,529.2796,2678.631,1186.6005,570.4144,1073.6665
2021-03-04,1509.1012,1179.4741,1522.0441,519.4273,2637.6999,1197.7157,578.6296,1075.9045
2021-03-05,1514.224,1180.2629,1555.7079,516.5201,2647.9327,1197.4888,580.7997,1059.3062
2021-03-08,1568.9114,1234.1621,1558.4672,519.2658,2687.2896,1251.5902,602.6552,1064.7147
2021-03-09,1561.1661,1228.9037,1529.2183,510.8671,2635.3384,1237.9798,590.4099,1040.6565
2021-03-10,1542.2714,1230.7441,1498.8657,502.3069,2573.1545,1235.4846,603.8952,1046.2514
2021-03-11,1527.289,1216.0204,1495.5546,510.0595,2517.2677,1215.4092,607.4603,1066.5796
2021-03-12,1536.3126,1219.9643,1499.4176,512.6437,2526.7134,1216.3166,617.6906,1072.3611
2021-03-15,1545.0602,1236.0026,1495.5546,506.9908,2529.0748,1227.3183,620.0156,1059.4927
2021-03-16,1537.0963,1225.2227,1498.8657,501.1763,2544.0304,1216.3166,610.2504,1061.1712
2021-03-17,1538.3486,1219.9643,1492.2434,507.9598,2569.2188,1211.4395,609.1654,1067.1391
2021-03-18,1514.6115,1193.6719,1487.2766,505.5371,2556.3465,1185.0126,602.9652,1061.9172
2021-03-19,1491.0174,1165.0133,1493.3471,492.9391,2554.6221,1175.5988,593.2,1063.2227
2021-03-22,1507.2817,1175.2673,1503.8325,494.7157,2583.9115,1186.9408,604.6703,1053.7113
2021-03-23,1541.4604,1214.4429,1500.5213,494.7157,2567.563,1210.1919,628.3859,1049.4219
2021-03-24,1543.1452,1218.3867,1495.0027,481.9562,2592.8629,1221.1936,623.5807,1044.3864
2021-03-25,1540.3827,1213.1283,1495.0027,480.9871,2604.3629,1217.4508,621.2557,1026.4827
2021-03-26,1485.9187,1147.1345,1497.2101,472.2654,2635.0295,1171.2888,583.1247,1015.1063
2021-03-29,1471.6854,1141.0873,1464.6501,475.9802,2609.7296,1164.4836,581.8847,990.4886
2021-03-30,1458.206,1122.6826,1455.2684,480.341,2605.1296,1157.6784,573.6695,1008.2059
2021-03-31,1443.2025,1096.1274,1451.9572,475.3341,2593.6296,1150.1927,567.7793,1006.5274
2021-04-01,1487.2757,1134.2513,1449.1979,476.9493,2701.7294,1181.0429,585.7598,1042.1485
2021-04-02,1486.8742,1138.8569,1440.1648,480.6186,2688.6961,1190.4996,586.8726,1031.7046
2021-04-06,1498.3317,1158.3257,1457.2294,486.9736,2675.6628,1202.7497,598.8824,1011.5629
2021-04-07,1506.3868,1160.4109,1469.4168,484.1901,2719.3627,1212.9413,601.4766,1000.0
2021-04-08,1486.1909,1135.2128,1483.7093,480.4615,2696.3628,1202.4793,589.8469,1004.1029
2021-04-09,1482.6231,1133.8051,1467.0197,484.4336,2701.7294,1207.7797,590.0183,992.5401
2021-04-12,1457.3837,1118.6013,1455.8932,480.1438,2647.2962,1197.6501,575.7866,1010.6304
2021-04-13,1463.617,1130.1449,1468.1323,472.1996,2638.8628,1204.9528,580.7591,1029.6531
2021-04-14,1465.8533,1136.0575,1472.0266,477.6016,2623.5295,1214.9646,584.8743,1022.9392
2021-04-15,1473.0419,1139.7176,1493.1668,485.7047,2658.7962,1205.1884,592.9333,1014.1738
2021-04-16,1500.7111,1161.1155,1501.5116,490.4711,2694.8294,1228.6278,608.3653,1004.1029
2021-04-19,1499.2782,1158.8631,1508.7438,488.5646,2715.5294,1222.1496,606.9936,1013.8008
2021-04-20,1513.5622,1177.1639,1503.7369,491.4244,2736.996,1225.5654,619.5107,1011.1899
2021-04-21,1536.1996,1194.9016,1511.5254,489.2001,2744.6627,1249.476,637.1718,1013.4278
2021-04-22,1555.1659,1208.9791,1531.553,495.2376,2782.2293,1263.7281,644.7164,1014.3603
2021-04-23,1572.0325,1225.8722,1534.8909,504.1351,2796.0293,1277.7447,656.0332,1033.9426
2021-04-26,1542.8882,1199.9695,1526.5461,497.7798,2797.5626,1247.0025,632.1993,1020.8877
2021-04-27,1553.5465,1215.7363,1537.6725,504.7706,2822.8626,1248.4159,643.6876,1008.3924
2021-04-28,1527.7322,1190.6783,1540.4541,505.7239,2769.9627,1231.8081,634.9427,1016.4118
2021-04-29,1532.6145,1197.4355,1530.4403,503.6584,2750.0294,1235.3416,645.7452,1019.0228
2021-04-30,1522.3013,1188.989,1520.4265,495.7143,2740.8294,1226.1543,635.2857,1017.9038
2021-05-06,1597.4315,1252.3379,1537.1162,503.8173,2812.8959,1292.2324,676.4378,995.8971
2021-05-07,1612.6763,1264.1631,1567.1575,509.0604,2843.5626,1298.9462,688.0975,1003.357
2021-05-10,1599.645,1245.8623,1575.5024,511.6026,2828.2292,1289.8767,681.9247,932.6744
2021-05-11,1598.2301,1245.8623,1574.946,505.0884,2816.7293,1277.5091,685.697,930.6229
2021-05-12,1650.3706,1291.192,1597.7552,518.2756,2889.5625,1307.0734,714.8464,941.9993
2021-05-13,1641.342,1293.4444,1559.369,503.3407,2819.7959,1292.7035,718.1043,933.2339
2021-05-14,1602.6161,1261.9107,1547.6863,496.032,2765.3627,1260.7835,699.4144,931.3689
2021-05-17,1591.8923,1251.7748,1542.1231,497.9386,2764.596,1249.3582,693.2415,930.2499
2021-05-18,1616.5466,1283.8716,1543.2357,502.0696,2777.6293,1265.2593,708.8451,917.0086
2021-05-19,1593.856,1262.7553,1539.8978,496.9853,2737.7627,1249.476,698.0426,878.4036
2021-05-20,1578.5126,1250.0855,1534.8909,502.2285,2734.696,1232.7504,694.6133,878.9631
2021-05-21,1524.9657,1198.2802,1537.6725,510.4904,2701.7294,1203.6572,655.8617,891.0854
2021-05-24,1520.5953,1194.62,1522.6518,499.0508,2704.7961,1211.0777,648.8316,892.9504
2021-05-25,1529.9051,1207.2898,1518.7576,500.163,2712.4627,1221.5607,653.8041,891.2719
2021-05-26,1532.1885,1216.2994,1485.3783,493.9666,2689.4628,1229.2168,661.0057,862.3648
2021-05-27,1500.1276,1187.0182,1484.822,486.4991,2661.8628,1202.0082,639.9153,837.1876
2021-05-28,1532.166,1211.5131,1492.0541,489.9945,2707.8627,1229.8057,654.49,838.6796
2021-05-31,1523.2189,1203.0666,1483.153,491.7422,2699.4294,1229.8057,646.9454,829.7277
2021-06-01,1535.3536,1215.7363,1498.1737,494.761,2714.7627,1232.0436,650.7177,821.5218
2021-06-02,1570.6055,1243.6099,1510.4127,497.3031,2734.696,1262.5503,669.4076,802.8721
2021-06-03,1611.941,1282.7454,1520.4265,504.7706,2763.0627,1288.3454,697.3568,769.862
2021-06-04,1581.1784,1257.4059,1509.3001,504.4528,2710.1627,1275.1534,680.8959,741.1414
2021-06-07,1599.7155,1267.8232,1504.8495,502.7051,2776.8626,1281.3961,682.7821,746.9228
2021-06-08,1564.8146,1229.8139,1495.9484,504.9295,2771.496,1255.0119,656.3761,737.4114
2021-06-09,1561.0166,1227.843,1505.9622,509.2193,2774.5627,1255.3653,657.062,754.0097
2021-06-10,1567.3899,1240.5128,1518.7576,507.7894,2781.4626,1264.0815,659.2911,743.5658
2021-06-11,1544.9442,1214.6101,1538.2288,509.5371,2792.196,1244.1756,637.1718,738.3439
2021-06-15,1480.1398,1161.9601,1492.0541,499.8452,2678.7295,1202.7149,604.593,701.6039
2021-06-16,1455.0871,1131.5527,1484.2656,497.6209,2663.3961,1170.677,590.0183,707.5718
2021-06-17,1450.8783,1130.708,1485.3783,496.9853,2644.9962,1160.9008,593.1048,688.7355
2021-06-18,1412.3444,1096.6404,1457.0059,492.06,2585.9629,1123.9159,573.9004,656.4715
2021-06-21,1429.2737,1114.9412,1443.6542,490.3123,2602.0629,1130.5119,584.3599,624.2074
2021-06-22,1442.8109,1131.5527,1436.9783,494.761,2601.2962,1133.9277,593.4477,635.5837
2021-06-23,1452.4344,1149.5719,1444.7668,503.1818,2594.3962,1150.3,598.7632,677.3592
2021-06-24,1440.7258,1137.1837,1439.7599,505.8828,2598.9962,1148.2976,588.1322,665.4233
2021-06-25,1457.3747,1154.9214,1439.7599,508.9016,2604.3629,1165.8478,601.6781,705.8933
2021-06-28,1463.9131,1147.6011,1454.2243,509.2193,2643.4628,1175.1529,605.9648,705.8933
2021-06-29,1459.674,1144.504,1461.4565,509.3782,2651.1295,1159.2518,603.0498,717.6427
2021-06-30,1480.1199,1165.9019,1453.668,510.3315,2672.5961,1172.915,619.8536,722.4916
2021-07-01,1530.5802,1198.5617,1458.1185,504.7706,2789.896,1201.537,641.287,704.5878
2021-07-02,1550.7562,1209.8238,1463.6817,517.4812,2832.0626,1214.8468,652.2609,693.025
2021-07-05,1545.7176,1202.5035,1450.33,521.1355,2802.1626,1214.4935,652.6038,699.1794
2021-07-06,1555.7363,1214.3286,1439.7599,527.8086,2786.0626,1215.4358,664.0921,708.1313
2021-07-07,1527.3057,1195.1831,1431.9714,523.5188,2737.7627,1190.1117,651.4036,694.7035
2021-07-08,1527.295,1200.5326,1429.1898,520.9766,2747.7294,1181.3956,652.4324,703.6554
2021-07-09,1545.9922,1215.4548,1428.0772,519.7056,2744.6627,1189.994,669.922,714.8452
2021-07-12,1546.526,1216.8625,1421.9576,521.4533,2752.3294,1194.5876,666.1497,699.7389
2021-07-13,1562.2482,1234.8818,1443.6542,528.2852,2769.9627,1213.7868,668.8932,681.4621
2021-07-14,1576.2769,1245.8623,1459.7875,532.0984,2779.1626,1234.046,676.4378,679.2242
2021-07-15,1588.3722,1253.1826,1451.4427,534.9583,2807.5293,1245.4713,683.2965,675.8672
2021-07-16,1595.4252,1254.5904,1431.9714,535.1172,2808.2959,1246.7669,690.4981,686.3111
2021-07-19,1603.3808,1259.9398,1406.3806,530.8274,2843.5626,1251.125,695.985,700.6714
2021-07-20,1613.0751,1273.1727,1400.2611,530.1918,2839.7292,1268.204,703.701,702.7229
2021-07-21,1594.0113,1257.969,1401.3737,530.033,2819.7959,1252.3029,693.0701,698.9929
2021-07-22,1582.5165,1250.6486,1397.4795,540.9959,2776.8626,1229.4523,694.9562,685.3786
2021-07-23,1596.7861,1265.2893,1404.1553,545.9212,2743.1294,1233.3393,713.8176,682.3946
2021-07-26,1586.9553,1262.4738,1415.2818,540.3603,2685.6294,1217.5559,717.2469,688.549
2021-07-27,1613.0,1288.9396,1433.6404,555.2953,2708.6294,1234.6349,731.8216,685.9381
2021-07-28,1590.0835,1258.8136,1426.4082,558.9496,2723.9627,1215.7891,720.8478,687.4301
2021-07-29,1601.3067,1265.0077,1425.2956,559.2674,2777.6293,1212.6089,728.3923,693.771
2021-07-30,1604.9439,1263.8815,1431.4151,550.8466,2799.8626,1197.2967,737.6515,699.9254
2021-08-02,1554.6773,1215.7363,1441.4289,549.8933,2787.596,1177.1553,698.7285,677.3592
2021-08-03,1555.4156,1216.6311,1449.7765,541.7541,2779.4508,1186.0094,701.8558,667.1868
2021-08-04,1574.8718,1239.0888,1448.0997,548.2588,2748.761,1208.7712,720.222,657.6451
2021-08-05,1573.7617,1244.2266,1446.1821,544.3518,2730.7033,1208.3709,721.3679,654.0805
2021-08-06,1579.2,1251.8062,1440.9307,553.9892,2745.4248,1205.9705,722.9929,659.8714
2021-08-09,1590.0582,1261.3975,1439.2473,554.615,2774.1605,1204.0901,733.6498,657.9285
2021-08-10,1600.6219,1268.6636,1425.7807,559.152,2788.9167,1206.7932,738.6979,641.3258
2021-08-11,1641.9,1306.1568,1428.0251,558.2133,2785.0335,1240.7593,767.3035,646.8011
2021-08-12,1631.1244,1299.7626,1443.1751,554.7714,2736.1051,1242.7573,768.6123,645.5648
2021-08-13,1630.9585,1296.8561,1458.8862,559.3084,2811.4393,1248.5162,763.9381,640.7959
2021-08-16,1643.2663,1318.9451,1457.2029,567.7567,2826.1955,1257.8011,775.7169,640.4426
2021-08-17,1654.26,1335.2212,1454.9584,572.6067,2824.6422,1271.0819,786.9348,636.9101
2021-08-18,1622.2606,1311.3884,1434.1973,572.2938,2802.1196,1260.1517,763.3772,624.723
2021-08-19,1621.1471,1311.3884,1431.9529,571.5115,2757.8511,1256.3907,763.9381,613.2424
2021-08-20,1602.6307,1304.4129,1403.3363,550.5473,2744.6482,1254.6278,753.4681,627.9023
2021-08-23,1594.6285,1298.6,1401.0918,558.8391,2706.5928,1252.2772,755.7117,600.5254
2021-08-24,1605.465,1306.4474,1408.3863,543.9764,2712.8059,1262.7373,763.5642,596.8162
2021-08-25,1624.1906,1323.8861,1403.8974,549.2957,2719.7957,1280.2492,774.9691,599.9955
2021-08-26,1625.2534,1323.0142,1399.4085,549.6086,2726.7855,1273.315,771.9776,605.4709
2021-08-27,1621.4465,1318.6545,1390.4308,549.765,2719.019,1262.8548,772.7255,606.7072
2021-08-30,1614.7499,1309.6445,1392.6752,545.6973,2737.6584,1258.1536,767.1165,580.3901
2021-08-31,1625.7702,1325.3393,1395.4807,540.378,2731.4453,1273.6675,776.4648,592.0474
2021-09-01,1588.4794,1299.1813,1382.0141,540.378,2711.2526,1253.8051,752.9072,585.159
2021-09-02,1590.6364,1294.8216,1399.9696,546.1667,2721.349,1256.1556,749.3549,568.203
2021-09-03,1626.0409,1329.9896,1397.7252,560.7165,2708.1461,1285.4205,777.5866,568.3796
2021-09-06,1623.4885,1331.4429,1380.8919,557.2746,2707.3694,1281.6596,780.578,563.964
2021-09-07,1633.146,1337.837,1381.453,560.4036,2736.8818,1281.542,784.5043,562.0211
2021-09-08,1631.3891,1335.8025,1380.8919,565.8793,2707.3694,1280.3667,789.1784,550.5405
2021-09-09,1623.5187,1332.3148,1382.0141,562.4374,2693.3899,1278.0161,793.4786,529.6987
2021-09-10,1593.5797,1301.7971,1376.403,548.8263,2718.2424,1255.6855,762.2555,532.3481
2021-09-13,1606.6782,1308.4819,1389.8696,545.0715,2741.5416,1257.6835,772.9125,514.8622
2021-09-14,1605.5863,1304.7036,1378.6474,544.6022,2753.1912,1261.7971,773.8473,508.1504
2021-09-15,1619.5403,1312.2603,1379.7697,546.4796,2744.6482,1284.0101,789.1784,498.4361
2021-09-16,1632.3305,1323.8861,1367.4252,551.3295,2755.5212,1287.0659,800.5832,515.0388
2021-09-17,1593.1432,1288.1368,1367.4252,543.1941,2772.6073,1258.2712,765.6208,500.7322
2021-09-22,1605.0303,1297.7281,1382.0141,536.7797,2746.2015,1270.7293,782.2607,483.4229
2021-09-23,1649.5505,1333.4774,1393.7974,535.841,2745.4248,1309.9842,809.9315,480.4203
2021-09-24,1655.9537,1340.1622,1394.3585,548.0441,2726.0088,1310.6894,813.8577,482.893
2021-09-27,1639.535,1320.9796,1392.1141,579.1776,2747.7548,1298.1137,802.079,507.2673
2021-09-28,1641.0454,1333.1867,1387.6252,586.5307,2711.2526,1301.0519,808.6227,491.7243
2021-09-29,1633.9638,1328.5364,1392.1141,601.7064,2701.1563,1307.5161,805.2574,489.9581
2021-09-30,1665.8431,1359.6354,1413.9974,625.9561,2690.2833,1350.7669,830.8715,490.3113
2021-10-08,1710.8847,1411.6608,1397.1641,665.0686,2601.7463,1413.4102,879.6693,502.4984
2021-10-11,1722.6663,1418.6362,1427.464,674.1427,2582.3303,1439.0316,884.5304,539.943
2021-10-12,1705.5884,1405.5572,1423.5362,680.0878,2562.1376,1444.9081,877.7997,540.1196
2021-10-13,1706.3114,1408.7543,1435.3196,655.3687,2513.2093,1449.3742,886.587,544.3586
2021-10-14,1676.4066,1392.1876,1417.9251,666.0073,2535.7318,1433.7428,867.7036,518.7479
2021-10-15,1691.1504,1411.9514,1443.1751,715.1326,2534.1786,1443.8503,880.7911,536.0572
2021-10-18,1711.3142,1434.6217,1426.3418,685.4071,2508.5494,1448.0814,897.244,559.725
2021-10-19,1729.605,1453.5136,1441.4918,678.9926,2503.8896,1467.4737,908.275,578.4472
2021-10-20,1741.9027,1470.6616,1440.9307,670.8572,2513.9859,1466.8861,917.4362,573.1485
2021-10-21,1739.3201,1471.8242,1441.4918,660.688,2527.1888,1464.418,918.932,558.6652
2021-10-22,1678.4022,1425.0304,1440.9307,663.6605,2545.8282,1438.2089,880.2302,576.681
2021-10-25,1696.2184,1437.5281,1468.9862,672.5782,2554.3712,1457.2487,895.5614,607.0605
2021-10-26,1715.3033,1452.9323,1474.5973,663.0347,2539.615,1488.8641,906.9662,611.8294
2021-10-27,1703.0881,1438.1094,1463.9362,661.0009,2529.5187,1489.3342,895.3744,618.0113
2021-10-28,1678.9243,1420.0895,1451.5918,670.7008,2531.072,1471.2347,882.6608,614.1255
2021-10-29,1723.6511,1450.8978,1474.0362,667.8847,2510.8793,1506.7286,913.323,590.1045
2021-11-01,1691.9041,1419.7988,1467.8639,676.4894,2453.4079,1478.0514,895.0005,561.138
2021-11-02,1705.8273,1436.6562,1479.6473,677.1152,2440.9817,1490.5095,905.4705,572.442
2021-11-03,1741.2738,1466.8832,1490.8695,674.7685,2430.8854,1514.2505,929.215,573.855
2021-11-04,1683.1462,1409.6262,1501.5305,668.1976,2434.7686,1484.6331,889.3915,590.1045
2021-11-05,1669.9899,1397.1285,1500.4083,671.0137,2369.5307,1477.8163,885.8392,589.0447
2021-11-08,1646.0681,1366.6108,1509.3861,678.3668,2398.2664,1454.7806,863.5904,573.855
2021-11-09,1602.6874,1324.1767,1526.2194,672.1088,2400.5964,1412.94,835.5457,570.6757
2021-11-10,1650.8248,1364.5763,1530.1472,675.8636,2425.4489,1456.8961,866.2079,572.2654
2021-11-11,1664.5852,1376.4928,1506.5805,673.0475,2453.4079,1471.1172,874.8083,562.1977
2021-11-12,1672.9097,1380.2711,1494.2361,668.6669,2450.3014,1470.412,881.352,574.0316
2021-11-15,1677.4919,1381.7244,1491.4306,676.333,2454.9612,1481.5773,884.1565,590.811
2021-11-16,1677.4043,1375.6208,1503.775,681.4958,2479.0371,1484.7506,887.1479,575.0914
2021-11-17,1700.9098,1392.4782,1502.6528,683.0603,2475.9305,1499.3243,903.6008,568.5562
2021-11-18,1715.1935,1401.4882,1503.2139,683.3732,2495.3465,1506.141,911.4534,573.6784
2021-11-19,1736.3651,1409.3356,1517.8027,680.4007,2499.2297,1511.5473,932.7673,582.5096
2021-11-22,1690.2751,1376.2021,1498.1639,678.5233,2486.8035,1465.9459,906.0314,572.2654
2021-11-23,1667.7921,1361.3792,1482.4528,672.2653,2520.199,1460.5395,889.9524,576.3277
2021-11-24,1682.1414,1375.9115,1479.6473,681.1829,2524.8589,1482.0474,895.9353,584.9824
2021-11-25,1697.0135,1389.2811,1483.575,673.6733,2497.6619,1491.5673,907.3401,594.1669
2021-11-26,1676.4337,1373.5863,1485.8195,669.6056,2496.4619,1485.1032,885.0913,590.811
2021-11-29,1662.2438,1363.4138,1491.4306,660.5315,2509.8199,1476.0534,880.2302,568.0263
2021-11-30,1613.9639,1315.748,1484.1361,627.5206,2480.6215,1448.434,854.99,568.9095
2021-12-01,1624.9877,1325.9206,1495.9194,647.5462,2483.8801,1456.0734,865.46,572.7952
2021-12-02,1597.812,1300.8568,1501.9574,645.7482,2485.5094,1443.1683,849.1291,555.3443
2021-12-03,1646.2579,1336.5829,1493.3693,649.24,2529.5007,1489.243,886.8814,550.1421
2021-12-06,1649.061,1348.692,1483.3596,651.8014,2509.1344,1506.4231,886.6235,546.4431
2021-12-07,1673.2256,1370.4825,1488.1177,656.1915,2478.9922,1538.0675,903.162,544.4561
2021-12-08,1640.0811,1343.5181,1498.6129,652.0404,2474.1042,1516.1371,881.9187,537.461
2021-12-09,1622.5002,1328.4682,1488.1177,647.0592,2522.1688,1502.4153,871.1897,549.1196
2021-12-10,1603.1521,1315.9266,1494.1939,648.8857,2544.9791,1492.0014,862.1774,554.1716
2021-12-13,1588.4739,1313.7318,1509.1082,651.3763,2544.9791,1460.5148,856.813,560.0009
2021-12-14,1569.9757,1295.5465,1510.2129,647.0592,2503.4318,1453.4088,839.8613,554.1716
2021-12-15,1555.4097,1283.9455,1517.9463,649.0517,2544.9791,1442.6274,823.7678,555.7261
2021-12-16,1575.3748,1298.9954,1508.0034,653.8669,2580.8239,1460.1472,838.5738,557.6692
2021-12-17,1597.8661,1318.4349,1510.7653,660.1764,2585.7118,1491.6339,855.5255,551.4513
2021-12-20,1562.3929,1288.9621,1499.1653,655.0292,2573.492,1454.1439,826.9865,545.8163
2021-12-21,1580.1622,1313.1047,1496.4034,656.3575,2568.6041,1467.9882,850.3756,552.6171
2021-12-22,1590.0537,1327.8411,1484.8034,659.8443,2589.7851,1470.5611,861.1045,546.9821
2021-12-23,1601.7593,1342.891,1494.7462,665.6558,2644.3669,1467.9882,871.8335,563.4985
2021-12-24,1631.0684,1378.321,1489.2224,663.6633,2658.216,1497.3921,900.1579,566.6074
2021-12-27,1625.8832,1375.8127,1488.67,663.8293,2631.3325,1491.7564,895.8663,563.1099
2021-12-28,1641.0909,1393.3709,1480.9367,672.4634,2653.3281,1506.2133,908.9556,567.579
2021-12-29,1616.4005,1373.9314,1471.5462,671.3011,2628.0738,1490.2862,893.7205,564.8587
2021-12-30,1627.3344,1387.7272,1484.8034,679.2711,2634.5911,1503.0279,908.741,561.3611
2021-12-31,1630.9484,1392.1167,1475.9653,687.9052,2597.9316,1506.7033,917.3242,561.5554
2022-01-04,1638.5353,1397.4469,1492.5367,686.4108,2647.6255,1474.9717,931.4864,550.4797
2022-01-05,1650.5828,1417.827,1497.5082,699.528,2682.6557,1445.3228,945.8632,553.5887
2022-01-06,1629.4415,1399.9552,1478.1748,694.0487,2619.1127,1429.8857,936.4217,546.9821
2022-01-07,1647.2417,1418.1405,1481.4891,697.7015,2627.2592,1461.6174,950.3693,540.7642
2022-01-10,1657.0088,1436.3259,1484.251,702.8488,2632.1471,1466.273,963.244,525.0251
2022-01-11,1652.2908,1428.8009,1489.2224,701.1884,2630.5178,1468.3558,957.4504,531.0487
2022-01-12,1650.4095,1420.0218,1502.4796,701.3544,2645.1816,1464.4353,956.3775,534.5463
2022-01-13,1654.1349,1429.428,1501.9272,709.1583,2641.923,1457.2068,963.6732,532.7975
2022-01-14,1658.0375,1436.6394,1510.7653,708.4942,2595.4877,1445.9353,972.2563,534.7406
2022-01-17,1658.515,1430.3686,1503.032,716.2981,2582.4532,1436.8692,969.896,535.9065
2022-01-18,1674.3481,1441.656,1501.9272,713.1433,2571.0481,1459.2896,983.4144,539.7927
2022-01-19,1687.4091,1447.6133,1509.6606,722.6076,2588.1558,1475.8293,996.2892,535.7122
2022-01-20,1718.3203,1476.1454,1522.3654,723.4378,2641.923,1503.2729,1010.0222,537.461
2022-01-21,1742.7297,1497.1526,1511.3177,719.2868,2663.9186,1522.1404,1022.0386,538.2382
2022-01-24,1726.7642,1479.2808,1509.1082,717.6264,2650.0695,1502.6603,1016.0304,524.8308
2022-01-25,1711.8982,1461.409,1523.4701,719.6189,2645.9962,1483.0577,1011.9534,525.9967
2022-01-26,1726.4747,1471.7559,1532.8606,719.9509,2655.7721,1487.9584,1027.1885,523.2764
2022-01-27,1753.8848,1498.0932,1528.9939,722.6076,2719.3151,1500.5775,1046.286,514.5324
2022-01-28,1781.8818,1541.9888,1526.232,713.8075,2751.9013,1528.7562,1065.8127,521.7219
2022-02-07,1833.5764,1574.2834,1518.4987,730.7436,2962.082,1539.0476,1090.2747,532.6032
2022-02-08,1752.896,1556.7251,1541.6987,723.7699,3010.1466,1503.6404,1071.6063,533.2554
2022-02-09,1779.9781,1546.3783,1532.8606,721.7774,3053.3232,1475.7068,1059.1607,519.8825
2022-02-10,1791.0968,1547.3189,1540.0416,720.117,3107.0904,1471.6637,1068.6022,518.8649
2022-02-11,1778.6078,1529.1336,1527.8892,722.4416,3050.8793,1461.985,1065.5981,520.1301
2022-02-14,1797.3385,1551.0814,1532.3082,722.6076,3033.7715,1468.7233,1082.1207,512.0003
2022-02-15,1811.202,1559.8605,1530.0987,711.1508,3003.6293,1459.9022,1096.2829,501.0428
2022-02-16,1806.3546,1558.6064,1527.3368,703.679,3020.7371,1461.6174,1092.4204,507.4052
2022-02-17,1805.5837,1559.2335,1533.9654,707.996,3070.431,1451.9386,1087.2706,506.875
2022-02-18,1842.3899,1585.8843,1531.7559,706.8338,3080.2068,1462.475,1118.3845,501.573
2022-02-21,1854.4611,1596.2312,1526.232,706.3356,3098.1292,1508.6636,1129.7572,493.0897
2022-02-22,1879.5935,1601.5613,1538.3844,707.3319,3158.4136,1522.998,1155.5066,489.0248
2022-02-23,1915.6222,1614.1029,1549.4321,707.83,3182.0386,1540.8853,1199.2807,493.0897
2022-02-24,1981.6904,1681.2004,1567.1083,712.3131,3309.1246,1632.2824,1244.1276,501.7497
2022-02-25,1942.5686,1639.4996,1573.1845,693.7166,3191.8144,1592.8322,1218.8073,504.0472
2022-02-28,1937.1538,1660.1933,1577.6036,688.0712,3146.1938,1563.3058,1223.3135,504.5774
2022-03-01,1998.8354,1705.6565,1587.5465,694.2147,3186.1118,1603.8586,1289.8329,497.6848
2022-03-02,2018.1514,1726.9773,1593.6227,708.6602,3179.5946,1609.6169,1323.9509,499.6289
2022-03-03,2049.4351,1759.5854,1598.0417,704.0111,3173.0774,1646.9843,1355.0648,490.2619
2022-03-04,1955.8906,1692.8014,1594.175,700.0261,3178.78,1596.5077,1257.4315,490.9689
2022-03-07,1985.2574,1697.8181,1614.6132,704.8413,3331.1203,1629.2195,1278.0311,473.1187
2022-03-08,1997.1422,1698.4451,1598.0417,711.981,3383.2581,1640.3684,1283.8247,469.7607
2022-03-09,2065.9175,1742.9678,1595.2798,717.1283,3439.4692,1664.9942,1364.5063,474.3558
2022-03-10,1997.0303,1676.4973,1569.8702,709.6564,3364.5211,1601.0408,1314.724,470.8211
2022-03-11,1993.5419,1660.1933,1579.8131,712.9773,3410.1417,1583.1534,1324.5947,464.1052
2022-03-14,1926.0424,1630.7205,1577.0512,705.5054,3437.0253,1552.2793,1228.4634,453.8546
2022-03-15,1875.687,1603.7561,1570.4226,699.3619,3357.1892,1518.2199,1181.4706,452.7942
2022-03-16,1923.152,1640.7538,1581.4703,708.8262,3416.6589,1555.4648,1225.0301,446.255
2022-03-17,1890.7235,1613.7894,1576.4988,707.83,3401.9952,1516.8722,1173.5312,446.4317
2022-03-18,1921.4244,1636.0507,1595.8322,713.6414,3477.758,1558.6502,1186.4059,447.1387
2022-03-21,1908.2422,1613.1623,1593.6227,715.6339,3484.2752,1552.5244,1169.4542,463.575
2022-03-22,1943.5487,1631.6612,1599.6989,717.6264,3580.4044,1546.031,1208.5076,457.2126
2022-03-23,1955.3522,1615.0435,1605.2227,715.966,3590.1802,1546.2761,1231.8966,452.6175
2022-03-24,1951.6655,1622.255,1603.0132,717.2943,3574.7018,1577.0276,1222.4552,454.2081
2022-03-25,1952.634,1615.0435,1594.7274,723.6038,3541.301,1579.2329,1242.1964,449.0828
2022-03-28,1922.3943,1612.2217,1581.4703,726.4265,3470.4261,1559.1402,1242.411,446.9619
2022-03-29,1917.2634,1610.7129,1577.0512,721.9434,3410.9564,1543.5807,1251.6379,459.1566
2022-03-30,1891.1945,1598.7094,1569.8702,722.1095,3345.339,1529.4913,1235.9736,455.7987
2022-03-31,1891.6523,1619.1888,1568.7655,722.4416,3352.8235,1544.3158,1233.3987,459.6868
2022-04-01,1813.1024,1577.4654,1565.4512,721.9434,3165.4018,1524.8357,1171.8146,457.9195
2022-04-06,1882.8889,1651.6878,1587.0675,719.2588,3204.1695,1586.1182,1249.6429,451.6919
2022-04-07,1862.7354,1644.0426,1584.3554,716.513,3181.7337,1567.282,1235.4312,453.4229
2022-04-08,1889.8762,1671.7566,1571.2354,717.2199,3224.1125,1573.6079,1253.7799,450.523
2022-04-11,1888.2377,1669.5267,1565.9427,715.654,3273.1389,1562.2616,1249.1433,437.3147
2022-04-12,1929.4148,1705.523,1568.6297,724.7368,3259.8436,1605.779,1289.8842,440.5724
2022-04-13,1922.6881,1698.5149,1567.5549,725.9364,3244.8864,1610.3925,1287.9441,439.139
2022-04-14,1954.0361,1723.0433,1584.7512,730.2208,3263.9984,1637.4506,1323.8349,435.4904
2022-04-15,1985.9266,1742.7935,1596.0364,736.5616,3259.8436,1669.9951,1362.6357,433.6661
2022-04-18,1982.6366,1738.6523,1594.4242,737.0757,3268.9841,1659.3964,1366.5158,466.7644
2022-04-19,2008.8895,1766.3663,1607.3215,739.3035,3347.925,1672.2396,1389.3112,469.8918
2022-04-20,1979.2538,1742.4749,1616.457,733.4768,3377.0085,1665.0075,1348.8129,465.331
2022-04-21,1992.2056,1758.0839,1619.6813,735.0192,3421.8802,1677.8507,1358.7556,463.8976
2022-04-22,1979.8169,1763.4993,1604.0971,735.3619,3386.149,1679.347,1343.2353,469.8918
2022-04-25,1961.4449,1742.7935,1594.4242,722.6803,3287.2652,1672.1149,1350.2679,480.3165
2022-04-26,1990.9965,1772.7373,1608.9336,724.2227,3309.701,1697.9261,1382.2786,477.7103
2022-04-27,2020.89,1797.5843,1604.6345,723.7086,3324.6582,1713.2631,1412.5917,484.0954
2022-04-28,2056.7954,1818.6086,1628.2795,744.9588,3376.1776,1738.9496,1452.3625,480.0558
2022-04-29,2094.0012,1835.4919,1635.8029,746.1585,3384.4871,1744.8101,1490.1933,483.5742
2022-05-05,2041.1866,1796.3101,1623.9804,750.4428,3365.3751,1699.7965,1440.9648,479.4043
2022-05-06,2006.5853,1769.8703,1607.3215,730.0494,3306.3772,1688.2001,1401.9215,481.7498
2022-05-09,1997.2489,1766.0477,1605.7093,725.0796,3240.7316,1685.2075,1402.649,499.2112
2022-05-10,1995.682,1751.7129,1592.812,726.1078,3263.1674,1682.9631,1400.709,493.9988
2022-05-11,1998.4645,1755.8541,1594.4242,729.1925,3266.4913,1677.352,1404.104,503.5113
2022-05-12,1985.8729,1760.3138,1597.1111,728.1643,3268.1532,1671.8655,1382.2786,503.9023
2022-05-13,2030.2584,1803.9553,1608.3962,732.7914,3368.6989,1704.41,1415.2593,513.936
2022-05-16,2030.0117,1811.282,1612.1579,731.7631,3440.9922,1687.2026,1411.3792,515.7603
2022-05-17,2008.2003,1797.5843,1617.5318,736.3902,3431.0207,1668.9976,1384.2186,490.4805
2022-05-18,2011.2141,1795.9915,1615.9196,729.5353,3434.3445,1667.1272,1396.1014,494.6504
2022-05-19,2011.6055,1799.177,1611.0832,727.8215,3418.5564,1679.2223,1400.709,496.8656
2022-05-20,2043.5084,1820.2014,1617.5318,729.5353,3468.4138,1685.831,1426.172,496.8656
2022-05-23,2035.6968,1824.3426,1603.5598,718.0533,3480.0472,1682.8384,1420.5944,497.6475
2022-05-24,2048.2529,1828.4837,1587.9756,708.7991,3405.261,1688.3248,1440.4798,496.8656
2022-05-25,2055.1436,1843.1371,1581.5269,704.8575,3411.9087,1699.2977,1439.2673,498.4293
2022-05-26,2047.8573,1839.633,1577.7652,702.9724,3421.0492,1700.6693,1431.7496,486.5713
2022-05-27,2096.9197,1869.8954,1582.0643,704.0007,3490.0186,1739.199,1466.6703,488.2653
2022-05-30,2058.7471,1848.2339,1570.2418,689.434,3484.2019,1743.8126,1422.5344,491.9139
2022-05-31,2080.9104,1875.6293,1577.2278,707.9423,3499.9901,1756.6558,1438.5397,497.2565
2022-06-01,2068.1499,1864.48,1544.9847,700.5732,3433.5136,1752.6657,1439.9948,493.8685
2022-06-02,2096.1956,1874.6737,1544.9847,695.0893,3444.316,1762.267,1462.5477,495.6928
2022-06-06,2107.0742,1896.3351,1553.5829,699.7163,3445.147,1757.1546,1464.7303,501.687
2022-06-07,2122.5166,1910.9885,1548.209,695.432,3426.035,1773.6139,1474.4305,487.2228
2022-06-08,2137.4309,1930.7387,1556.2698,696.4603,3484.2019,1801.0461,1472.4904,487.3531
2022-06-09,2065.1389,1878.4963,1532.0874,698.8595,3478.3852,1777.9781,1395.8589,488.0046
2022-06-10,2075.4648,1893.1496,1540.6856,696.4603,3543.1999,1801.5448,1395.8589,487.3531
2022-06-13,2044.1553,1866.3913,1550.8959,696.4603,3460.9352,1784.4621,1367.9708,500.2536
2022-06-14,2055.2771,1879.1334,1551.9707,698.0026,3438.4993,1792.8164,1384.4611,506.2478
2022-06-15,1997.7581,1842.1814,1547.6716,680.6939,3410.2468,1742.441,1332.08,505.3356
2022-06-16,1974.2013,1812.5562,1551.4333,670.4115,3421.8802,1709.1483,1308.5571,503.7719
2022-06-17,1970.6884,1808.415,1561.1063,668.8692,3480.0472,1691.6915,1301.7669,510.4177
2022-06-20,1920.7013,1766.0477,1559.4941,659.4437,3431.0207,1667.7507,1237.5031,514.9785
2022-06-21,1879.7816,1721.132,1558.4193,653.4456,3401.9372,1633.5852,1209.13,514.0663
2022-06-22,1828.2347,1652.0064,1535.3117,647.4476,3344.6012,1590.4419,1177.6043,504.8144
2022-06-23,1793.8718,1630.6635,1520.2649,631.8526,3199.1838,1558.7702,1164.7516,515.2391
2022-06-24,1725.1056,1574.917,1497.1573,590.5517,3143.5096,1465.9996,1104.3678,512.7632
2022-06-27,1756.9039,1620.7884,1503.0686,587.6383,3178.4098,1474.4787,1132.2559,538.1733
2022-06-28,1801.8795,1652.3249,1512.7415,603.7474,3238.2387,1516.7491,1180.2719,534.655
2022-06-29,1781.6992,1636.7159,1510.592,602.3764,3224.9434,1509.8911,1153.3538,538.434
2022-06-30,1785.3469,1637.353,1493.933,605.1184,3248.2102,1502.9084,1159.659,542.8644
2022-07-01,1716.6068,1552.2999,1453.0917,593.465,3219.1267,1452.6576,1083.2699,557.0681
2022-07-04,1706.7522,1551.3442,1461.1525,592.9509,3188.3813,1443.0564,1079.1473,591.4694
2022-07-05,1648.726,1470.7508,1446.1057,589.8662,3186.7194,1381.9575,1023.8562,578.9598
2022-07-06,1591.3297,1421.3753,1444.4935,591.5799,3157.6359,1315.9956,971.7176,553.0285
2022-07-07,1597.7487,1420.1011,1460.6151,573.9285,3222.4505,1291.3066,962.0174,573.2263
2022-07-08,1634.2721,1461.1942,1464.9142,564.3316,3244.0554,1341.0586,998.8782,597.8546
2022-07-11,1648.0928,1472.3435,1474.0497,563.4747,3312.1939,1348.5401,994.2706,591.7301
2022-07-12,1631.0912,1471.3879,1456.8534,548.0512,3288.0961,1338.5648,971.9601,590.6876
2022-07-13,1583.9078,1406.4034,1453.6291,514.9761,3249.0412,1323.9758,932.9168,591.2088
2022-07-14,1609.0247,1433.7988,1454.7038,503.8369,3293.0819,1365.1241,936.0694,581.1751
2022-07-15,1580.0286,1427.1093,1441.2692,487.2137,3245.7173,1350.5352,901.1486,551.4648
2022-07-18,1638.5175,1482.8557,1440.7318,523.5448,3294.7438,1384.7007,974.8702,565.929
2022-07-19,1612.785,1477.4403,1403.6522,483.6149,3239.0697,1347.9166,957.4098,561.6288
2022-07-20,1614.7987,1486.3598,1407.9513,496.4679,3165.1145,1352.4055,983.6003,550.0314
2022-07-21,1599.0204,1472.6621,1406.8765,508.464,3174.2551,1363.6278,956.9248,535.6975
2022-07-22,1581.6072,1451.3191,1377.8576,520.8028,3123.5667,1372.2315,943.587,546.5131
2022-07-25,1584.2858,1452.9119,1396.6662,518.9177,3150.1573,1390.5612,938.2519,526.4456
2022-07-26,1637.3026,1506.4285,1410.6382,513.6052,3239.0697,1432.5823,979.4778,528.2699
2022-07-27,1629.5837,1493.3679,1422.4607,508.8067,3257.3507,1441.5601,954.7422,539.0855
2022-07-28,1696.7815,1573.6428,1435.8953,507.7785,3292.2509,1496.0503,1017.551,545.3403
2022-07-29,1721.1382,1602.6309,1434.8206,511.9636,3313.8558,1504.5293,1044.4691,547.2949
2022-08-01,1706.9528,1586.3848,1433.2084,498.6486,3330.4749,1482.2095,1028.4638,542.3432
2022-08-02,1680.5867,1569.4037,1441.2529,491.3836,3284.304,1491.4464,985.337,543.451
2022-08-03,1683.4464,1588.3064,1442.6298,495.2911,3287.6386,1491.7181,982.6035,536.4265
2022-08-04,1635.1195,1515.6751,1427.6591,491.3912,3267.086,1438.9628,945.6421,536.1652
2022-08-05,1674.1396,1536.464,1441.0003,488.9094,3391.4057,1463.1125,977.8473,546.4724
2022-08-08,1700.5607,1571.5476,1438.8913,503.8,3357.6467,1493.8185,1010.0133,529.0008
2022-08-09,1696.0402,1573.187,1438.8913,506.8136,3362.2088,1494.6266,1014.2197,532.6407
2022-08-10,1697.2633,1577.7774,1444.6912,504.3318,3390.4933,1497.0507,1010.7556,527.6662
2022-08-11,1716.2947,1595.4831,1436.7823,523.4769,3395.0553,1520.6189,1037.7256,527.3022
2022-08-12,1746.0233,1619.7465,1453.6546,523.1224,3431.5515,1552.941,1067.4173,528.7581
2022-08-15,1711.1279,1583.6793,1433.0915,549.8901,3363.1212,1520.3495,1048.1177,539.5566
2022-08-16,1701.9247,1575.1543,1452.6001,547.0538,3353.0847,1491.6637,1047.128,547.5644
2022-08-17,1703.7733,1586.9581,1436.7823,550.5992,3334.8366,1496.108,1047.3754,546.3511
2022-08-18,1669.7759,1551.8746,1416.7464,525.9587,3320.2382,1461.0924,1012.7351,547.3217
2022-08-19,1679.6609,1564.9899,1416.2191,525.0724,3364.0336,1464.8633,1023.1272,552.9029
2022-08-22,1707.9708,1597.7783,1417.2737,532.3404,3374.07,1482.1017,1054.7984,565.5213
2022-08-23,1710.6846,1595.4831,1443.1094,529.8586,3515.4926,1485.738,1040.4474,566.8559
2022-08-24,1754.2576,1642.6984,1452.6001,531.6313,3541.9523,1536.1065,1079.294,564.5506
2022-08-25,1741.7137,1637.1244,1437.3095,529.3268,3496.3321,1526.9486,1067.1699,575.349
2022-08-26,1728.7185,1627.6157,1454.7091,535.7085,3442.5003,1508.0941,1066.675,577.7756
2022-08-29,1732.2612,1636.4686,1479.4903,534.6449,3457.0988,1492.8758,1069.3968,572.4371
2022-08-30,1708.7783,1610.5658,1472.1087,529.6814,3432.4639,1483.7179,1044.9011,572.3158
2022-08-31,1725.8263,1625.9763,1474.745,532.3404,3457.0988,1495.9733,1062.4687,566.3706
2022-09-01,1674.7792,1559.7438,1475.7995,528.2632,3442.5003,1436.9855,1013.23,565.036
2022-09-02,1651.6017,1528.9227,1471.0541,503.8,3485.3833,1415.0334,983.0434,558.7268
2022-09-05,1674.6022,1560.7274,1476.854,513.9044,3525.5291,1442.5072,997.6418,567.3412
2022-09-06,1672.1461,1566.9572,1490.5627,515.4998,3477.1717,1445.3354,996.4046,558.8481
2022-09-07,1636.3402,1508.5939,1474.745,513.1953,3503.6314,1391.3306,961.7643,566.6132
2022-09-08,1627.676,1495.1506,1478.963,509.2954,3501.8066,1384.1928,953.3516,556.6641
2022-09-09,1628.5077,1497.7737,1485.2901,515.1453,3514.5802,1395.3708,950.6299,560.3041
2022-09-13,1686.16,1547.2842,1496.8899,515.3225,3704.3603,1422.9793,984.0331,565.7639
2022-09-14,1679.6104,1541.7102,1496.8899,512.1317,3687.937,1414.6294,982.7959,567.0986
2022-09-15,1661.7198,1518.7583,1492.6718,525.7814,3635.93,1400.6232,973.641,565.1573
2022-09-16,1650.7697,1503.3477,1494.7808,514.0817,3648.7036,1393.7547,962.754,567.7052
2022-09-19,1645.2458,1496.7901,1501.6352,505.3954,3649.616,1382.9807,960.7746,567.8266
2022-09-20,1641.5354,1490.5603,1494.2536,502.7364,3659.6525,1384.5968,944.939,551.9323
2022-09-21,1670.4912,1517.7746,1502.1625,497.9501,3702.5354,1409.2424,976.6102,549.0203
2022-09-22,1673.2534,1511.5448,1500.5807,503.6227,3719.8711,1419.7471,977.105,537.8579
2022-09-23,1659.3643,1495.8064,1491.09,488.5548,3692.499,1426.2115,959.7849,541.2552
2022-09-26,1611.7021,1444.0008,1466.8361,479.3368,3662.3897,1384.1928,902.8757,528.8795
2022-09-27,1619.6211,1453.8373,1464.1998,476.855,3682.4626,1422.4406,898.1745,543.8031
2022-09-28,1615.972,1441.7056,1452.6001,468.7006,3704.3603,1447.2208,872.6891,543.5605
2022-09-29,1634.527,1460.0671,1458.3999,474.9051,3778.265,1461.2271,879.1223,542.3472
2022-09-30,1631.9569,1458.0998,1462.0907,475.7914,3739.944,1488.1621,877.6378,548.171
2022-10-10,1661.4659,1498.7574,1478.4358,477.5641,3734.4696,1491.933,933.3097,576.6837
2022-10-11,1660.3694,1513.5121,1490.5627,487.6685,3690.6742,1489.9129,951.3722,577.169
2022-10-12,1672.4727,1540.3986,1497.4171,494.0502,3718.9587,1502.4377,950.3825,580.8089
2022-10-13,1669.725,1545.6448,1498.4716,482.8822,3720.7835,1515.6359,939.9904,581.7796
2022-10-14,1696.026,1568.2688,1513.2349,491.3912,3798.3379,1519.2721,966.9604,579.4743
2022-10-17,1659.954,1535.8083,1505.326,487.314,3698.8858,1484.7953,950.8773,577.0477
2022-10-18,1670.5424,1554.1698,1505.326,482.7049,3652.3532,1506.7473,985.0228,583.4782
2022-10-19,1681.7405,1564.0063,1504.2715,478.9823,3638.6672,1529.6421,1007.0442,572.4371
2022-10-20,1682.9944,1571.2197,1505.326,467.9916,3662.3897,1514.5585,1014.962,566.6132
2022-10-21,1676.3158,1572.8591,1517.453,468.8779,3656.9152,1500.9563,1013.4774,568.6759
2022-10-24,1661.1379,1555.4813,1518.5075,471.1824,3697.061,1481.4284,992.4457,546.4724
2022-10-25,1671.9709,1565.6457,1505.8533,467.8143,3682.4626,1489.5089,1019.4157,557.6348
2022-10-26,1675.3546,1564.662,1513.7622,466.2189,3742.6812,1504.9965,1010.2608,543.8031
2022-10-27,1665.7279,1544.989,1514.8167,460.9008,3716.2215,1500.4176,1010.2608,542.8325
2022-10-28,1631.2991,1500.7247,1506.3805,455.76,3687.937,1475.5027,980.5691,531.6701
2022-10-31,1636.2148,1487.2814,1521.1438,442.642,3750.8929,1451.2611,990.2189,530.6994
2022-11-01,1687.573,1528.2669,1519.562,449.201,3863.1186,1503.3804,1034.2616,525.4822
2022-11-02,1702.5664,1562.039,1506.3805,459.4826,3833.0092,1516.1746,1055.2932,540.8912
2022-11-03,1702.175,1567.2851,1497.4171,458.419,3841.2209,1510.9223,1050.3446,533.2474
2022-11-04,1717.9539,1582.6957,1511.6531,467.4598,3821.148,1552.941,1063.211,538.7072
2022-11-07,1712.0112,1568.2688,1522.1983,467.1052,3848.5201,1559.54,1051.5818,540.5272
2022-11-08,1715.5704,1557.1207,1524.8346,464.978,3878.6294,1566.9472,1055.2932,521.721
2022-11-09,1701.0842,1524.3323,1513.7622,460.5463,3886.8411,1566.2738,1032.5296,514.8051
2022-11-10,1714.3381,1518.7583,1515.8712,465.5098,3920.6,1586.0711,1031.7873,513.3492
2022-11-11,1721.834,1532.8573,1519.0348,471.537,3863.1186,1579.7413,1058.2624,522.6916
2022-11-14,1684.1249,1493.5112,1503.217,469.0552,3798.3379,1573.2769,1016.9414,523.9049
2022-11-15,1685.0497,1500.0689,1497.4171,474.9051,3785.5642,1596.0371,1013.7248,528.7581
2022-11-16,1674.7471,1506.2987,1491.09,474.9051,3803.8123,1576.6438,999.3738,527.9088
2022-11-17,1664.4063,1504.0035,1483.7084,478.9823,3780.0898,1593.7476,978.3422,524.2689
2022-11-18,1652.1514,1508.5939,1484.7629,480.5777,3749.0681,1568.2939,977.105,518.4451
2022-11-21,1639.563,1487.2814,1504.2715,469.7643,3776.4402,1511.865,975.373,507.1613
2022-11-22,1640.5142,1480.7238,1505.8533,475.9687,3802.8999,1500.5523,983.0434,507.04
2022-11-23,1647.036,1486.6257,1517.9802,475.4369,3843.0457,1493.4145,998.1367,490.0537
2022-11-24,1668.0325,1511.217,1523.2528,477.3869,3883.1914,1503.2458,1019.9106,492.723
2022-11-25,1672.8748,1513.5121,1546.9795,477.3869,3926.0744,1481.8324,1027.0861,492.723
2022-11-28,1652.2594,1494.8228,1548.034,466.928,3850.3449,1494.2225,1008.5288,500.9735
2022-11-29,1688.3926,1539.7429,1535.3798,472.6006,3887.7535,1504.1885,1054.5509,497.8189
2022-11-30,1699.6193,1557.7765,1533.2708,468.6204,3921.5124,1519.2721,1061.7264,497.0909
2022-12-01,1683.6831,1550.2351,1523.5625,479.2221,3901.4395,1493.5491,1051.0869,504.6134
2022-12-02,1660.2615,1516.0453,1520.0684,480.9761,3901.4479,1496.3605,1023.7108,518.2127
2022-12-05,1655.7147,1526.0576,1506.932,480.9761,3884.3806,1491.1579,1013.2019,511.463
2022-12-06,1650.9818,1522.7308,1504.6951,486.8744,3906.7609,1497.7781,1003.3074,513.9361
2022-12-07,1646.1,1519.527,1494.0537,486.8744,3940.2354,1474.6789,996.6739,496.6262
2022-12-08,1660.4208,1527.1471,1505.2272,489.3767,4040.6371,1484.9116,990.7981,482.9663
2022-12-09,1664.5986,1529.9181,1498.8423,494.9175,4073.7484,1505.0847,990.5533,483.5073
2022-12-12,1613.2866,1484.8899,1495.6499,493.1301,4011.7983,1471.1706,942.568,463.2203
2022-12-13,1627.7141,1515.3705,1498.3103,494.7387,3998.9811,1505.377,959.216,445.7734
2022-12-14,1620.6729,1519.527,1482.8802,496.8836,3958.3931,1520.4337,966.5607,446.1792
2022-12-15,1614.1693,1509.8286,1485.0085,501.5307,3975.4828,1530.0817,964.1124,450.1013
2022-12-16,1601.1943,1478.3089,1498.8423,505.6416,4007.5259,1494.852,958.7263,429.9495
2022-12-19,1585.3344,1466.5323,1482.8802,492.4152,3956.2569,1472.34,950.6472,418.4536
2022-12-20,1580.6249,1459.6049,1469.0464,496.1686,3972.2785,1471.0244,945.7507,425.6216
2022-12-21,1593.8851,1472.4206,1460.5333,503.1393,4013.9345,1484.4731,960.4401,432.7897
2022-12-22,1579.6454,1452.3311,1465.3219,496.1686,4032.0923,1482.5727,939.875,444.1505
2022-12-23,1570.7513,1433.2808,1464.2578,497.241,4045.9777,1481.5494,931.0614,430.0848
2022-12-26,1609.2057,1474.4988,1477.0275,501.3519,4142.107,1498.6527,966.3158,457.9456
2022-12-27,1644.6338,1522.9907,1483.4123,508.3226,4158.1286,1550.2547,1000.1014,454.6997
2022-12-28,1643.3815,1539.9289,1503.5795,508.0445,4100.451,1567.5798,1000.5913,453.4825
2022-12-29,1643.7349,1537.838,1500.3826,506.2593,4146.3794,1571.9885,997.1637,440.9045
2022-12-30,1662.9742,1550.7317,1504.6451,509.1155,4204.057,1578.1607,1020.6667,436.7119
2023-01-03,1662.4846,1549.6863,1513.17,512.6858,4211.5338,1575.8094,1013.5669,422.3757
2023-01-04,1646.4971,1534.7017,1531.8182,510.7221,4129.2898,1564.3468,1007.2015,425.2159
2023-01-05,1625.2938,1523.2019,1533.4166,509.6511,4091.9061,1534.5147,993.981,429.8143
2023-01-06,1623.7588,1524.2473,1537.6791,512.6858,4055.5906,1528.4895,998.8775,426.8389
2023-01-09,1612.2847,1504.7325,1539.8103,513.7568,4079.0889,1503.9479,977.8227,426.2979
2023-01-10,1591.0654,1481.3844,1531.2854,515.7205,4039.569,1484.6966,953.0956,416.5601
2023-01-11,1596.9821,1482.7783,1530.7526,514.8279,4080.157,1485.5784,954.0749,402.224
2023-01-12,1608.752,1489.3994,1534.4822,513.0428,4141.0389,1477.6427,957.9921,400.1953
2023-01-13,1607.6735,1486.9601,1532.8838,514.2924,4182.695,1454.7176,948.6888,400.8715
2023-01-16,1607.0199,1491.4903,1534.4822,510.1866,4164.5372,1457.9506,950.6474,410.6093
2023-01-17,1605.2118,1489.3994,1536.6135,513.2213,4148.5156,1460.155,949.9129,405.0641
2023-01-18,1628.1733,1522.1564,1544.0727,525.0031,4221.1467,1477.2019,959.7058,407.0928
2023-01-19,1616.0181,1525.6412,1531.2854,528.7518,4150.6518,1462.6532,959.7058,404.9289
2023-01-20,1613.4359,1531.2169,1523.2933,530.1799,4102.5872,1466.0332,965.5816,412.638
2023-01-30,1633.4656,1552.8226,1540.8759,531.4295,4164.5372,1472.7932,980.7606,389.9165
2023-01-31,1624.474,1543.0652,1514.2356,539.1055,4172.0139,1462.0654,964.6023,393.7034
2023-02-01,1616.8262,1528.7775,1507.8419,542.3187,4154.9243,1461.9185,958.4817,392.0804
2023-02-02,1593.2881,1486.9601,1509.0175,539.284,4139.9708,1420.6238,937.1821,391.3471
2023-02-03,1607.163,1499.5053,1510.6128,537.1419,4155.9924,1451.1907,953.5853,380.2676
2023-02-06,1615.7343,1505.7779,1490.9408,532.8576,4189.1036,1458.5385,963.1333,391.6184
2023-02-07,1616.7573,1522.5049,1492.4294,532.5006,4130.3579,1454.4237,977.8227,391.3262
2023-02-08,1619.2766,1527.7321,1492.9588,527.6807,4129.2898,1450.6028,982.964,390.9655
2023-02-09,1609.7062,1526.6867,1482.8998,529.4659,4079.0889,1454.1298,980.271,395.4137
2023-02-10,1596.2024,1499.1568,1482.8998,516.97,4115.4044,1431.4986,959.7058,395.8946
2023-02-13,1599.4425,1504.7325,1499.8412,511.0791,4146.3794,1445.4594,955.0542,408.2776
2023-02-14,1607.9825,1512.399,1510.4296,510.9006,4145.3113,1449.7211,968.7643,405.8732
2023-02-15,1594.0181,1502.6416,1506.7236,512.3287,4099.3829,1438.9933,959.461,408.1574
2023-02-16,1604.8219,1522.5049,1512.0178,512.3287,4096.1785,1456.3341,975.6193,413.9281
2023-02-17,1625.6807,1548.6409,1518.3708,505.9023,4088.7018,1472.2054,1002.0602,421.0213
2023-02-20,1632.8817,1552.1256,1523.1356,513.0428,4129.2898,1465.1515,1005.9774,415.3708
2023-02-21,1628.58,1546.8985,1522.0768,516.256,4119.6768,1465.8863,1002.0602,421.0213
2023-02-22,1635.1044,1550.7317,1523.1356,516.4345,4137.8346,1462.9471,1012.0979,425.1089
2023-02-23,1623.54,1540.9743,1515.7238,515.7205,4101.5191,1448.3985,1004.9981,419.9393
2023-02-24,1640.4618,1559.4437,1517.8414,510.0081,4121.813,1451.4846,1022.6253,421.7426
2023-02-27,1624.2881,1547.5954,1505.6648,510.1866,4085.4975,1445.3124,1011.1186,411.2832
2023-02-28,1612.291,1541.6713,1501.9589,512.8643,4032.0923,1445.0185,1007.2015,414.8899
2023-03-01,1610.8489,1544.4591,1510.959,515.7205,4000.0492,1447.0759,1012.0979,412.6056
2023-03-02,1619.0798,1549.3378,1507.7825,525.1816,3990.4363,1462.6532,1020.9116,414.7697
2023-03-03,1636.9969,1575.1253,1502.4883,526.6097,4019.2751,1479.1123,1030.4596,409.4798
2023-03-06,1617.457,1549.3378,1495.0765,524.4675,4039.569,1444.8716,1009.8945,402.8676
2023-03-07,1617.9271,1547.5954,1507.2531,523.575,4065.2035,1435.4664,1004.0188,404.5507
2023-03-08,1602.5605,1523.8988,1511.4884,523.575,4058.7949,1420.3299,987.8605,399.7418
2023-03-09,1605.2701,1524.2473,1503.5471,517.1485,4080.157,1405.4873,987.8605,391.4464
2023-03-10,1579.9897,1491.4903,1508.8413,511.9717,4057.7268,1355.9632,968.5195,382.9105
2023-03-13,1577.343,1488.7025,1500.9,508.223,4068.4078,1349.3501,963.623,378.3421
2023-03-14,1555.5898,1458.3848,1499.8412,508.223,4021.4113,1341.4145,947.2199,390.6048
2023-03-15,1557.9539,1458.3848,1499.3118,509.6511,4024.6156,1325.2494,958.4817,384.9543
2023-03-16,1534.7374,1422.8399,1495.0765,493.7635,4000.0492,1289.9799,946.7302,384.233
2023-03-17,1534.0583,1425.6278,1501.4295,496.2627,3953.0526,1297.7686,955.7887,385.6757
2023-03-20,1508.1344,1415.5219,1505.1354,499.1189,3844.106,1289.686,931.0615,380.987
2023-03-21,1510.3878,1414.1279,1471.2526,497.3337,3887.8983,1271.7574,932.5305,382.1892
2023-03-22,1484.4314,1380.674,1465.429,499.4759,3847.3103,1263.2339,902.4173,381.5881
2023-03-23,1458.6417,1368.1287,1469.6644,498.5833,3785.3603,1220.6167,883.8107,377.8612
2023-03-24,1458.3208,1367.4318,1462.1379,496.0842,3745.8405,1219.441,897.276,377.9814
2023-03-27,1454.5763,1365.6894,1441.4372,496.6197,3723.4103,1225.1723,898.0105,371.3691
2023-03-28,1475.3374,1393.9162,1459.5273,507.1519,3762.9301,1246.187,916.617,372.0905
2023-03-29,1474.775,1398.4464,1459.8478,513.3998,3775.7474,1240.1618,920.0445,364.9973
2023-03-30,1484.8323,1419.0067,1461.4468,511.4362,3772.5431,1251.7713,933.265,364.9973
2023-03-31,1480.9324,1417.9612,1451.8531,511.4362,3750.1129,1272.4921,929.5926,362.4726
2023-04-03,1512.7081,1444.7941,1450.2541,511.7932,3885.7621,1275.4313,948.6888,359.2266
2023-04-04,1521.5768,1462.5244,1450.7871,512.7909,3912.8744,1284.2563,959.5914,360.0325
2023-04-06,1502.9159,1442.9156,1444.9242,517.4053,3846.4267,1283.0557,950.281,357.7232
2023-04-07,1493.6481,1443.0645,1453.985,524.5222,3811.9959,1285.6677,944.5752,357.9617
2023-04-10,1479.4398,1422.5997,1472.6395,521.4874,3792.7322,1270.9919,932.313,352.8496
2023-04-11,1495.5844,1435.8648,1475.3044,520.7831,3804.3631,1282.2923,946.5369,351.3343
2023-04-12,1478.3094,1423.3167,1469.4416,518.6704,3759.9542,1265.0444,934.8992,349.819
2023-04-13,1469.158,1410.0515,1461.4468,523.7761,3813.8793,1257.1639,920.158,340.2942
2023-04-14,1458.7611,1400.7301,1468.9086,520.9592,3754.6674,1261.0298,915.2443,340.0777
2023-04-17,1463.457,1403.5982,1456.1169,532.5791,3767.3557,1264.5983,925.3304,349.1695
2023-04-18,1491.5592,1435.8648,1461.4468,533.2833,3801.191,1288.3885,951.7093,351.8754
2023-04-19,1474.4614,1418.656,1457.1829,533.8115,3690.1688,1285.8608,955.0713,360.859
2023-04-20,1445.8123,1388.1819,1444.3913,534.3397,3642.5878,1266.3826,935.1578,358.4778
2023-04-21,1418.4901,1353.4057,1424.1378,523.0719,3600.2936,1242.5924,915.5029,363.8896
2023-04-24,1415.302,1349.462,1424.1378,524.4804,3627.7848,1223.1141,905.1583,369.7344
2023-04-25,1418.0536,1352.6887,1423.6048,535.9242,3621.4407,1224.8984,910.8478,353.8237
2023-04-26,1424.8801,1361.6516,1431.0666,539.6215,3671.1364,1211.6651,910.8478,352.6331
2023-04-27,1406.3644,1339.065,1418.275,536.1003,3647.8746,1198.8779,888.6068,352.5249
2023-04-28,1411.7716,1338.7065,1409.2142,545.2554,3697.5702,1196.4988,885.2448,357.6119
2023-05-04,1413.2167,1363.0857,1386.2958,553.3541,3667.9643,1208.3939,896.6239,344.2989
2023-05-05,1429.8164,1361.6516,1386.8288,563.2134,3719.7747,1213.4494,914.9857,349.9272
2023-05-08,1450.7213,1375.9923,1401.2194,560.5725,3747.2659,1237.3883,931.2785,347.6542
2023-05-09,1440.494,1353.7642,1386.8288,549.3047,3729.2909,1225.0471,924.0373,346.3554
2023-05-10,1428.6624,1348.745,1367.6413,552.2977,3680.6526,1226.3853,916.796,339.8612
2023-05-11,1407.6592,1313.2517,1346.3219,550.009,3683.8246,1200.6621,893.0033,337.2636
2023-05-12,1411.6342,1313.6102,1353.2507,543.6708,3739.8644,1189.9565,882.9172,343.3248
2023-05-15,1414.9519,1316.8369,1350.0528,554.9386,3707.0864,1205.8662,894.0377,342.6754
2023-05-16,1409.5999,1297.4769,1355.9156,553.002,3751.4953,1200.8108,878.0035,343.3248
2023-05-17,1389.436,1281.3436,1357.5146,553.5302,3674.3084,1185.9419,869.2106,337.6965
2023-05-18,1390.1256,1280.268,1355.9156,558.2838,3689.1114,1178.5075,865.0727,339.6448
2023-05-19,1389.6285,1287.4384,1357.5146,563.2134,3651.0466,1191.7408,874.9001,334.8824
2023-05-22,1367.2081,1261.9836,1361.2455,567.791,3637.301,1141.1866,857.5728,328.4964
2023-05-23,1379.3901,1268.4369,1375.1031,568.1431,3688.054,1136.2799,862.7451,331.4188
2023-05-24,1363.2482,1252.6621,1362.8444,553.7062,3643.6451,1141.3353,854.4694,340.8354
2023-05-25,1371.7816,1268.0784,1374.0371,548.0723,3630.9569,1153.5278,869.7278,339.6448
2023-05-26,1383.2074,1290.3065,1393.7576,544.9033,3648.9319,1162.3004,881.3655,341.593
2023-05-29,1368.0531,1272.3806,1398.0215,550.8893,3620.3833,1158.1371,865.5899,337.0471
2023-05-30,1358.2229,1258.3984,1402.2854,545.9596,3611.9245,1153.6765,852.9177,329.9035
2023-05-31,1323.4818,1215.3762,1403.3514,545.7836,3572.8024,1110.5567,818.5217,328.9294
2023-06-01,1346.7981,1241.5481,1412.9451,577.4742,3641.5304,1131.8192,828.0905,329.3623
2023-06-02,1346.9908,1250.1525,1412.2962,575.3615,3592.8921,1147.1341,836.6249,326.97
2023-06-05,1367.4172,1260.191,1416.2781,590.1505,3699.685,1148.3237,843.6075,323.929
2023-06-06,1363.1631,1261.9836,1405.1773,593.6717,3706.0291,1149.6619,839.211,329.0742
2023-06-07,1358.408,1257.6814,1403.4432,592.0871,3677.4805,1142.8222,837.9179,324.6594
2023-06-08,1355.1028,1255.8888,1407.2377,593.8477,3680.6526,1138.9563,834.5559,324.2521
2023-06-09,1384.3425,1291.7406,1420.7897,591.2068,3694.3982,1181.0352,858.8659,323.9466
2023-06-12,1378.104,1286.3628,1400.1907,589.9744,3708.1438,1168.3966,849.0385,327.9183
2023-06-13,1391.5548,1294.9673,1413.2006,594.0238,3745.1512,1182.6708,854.4694,329.8532
2023-06-14,1405.3655,1310.3835,1413.2006,592.6153,3740.9218,1204.082,875.9346,334.9451
2023-06-15,1420.1505,1323.2902,1435.4258,590.5026,3801.191,1214.6389,880.3311,335.3524
2023-06-16,1469.5585,1378.1434,1447.3516,591.3829,3875.2059,1259.8403,926.8821,325.576
2023-06-19,1478.687,1384.2383,1450.6041,580.1151,3917.5001,1261.4758,930.5027,324.0484
2023-06-20,1491.9969,1392.8427,1451.1461,588.0378,3970.3678,1277.3855,935.675,323.6411
2023-06-21,1482.9594,1367.7464,1457.109,575.7136,4038.0385,1263.8549,909.8134,324.1503
2023-06-26,1487.0317,1372.7657,1458.7352,572.7206,4004.2032,1283.1844,920.9339,315.2903
2023-06-27,1478.8384,1371.6901,1471.7451,574.4812,3966.1384,1276.196,925.3304,318.04
2023-06-28,1491.8862,1389.9745,1464.6981,575.0094,3954.5075,1291.2136,950.1576,315.494
2023-06-29,1487.8024,1377.0679,1471.2031,573.2488,3950.2781,1289.4293,945.5025,316.8179
2023-06-30,1497.4354,1387.8234,1478.7922,586.6293,3971.4252,1303.7035,953.0023,315.9014
2023-07-03,1579.1497,1469.5656,1478.2501,591.0308,4192.4124,1384.2928,998.2603,323.2337
2023-07-04,1560.1575,1450.9226,1489.6338,581.1715,4205.1006,1370.7621,982.226,320.7896
2023-07-05,1561.5226,1454.8663,1506.9803,582.932,4219.9036,1366.0041,979.8985,320.6878
2023-07-06,1572.9224,1453.0737,1511.859,583.6363,4213.5595,1393.5115,978.6054,319.0584
2023-07-07,1556.4343,1436.5819,1511.3169,587.3335,4194.5271,1377.6018,964.3815,317.3271
2023-07-10,1562.2169,1439.0915,1506.4382,586.8053,4202.9859,1392.4707,971.8814,310.504
2023-07-11,1567.8939,1439.0915,1493.4283,602.1225,4223.0756,1407.0422,971.1055,310.7076
2023-07-12,1583.5411,1446.2619,1488.5496,607.0522,4283.3449,1432.1706,971.6227,307.0415
2023-07-13,1578.7065,1426.5434,1483.1288,606.524,4250.5669,1447.3368,960.2436,303.9863
2023-07-14,1583.4767,1444.8278,1484.213,603.0028,4253.7389,1442.7275,967.4849,304.19
2023-07-17,1580.3915,1436.2234,1492.8862,595.2562,4297.0905,1423.3979,978.0882,305.8194
2023-07-18,1583.6211,1443.7522,1466.3243,604.9394,4301.3199,1434.847,977.3123,308.569
2023-07-19,1604.0627,1465.2633,1473.9135,604.2352,4393.3098,1434.1035,991.5362,308.569
2023-07-20,1628.1316,1479.2455,1473.9135,603.707,4428.2025,1464.5847,1002.9154,312.4389
2023-07-21,1612.2836,1457.0174,1458.1932,604.4113,4394.3671,1463.6926,990.7604,308.569
2023-07-24,1590.0668,1439.45,1454.3986,595.9604,4402.826,1433.3601,973.4331,322.8264
2023-07-25,1606.4547,1451.2811,1456.5669,598.9478,4478.9555,1440.6458,993.0879,326.6962
2023-07-26,1620.64,1475.6604,1466.3243,600.7365,4514.9056,1460.4215,1011.7083,326.5944
2023-07-27,1618.4092,1475.3018,1459.8194,602.2421,4558.2572,1443.917,1000.3292,333.112
2023-07-28,1605.2032,1469.5655,1469.0347,601.2626,4519.135,1436.607,989.7259,336.4726
2023-07-31,1569.0817,1438.3745,1471.7451,608.2378,4496.9306,1394.8693,965.4159,349.1006
2023-08-01,1577.9478,1456.6589,1465.2402,609.1097,4558.2572,1402.1746,981.1916,345.3326
2023-08-02,1577.4833,1471.2436,1470.3183,609.1097,4582.6584,1395.0499,989.9848,346.1142
2023-08-03,1552.9386,1438.4324,1487.0866,598.9956,4547.8927,1366.7067,963.0115,343.2805
2023-08-04,1565.9076,1462.3447,1501.7078,597.775,4589.6569,1377.0942,972.23,346.0836
2023-08-07,1554.9539,1449.1623,1509.3541,605.4477,4554.0569,1380.2105,967.3594,346.1802
2023-08-08,1535.5878,1425.6881,1526.1995,596.7287,4537.1453,1364.184,946.8766,345.389
2023-08-09,1553.6011,1445.8612,1536.3068,598.1237,4621.7034,1381.8428,957.7662,346.1802
2023-08-10,1552.7296,1441.8266,1537.9914,598.4725,4634.9911,1359.287,957.7662,337.773
2023-08-11,1543.5717,1430.4563,1523.392,600.9138,4661.5665,1349.9382,947.1359,340.6414
2023-08-14,1547.3907,1428.2556,1516.6538,596.9031,4690.5578,1354.0932,942.4689,340.7403
2023-08-15,1564.3378,1468.235,1518.8998,598.6469,4728.005,1365.8163,974.8784,341.1359
2023-08-16,1562.6011,1467.5014,1480.7168,588.3584,4711.0934,1362.7,975.6562,337.8719
2023-08-17,1583.8566,1481.0724,1474.5401,580.6857,4785.9877,1390.5981,984.4716,331.4429
2023-08-18,1589.0974,1482.5396,1485.2089,591.3229,4843.9704,1382.7332,987.0644,329.4647
2023-08-21,1610.9957,1497.9445,1489.701,590.9741,4938.1922,1403.2115,994.3241,337.0806
2023-08-22,1578.2324,1490.9756,1488.0165,590.6254,4800.4833,1384.8107,986.8051,335.2014
2023-08-23,1570.3088,1491.7092,1498.1238,594.8105,4806.5232,1379.3201,981.8789,341.7293
2023-08-24,1581.546,1520.3183,1512.1616,600.9138,4828.2667,1404.9923,989.1386,340.6414
2023-08-25,1606.67,1556.2631,1525.638,607.5403,4922.4886,1409.2957,1004.9544,343.4108
2023-08-28,1606.1885,1543.4257,1520.5844,611.8998,4978.0553,1409.7929,1000.806,335.9926
2023-08-29,1611.2473,1547.4603,1531.8147,608.9353,5005.8387,1425.5554,1006.5101,331.9374
2023-08-30,1612.2205,1551.4949,1533.4992,614.1667,4996.1749,1430.2694,1011.6956,333.7178
2023-08-31,1614.2546,1553.3288,1534.6223,615.9105,4997.3829,1430.0892,1023.6223,333.2232
2023-09-01,1616.3622,1575.3358,1525.0765,620.4444,4958.7278,1434.7672,1030.8821,333.1243
2023-09-04,1578.4869,1540.8582,1500.9313,607.5403,4870.5458,1401.418,1004.6952,332.9265
2023-09-05,1583.141,1538.2907,1507.6695,611.3766,4935.7763,1399.7581,1000.2875,333.2232
2023-09-06,1589.7599,1542.3253,1511.0386,615.5617,4994.9669,1396.1365,996.9169,330.9483
2023-09-07,1578.6381,1525.82,1503.1774,600.5651,4997.3829,1369.5779,982.916,331.7396
2023-09-08,1552.1451,1513.3494,1491.9471,591.3229,4906.7849,1350.7153,980.0639,324.816
2023-09-11,1557.4102,1514.4498,1498.1238,599.3444,4956.3118,1359.4675,965.2852,330.3549
2023-09-12,1546.2722,1517.384,1489.1395,605.0989,4900.7451,1353.7333,963.9888,336.8828
2023-09-13,1521.3698,1496.4774,1487.455,593.9386,4825.8508,1322.0441,955.1734,335.3003
2023-09-14,1530.2754,1520.3183,1495.8777,597.2518,4806.5232,1347.0937,968.6558,336.0916
2023-09-15,1547.3119,1523.9861,1511.6001,602.832,4906.7849,1359.9202,969.4336,339.949
2023-09-18,1533.9248,1506.7473,1485.7704,599.6932,4866.9218,1347.6973,956.9883,331.1461
2023-09-19,1504.2877,1476.3043,1482.4013,605.7965,4760.6202,1309.5193,941.9503,332.333
2023-09-20,1515.9794,1483.6399,1490.2625,598.6469,4817.395,1318.7243,950.2472,336.5861
2023-09-21,1485.801,1438.5255,1489.701,596.7287,4770.284,1286.7332,927.6901,331.3439
2023-09-22,1494.76,1455.7644,1489.2518,597.9494,4785.9877,1310.4247,938.839,331.6407
2023-09-25,1488.5447,1460.1658,1476.1093,600.0419,4760.6202,1309.3684,935.2091,331.8385
2023-09-26,1490.3085,1457.2315,1469.7423,600.3907,4800.4833,1300.4652,937.2834,328.6734
2023-09-27,1505.1772,1476.671,1472.0388,607.889,4839.1385,1321.5914,948.9508,328.5745
2023-09-28,1511.5018,1494.6434,1480.0733,616.4336,4827.0587,1343.3211,968.1372,327.6843
2023-10-09,1466.7561,1454.664,1459.987,613.8179,4671.2303,1327.1747,929.7643,315.4197
2023-10-10,1444.2141,1422.3871,1464.0043,597.0775,4584.2562,1303.3324,917.3191,308.1108
2023-10-11,1443.9286,1428.6224,1455.3959,591.3229,4574.5925,1300.767,918.6155,311.1511
2023-10-12,1454.0302,1444.7609,1455.9698,591.846,4608.4157,1323.704,926.1345,312.429
2023-10-13,1476.4852,1471.1693,1458.2653,594.2874,4678.4781,1351.9225,942.7282,311.1676
2023-10-16,1479.5602,1474.4703,1450.2308,592.5436,4692.9738,1354.6387,948.9508,314.8174
2023-10-17,1478.3694,1479.6053,1438.7529,582.2551,4691.7658,1355.3932,948.6915,313.788
2023-10-18,1475.9459,1479.2385,1426.7012,574.9312,4702.6376,1345.7355,954.3956,310.3254
2023-10-19,1476.535,1483.2731,1441.0485,573.5361,4724.3811,1335.0216,950.7657,309.951
2023-10-20,1460.7604,1461.9997,1438.179,561.6783,4726.797,1300.9179,937.0241,304.0552
2023-10-23,1454.0564,1447.3283,1441.0485,554.8775,4694.1817,1304.0869,929.5051,307.8922
2023-10-24,1437.3228,1431.5566,1445.6397,561.6783,4661.5665,1273.1521,917.8376,303.213
2023-10-25,1436.9315,1422.3871,1445.0658,563.0733,4705.0535,1266.8143,909.5408,297.2236
2023-10-26,1459.3323,1465.3007,1434.7357,563.2477,4720.7571,1292.7693,940.654,300.3119
2023-10-27,1459.976,1462.3665,1443.3441,562.0271,4746.1246,1282.8098,941.1725,300.7798
2023-10-30,1469.2361,1470.8025,1456.5437,562.3758,4822.2268,1283.8661,940.1354,304.6167
2023-10-31,1443.1382,1453.5637,1457.1176,550.518,4730.4209,1273.0012,920.1711,304.7103
2023-11-01,1448.9495,1464.5672,1458.8392,541.6246,4779.9478,1275.4157,926.3938,302.8386
2023-11-02,1468.696,1489.8752,1462.2826,548.251,4828.2667,1284.7715,948.9508,304.2424
2023-11-03,1482.3372,1499.7784,1465.1521,553.1337,4879.0016,1298.9562,952.8399,302.2771
2023-11-06,1498.5333,1505.2802,1473.7605,552.7849,4974.4314,1298.2017,952.8399,302.09
2023-11-07,1492.3276,1494.6434,1459.987,549.2973,4952.6879,1281.4517,948.9508,295.0712
2023-11-08,1502.8051,1511.1487,1465.1521,552.2618,4987.7191,1285.8278,957.2476,294.0417
2023-11-09,1494.9298,1502.3459,1461.7087,550.6923,4975.6394,1273.7557,943.7653,291.7021
2023-11-10,1484.3859,1509.6816,1446.2136,547.9023,4865.7139,1283.4134,959.0626,291.9829
2023-11-13,1489.8136,1511.1487,1449.083,545.2866,4901.953,1299.4089,955.9512,295.1647
2023-11-14,1507.3151,1533.1557,1458.8392,552.4361,4945.4401,1314.6499,970.2114,297.2236
2023-11-15,1527.8008,1554.0624,1459.987,547.2047,4998.5909,1326.4202,989.6571,296.007
2023-11-16,1521.4957,1550.3946,1465.1521,548.5998,4984.0952,1309.2175,985.2495,294.5096
2023-11-17,1493.5031,1523.9861,1459.4131,547.0304,4875.3776,1285.6769,970.9893,291.9829
2023-11-20,1488.4271,1526.5536,1476.0561,542.8452,4816.187,1293.9765,966.063,297.5043
2023-11-21,1487.6071,1518.4844,1474.9083,528.7205,4866.9218,1286.4314,961.6553,297.3172
2023-11-22,1493.9584,1533.1557,1459.987,536.2188,4828.2667,1303.0306,979.8047,291.1406
2023-11-23,1475.2556,1509.3148,1455.3959,534.475,4778.7398,1277.8301,965.0259,289.1753
2023-11-24,1469.8484,1498.6781,1451.3786,530.2899,4794.4435,1272.3976,951.2843,288.801
2023-11-27,1463.6598,1505.2802,1440.4746,525.0585,4713.5093,1281.3008,960.6182,274.389
2023-11-28,1464.6807,1508.5812,1430.1445,525.0585,4709.8854,1293.6747,955.692,277.7581
2023-11-29,1456.344,1498.6781,1430.1445,528.1973,4691.7658,1282.1393,939.6168,277.1966
2023-11-30,1466.6138,1514.8165,1435.3096,532.3824,4692.9738,1301.5637,951.025,273.8275
2023-12-01,1440.2026,1486.5742,1427.2751,531.6849,4662.7745,1270.8828,931.8386,265.0306
2023-12-04,1436.0334,1486.5969,1427.3873,530.002,4684.0376,1263.4696,933.4569,260.5146
2023-12-05,1431.1438,1477.5799,1423.8078,531.8035,4698.892,1255.1403,920.8088,254.5264
2023-12-06,1419.0496,1458.899,1432.584,537.819,4732.0826,1226.8209,898.5595,261.5362
2023-12-07,1414.7399,1449.9981,1424.8244,539.7686,4729.2483,1222.2777,895.5529,258.9571
2023-12-08,1434.4392,1481.4032,1433.5265,545.981,4769.7169,1252.1115,913.8606,271.8955
2023-12-11,1431.8953,1480.6372,1425.9846,546.8685,4769.7169,1244.388,916.9119,268.4956
2023-12-12,1441.7914,1485.2331,1417.8627,545.271,4854.8406,1252.4144,917.929,276.5231
2023-12-13,1422.4352,1457.2749,1408.0003,542.6086,4832.513,1232.1214,899.6213,274.2565
2023-12-14,1410.4188,1451.53,1406.0344,545.0935,4757.1577,1226.3666,898.8585,270.7622
2023-12-15,1409.9868,1449.9981,1402.332,544.916,4750.1803,1225.0036,898.8585,270.5733
2023-12-18,1407.1534,1460.3388,1379.9905,539.2361,4711.1071,1225.1551,910.8094,268.4012
2023-12-19,1405.1234,1457.6578,1365.8447,539.0586,4716.689,1221.9748,909.2837,261.9792
2023-12-20,1399.6284,1457.6578,1372.7342,541.0111,4681.8023,1216.2201,910.8094,264.718
2023-12-21,1406.2213,1463.7857,1375.6049,541.7211,4681.8023,1225.9123,911.3179,266.5123
2023-12-22,1394.8668,1450.764,1387.0874,547.5785,4635.7518,1221.6719,905.9782,264.1513
2023-12-25,1399.3099,1453.8279,1398.5699,546.8685,4666.4521,1227.5781,907.7581,266.5123
2023-12-26,1398.6604,1458.4238,1387.6615,547.9335,4658.0793,1227.5781,913.6064,266.7012
2023-12-27,1414.2181,1477.1903,1383.6426,550.9509,4694.3615,1238.0275,926.0658,263.1125
2023-12-28,1408.385,1466.0836,1399.144,551.3059,4688.7796,1236.2103,919.709,258.5793
2023-12-29,1383.3361,1440.4233,1385.365,548.6435,4623.1925,1210.6263,900.8927,259.0515
2024-01-02,1366.3867,1430.0826,1391.6804,553.7909,4532.487,1197.7955,897.8414,261.2237
2024-01-03,1357.5004,1411.6991,1397.9958,555.3884,4528.3006,1187.8395,883.8563,259.9959
2024-01-04,1362.6379,1415.529,1391.1062,556.2758,4547.8371,1190.3304,887.9247,259.7126
2024-01-05,1351.6906,1415.529,1375.0307,554.3234,4472.4817,1190.3304,892.7559,256.5016
2024-01-08,1340.2012,1411.3161,1372.1601,550.2409,4405.4992,1180.6047,890.7217,255.5572
2024-01-09,1343.666,1420.8909,1370.4377,550.2409,4412.4765,1193.6736,896.8243,255.6516
2024-01-10,1351.2351,1445.4022,1352.0657,549.7084,4387.3581,1204.9189,918.6919,253.9517
2024-01-11,1348.449,1443.1042,1381.3461,553.0809,4374.7988,1205.8307,922.506,254.8017
2024-01-12,1340.2993,1437.7424,1363.5482,550.9509,4295.257,1198.6884,932.9312,255.8405
2024-01-15,1340.2783,1435.0615,1368.7153,547.9335,4286.8842,1213.7328,928.1,261.507
2024-01-16,1345.282,1439.2743,1369.8636,553.7909,4302.2344,1213.2769,938.7795,260.7514
2024-01-17,1331.3219,1418.9759,1353.214,551.6609,4261.7658,1205.2228,927.8457,257.7293
2024-01-18,1337.5099,1433.1465,1353.7881,564.0857,4225.4835,1218.2917,942.3393,257.7293
2024-01-19,1351.9004,1457.6578,1345.1762,565.3282,4238.0428,1227.5614,956.0701,258.5793
2024-01-22,1343.1859,1450.764,1333.6937,564.7957,4240.8337,1204.7669,950.2218,261.6959
2024-01-23,1346.0669,1456.8919,1343.4538,566.3932,4251.9975,1220.2672,944.8821,260.8459
2024-01-24,1359.7533,1469.5305,1346.3245,567.1032,4286.8842,1234.3998,953.2731,262.9236
2024-01-25,1351.2581,1465.3176,1347.4727,567.6357,4256.1839,1220.875,957.5958,266.4179
2024-01-26,1341.2997,1453.062,1353.7881,567.2807,4196.1787,1210.9974,959.1214,265.4735
2024-01-29,1313.2855,1417.061,1364.1223,572.4281,4119.4278,1188.8107,942.3393,266.5123
2024-01-30,1295.0774,1379.528,1362.4,570.8306,4108.264,1160.3936,914.8777,260.8459
2024-01-31,1302.1755,1381.06,1372.1601,571.0081,4178.0376,1163.4328,907.5038,262.8291
2024-02-01,1307.3751,1381.4429,1378.4755,568.8781,4232.4609,1173.6144,904.9611,262.8291
2024-02-02,1296.266,1368.0383,1380.772,567.6356,4182.224,1166.3201,896.57,257.268
2024-02-05,1294.6094,1364.2084,1375.0307,568.8781,4176.6421,1169.2074,896.8243,256.87
2024-02-06,1299.2515,1365.7404,1386.5132,569.9431,4189.2013,1170.4232,904.4525,257.4026
2024-02-07,1291.3362,1361.9105,1381.9202,567.4582,4161.2919,1156.4425,903.944,255.4065
2024-02-08,1304.0377,1375.3151,1385.365,568.8781,4196.1787,1169.9673,917.4205,256.8289
2024-02-19,1312.605,1389.1027,1372.7342,577.5755,4245.0201,1172.7026,924.2859,258.3381
2024-02-20,1312.6384,1391.0177,1380.1979,576.688,4222.6926,1174.9821,930.6427,257.6279
2024-02-21,1311.786,1394.8476,1392.8286,575.978,4187.8058,1174.9821,938.5252,255.0534
2024-02-22,1308.408,1398.6775,1414.6454,578.463,4171.0602,1187.4431,934.4568,260.2912
2024-02-23,1300.2025,1390.6347,1414.0713,579.3505,4180.8285,1176.0458,927.3372,261.0901
2024-02-26,1294.4453,1378.379,1412.3489,574.913,4171.0602,1163.8887,924.7944,259.8473
2024-02-27,1311.2754,1396.7625,1408.33,577.9305,4229.6699,1182.5802,935.7282,261.6228
2024-02-28,1310.0376,1395.6135,1407.7559,581.1254,4214.3198,1184.4038,939.7966,261.6228
2024-02-29,1321.5541,1409.0182,1413.4971,571.8956,4215.7152,1190.3304,950.7304,261.7116
2024-03-01,1343.3544,1424.3378,1413.4971,573.3156,4306.4208,1197.9286,961.4099,261.8003
2024-03-04,1347.5996,1420.5079,1400.8664,567.4582,4383.1717,1193.6736,956.3244,261.0014
2024-03-05,1350.3102,1421.6568,1403.1629,568.8781,4374.7988,1195.3452,957.85,262.1555
2024-03-06,1367.1985,1437.7424,1408.33,569.9431,4363.6351,1215.8603,974.1236,267.5708
2024-03-07,1370.9974,1437.7424,1407.7559,570.2981,4388.7535,1220.2672,976.6663,266.5055
2024-03-08,1398.6914,1464.1687,1403.737,575.0905,4512.9504,1237.4391,993.9569,268.5473
2024-03-11,1391.0985,1458.0408,1393.9769,567.2807,4485.041,1224.0663,987.6001,269.08
2024-03-12,1405.9922,1471.0625,1401.4405,565.5057,4498.9957,1236.0714,998.2796,271.3882
2024-03-13,1409.2803,1475.2754,1399.7181,565.3282,4490.6229,1236.0714,1004.3822,268.6361
2024-03-14,1430.9222,1487.914,1392.2545,565.5057,4557.6054,1248.0765,1033.878,266.1504
2024-03-15,1431.8192,1497.1058,1407.1818,567.8131,4593.8876,1252.1795,1027.7754,269.2575
2024-03-18,1432.5543,1502.0846,1400.8664,571.1856,4557.6054,1259.0179,1033.878,275.1167
2024-03-19,1438.3057,1497.4887,1389.3839,567.2807,4586.9103,1257.1943,1039.9805,276.0933
2024-03-20,1460.2722,1510.8934,1391.6804,564.0857,4638.5427,1272.6946,1063.1195,277.1586
2024-03-21,1462.304,1518.1702,1389.958,570.2981,4723.6664,1278.0133,1053.2028,276.1821
2024-03-22,1450.5873,1506.2975,1378.4755,564.2632,4627.3789,1271.023,1050.4058,276.3596
2024-03-25,1449.7256,1500.9356,1376.179,562.8432,4533.8824,1264.3366,1064.3908,278.6678
2024-03-26,1438.3724,1490.5949,1369.2895,566.0382,4546.4417,1247.3167,1050.9143,276.3596
2024-03-27,1424.1613,1471.4455,1368.7153,564.2632,4550.6281,1227.2575,1033.6237,272.631
2024-03-28,1419.2206,1470.2965,1382.4944,565.3282,4498.9957,1220.2672,1032.6066,270.4116
2024-03-29,1436.4675,1491.7439,1386.5132,571.0081,4545.0462,1230.2968,1044.5575,266.8606
2024-04-01,1447.0372,1499.7867,1392.8286,574.7355,4585.6326,1228.9291,1058.7968,268.6361
2024-04-02,1439.5308,1497.2561,1396.6111,576.1871,4521.8074,1238.7845,1054.1966,266.9013
2024-04-03,1462.0118,1514.8489,1393.7535,576.9637,4490.4248,1253.5115,1093.4505,270.7949
2024-04-08,1432.7404,1483.1629,1389.6432,574.4632,4532.3816,1242.0415,1054.2906,271.5461
2024-04-09,1438.5914,1484.8667,1388.7297,577.275,4548.749,1248.5361,1064.2828,275.3353
2024-04-10,1437.0776,1485.6361,1390.9989,577.9762,4529.6538,1251.0859,1064.8233,273.1142
2024-04-11,1432.9581,1485.2514,1380.7876,575.1713,4483.2797,1242.2364,1066.4448,268.302
2024-04-12,1426.8883,1470.6335,1379.0857,573.4183,4535.1095,1228.5871,1050.4995,264.8223
2024-04-15,1424.365,1470.2489,1378.5184,574.8207,4578.7557,1228.2871,1035.6352,267.4135
2024-04-16,1420.1819,1456.0157,1370.0091,573.0677,4616.9461,1214.7878,1027.7977,261.5648
2024-04-17,1392.1301,1439.8591,1366.038,564.4778,4483.2797,1203.3884,1007.7985,264.156
2024-04-18,1397.58,1444.0906,1364.3362,558.6928,4531.0177,1204.7383,1006.9877,266.0069
2024-04-19,1396.7837,1431.0115,1369.4418,554.8361,4573.2999,1202.4884,997.5286,269.0423
2024-04-22,1395.1978,1440.2438,1363.7689,556.4138,4552.8408,1209.838,992.6639,266.377
2024-04-23,1413.9115,1465.248,1370.0091,555.362,4586.9393,1257.9856,1005.6364,262.6013
2024-04-24,1423.1443,1474.865,1373.9801,554.1349,4633.3134,1261.7354,1014.8252,264.3781
2024-04-25,1404.1642,1453.7076,1367.7399,550.4535,4606.0345,1239.5365,988.3398,259.3437
2024-04-26,1411.9242,1465.248,1357.5287,551.5053,4618.31,1251.5359,999.9609,261.6388
2024-04-29,1414.656,1471.4029,1356.3941,552.7324,4603.3067,1265.7852,1004.5554,256.6785
2024-04-30,1412.8401,1467.1714,1354.6922,548.8758,4636.0413,1260.9854,994.5558,256.8266
2024-05-06,1432.7169,1480.2506,1366.6053,545.3697,4739.7009,1278.2345,1001.042,260.8244
2024-05-07,1465.8556,1502.1773,1383.0568,546.7721,4897.9183,1301.6333,1021.5817,260.9725
2024-05-08,1461.965,1496.4071,1387.5951,548.1746,4902.0101,1305.2332,1012.3929,262.6013
2024-05-09,1448.847,1480.6352,1387.5951,536.7798,4870.6394,1294.5837,1000.7717,263.1195
2024-05-10,1430.1062,1456.0157,1391.5661,532.9231,4805.1702,1283.7842,984.5561,267.5616
2024-05-13,1453.6207,1487.9442,1388.7297,530.9948,4854.2721,1317.0825,1007.258,269.1163
2024-05-14,1456.0375,1491.791,1393.268,531.696,4822.9014,1329.8319,1012.1226,268.302
2024-05-15,1462.2139,1502.1773,1394.9699,523.1061,4862.4558,1317.3825,1017.7981,266.6732
2024-05-16,1453.6636,1497.9459,1399.5082,532.9231,4841.9966,1308.233,1007.5282,267.1174
2024-05-17,1479.7495,1532.1824,1394.9699,534.5009,4899.2822,1328.482,1032.1219,270.3009
2024-05-20,1476.9766,1536.0292,1392.1334,537.1304,4887.0067,1322.0323,1035.6352,268.376
2024-05-21,1477.4602,1540.6454,1389.297,537.8316,4882.9149,1329.0819,1035.365,270.523
2024-05-22,1489.9966,1546.8003,1404.6139,539.0588,4940.2005,1341.8313,1035.365,273.1882
2024-05-23,1482.7346,1540.2607,1402.912,544.4932,4940.2005,1334.1817,1026.7167,269.1163
2024-05-24,1474.4244,1534.4905,1396.6718,544.8438,4895.1904,1328.032,1025.3654,269.8567
2024-05-27,1470.2632,1527.9509,1390.4316,542.2142,4893.8265,1316.6326,1027.5274,269.1163
2024-05-28,1486.4136,1559.1101,1389.8643,543.0907,4855.6361,1336.8815,1050.4995,264.4521
2024-05-29,1490.5377,1568.3424,1381.3549,545.8956,4786.075,1357.2805,1061.8504,265.3406
2024-05-30,1468.1504,1544.4922,1377.3839,542.3895,4747.8846,1321.8823,1046.1754,265.1185
2024-05-31,1486.3702,1565.6496,1380.7876,530.1183,4766.9798,1336.4316,1068.6069,266.0069
2024-06-03,1446.8107,1519.8727,1382.7153,526.2616,4701.5105,1299.0835,1034.0137,270.597
2024-06-04,1443.0746,1512.5637,1377.7373,523.8073,4727.4255,1287.3841,1032.9326,269.1904
2024-06-05,1439.9636,1505.2548,1381.0125,531.1701,4756.0682,1284.0842,1027.2572,267.4135
2024-06-06,1453.3511,1526.4122,1385.0649,530.9948,4776.5274,1292.0338,1045.0943,268.9683
2024-06-07,1458.9983,1540.2607,1399.1179,530.6442,4765.6158,1291.7338,1054.0129,265.9328
2024-06-11,1437.3123,1511.4097,1396.8695,525.7357,4742.4288,1283.3343,1026.4464,271.6335
2024-06-12,1448.925,1527.5663,1400.8043,525.7357,4753.3404,1293.6837,1044.2835,271.4114
2024-06-13,1430.9069,1521.7961,1396.3073,517.4964,4660.5923,1274.1847,1042.662,263.8599
2024-06-14,1433.1705,1516.4105,1395.7452,518.7235,4715.15,1270.2849,1038.3378,264.7483
2024-06-17,1405.2006,1493.3297,1386.7513,506.1017,4636.0413,1243.1363,1014.8252,261.2687
2024-06-18,1407.6913,1507.9476,1381.1301,508.03,4585.5754,1248.5361,1028.3382,259.788
2024-06-19,1420.153,1522.5654,1381.6922,510.4843,4601.9427,1258.1356,1041.3107,261.1946
2024-06-20,1421.191,1517.5646,1385.6271,510.8349,4608.7624,1262.4853,1040.4999,260.0841
2024-06-21,1408.6857,1505.2548,1385.6271,510.4843,4547.385,1244.6363,1032.9326,258.7515
2024-06-24,1411.8011,1506.4088,1402.4907,510.4843,4565.1163,1256.1857,1031.5813,257.6409
2024-06-25,1404.5951,1490.2522,1409.7982,511.7113,4580.1196,1240.8864,1024.5545,255.4199
2024-06-26,1411.1903,1500.2539,1413.1709,516.6198,4582.8475,1249.286,1032.3921,260.3061
2024-06-27,1405.7285,1494.4837,1412.0467,514.5162,4586.9393,1246.5861,1025.095,260.8244
2024-06-28,1416.6195,1506.7935,1410.3603,515.568,4601.9427,1257.2356,1035.9054,260.8984
2024-07-01,1432.6232,1516.0258,1395.7452,519.9506,4591.0311,1271.0349,1063.2017,262.0089
2024-07-02,1458.0906,1546.4156,1399.1179,520.4765,4627.8576,1312.4327,1080.228,263.4156
2024-07-03,1452.9205,1542.5688,1395.7452,519.7753,4611.4903,1312.5827,1079.147,264.6002
2024-07-04,1442.4518,1537.568,1389.5619,513.6397,4510.5586,1318.5825,1081.0389,264.3781
2024-07-05,1442.1017,1529.4897,1387.8755,517.847,4552.8408,1309.7329,1074.8229,264.23
2024-07-08,1431.9308,1517.9493,1382.2543,511.7114,4518.7422,1308.533,1068.0664,265.5627
2024-07-09,1404.0466,1495.6378,1369.3256,512.4126,4443.7254,1285.5842,1051.04,267.6356
2024-07-10,1375.062,1456.4004,1360.3316,505.0499,4398.7153,1245.6862,1028.6085,259.2697
2024-07-11,1369.2551,1458.3238,1356.3968,514.1656,4344.1575,1242.6864,1032.1219,264.23
2024-07-12,1373.251,1469.0948,1351.3377,507.3288,4318.2426,1255.5857,1049.4185,264.082
2024-07-15,1357.0425,1460.2472,1340.0953,513.9903,4235.0421,1254.5357,1042.9322,270.1528
2024-07-16,1361.125,1464.094,1338.4089,515.5681,4206.3993,1249.736,1056.7155,269.8567
2024-07-17,1369.7859,1467.5561,1342.3438,515.0422,4243.2258,1250.9359,1064.553,270.0788
2024-07-18,1381.2747,1479.4812,1345.7165,515.9187,4244.5897,1289.334,1069.688,271.4854
2024-07-19,1381.6307,1478.7118,1346.2786,515.9187,4293.6917,1292.4838,1060.7694,272.3739
2024-07-22,1394.4045,1495.6378,1352.4619,512.4126,4314.1508,1302.5333,1075.3634,276.4458
2024-07-23,1385.3241,1501.0233,1345.1544,509.4324,4301.8753,1305.9831,1066.9854,276.6679
2024-07-24,1376.858,1482.9433,1332.7877,499.4401,4308.695,1295.6336,1046.7159,276.5938
2024-07-25,1369.8126,1481.0199,1320.9832,492.9539,4285.508,1292.1838,1046.4456,275.1872
2024-07-26,1389.9025,1499.0999,1324.918,496.2847,4311.4229,1317.2325,1064.8233,271.1153
2024-07-29,1370.7538,1478.7118,1319.2968,495.7588,4229.5864,1299.6834,1065.0935,274.0026
2024-07-30,1356.3365,1464.8633,1314.7999,495.0575,4206.3993,1268.935,1061.0396,274.1938
2024-07-31,1353.7281,1468.7101,1321.5453,496.1094,4218.6748,1262.7853,1051.5806,275.709
2024-08-01,1344.8846,1454.0923,1313.6756,497.8624,4190.032,1243.8863,1049.1482,274.5147
2024-08-02,1366.9181,1473.991,1305.007,496.4943,4209.2818,1252.1445,1075.4365,277.4153
2024-08-05,1345.3698,1457.7989,1284.7188,489.7211,4175.3901,1245.6491,1060.0665,278.9505
2024-08-06,1321.7455,1424.3229,1276.0317,480.3494,4137.9179,1208.0033,1026.6784,274.0378
2024-08-07,1311.5745,1424.246,1284.7246,477.0515,4077.9736,1205.575,1022.8332,279.2576
2024-08-08,1309.7861,1429.5946,1297.7016,470.5717,4081.9651,1212.825,1026.6992,280.1787
2024-08-09,1318.144,1441.4378,1299.9585,478.8028,4068.6601,1230.7281,1046.3053,284.7076
2024-08-12,1315.6681,1435.7072,1289.2383,478.1022,4042.0502,1229.8404,1044.9246,285.4752
2024-08-13,1285.0629,1403.6158,1278.5182,475.3002,3899.687,1198.0291,1026.6992,284.4006
2024-08-14,1277.9984,1395.593,1270.6191,469.1707,3873.077,1182.0494,1024.4901,288.4689
2024-08-15,1289.9885,1406.6721,1284.7246,468.9955,3923.6359,1189.8913,1034.9835,287.5478
2024-08-16,1285.9083,1399.7954,1271.7475,468.6453,3906.3395,1187.9678,1033.3266,285.3985
2024-08-19,1290.6694,1407.4362,1290.3667,469.3458,3881.06,1192.1107,1046.3053,284.0935
2024-08-20,1296.3163,1415.077,1289.2383,472.4981,3914.3224,1192.7025,1054.5896,282.4815
2024-08-21,1303.0399,1420.4256,1299.3942,475.4753,3938.2714,1206.1668,1055.9703,278.7202
2024-08-22,1307.2137,1418.1334,1311.2428,475.6504,3916.9834,1201.2842,1073.0912,280.3322
2024-08-23,1307.6022,1418.5154,1304.4722,475.6504,3897.026,1194.626,1078.6141,274.2681
2024-08-26,1342.5005,1445.2582,1316.3208,483.3561,3931.6189,1226.5853,1115.3411,275.0357
2024-08-27,1349.8441,1457.8655,1323.0914,483.181,3962.2203,1237.5343,1113.1319,274.4984
2024-08-28,1352.4082,1461.6859,1321.963,483.7064,3994.1523,1240.6414,1106.5045,278.3364
2024-08-29,1350.37,1462.8321,1322.5272,483.3561,3988.8303,1236.7945,1102.9146,278.7202
2024-08-30,1369.3556,1486.9006,1319.1419,481.6048,4027.4147,1261.2078,1112.3035,280.2555
2024-09-02,1347.1293,1461.6859,1290.3667,474.5997,4032.7367,1232.3557,1091.5928,278.9505
2024-09-03,1378.0516,1489.5749,1281.9035,482.3053,4084.6261,1308.111,1104.2953,282.8653
2024-09-04,1355.0719,1467.4165,1291.4952,475.125,4039.3892,1294.6467,1087.1745,281.8674
2024-09-05,1365.2203,1463.5961,1287.5457,478.9779,4096.6005,1295.9783,1085.5176,280.5625
2024-09-06,1371.1718,1471.619,1279.6466,471.4473,4153.8119,1297.4579,1088.8313,282.9421
2024-09-09,1371.554,1472.001,1254.821,466.7188,4112.5665,1300.861,1090.4882,276.3406
2024-09-10,1358.4869,1465.1243,1245.7935,467.0691,4044.7112,1292.4273,1082.4801,275.573
2024-09-11,1372.7157,1472.3831,1246.3577,471.6225,4075.3126,1309.7386,1088.0029,272.5793
2024-09-12,1365.1245,1463.2141,1239.5871,474.0743,4059.3466,1312.8457,1080.8232,271.0441
2024-09-13,1373.8564,1459.0117,1241.2798,474.4245,4091.2786,1322.1672,1072.2628,273.1167
2024-09-18,1401.7814,1490.339,1240.7156,480.554,4175.0999,1349.2438,1097.9441,269.8927
2024-09-19,1410.1486,1502.5642,1226.6101,482.8307,4077.9736,1352.4989,1127.4913,272.9631
2024-09-20,1413.8815,1509.441,1220.9679,492.9882,4077.9736,1354.8663,1129.4243,272.8864
2024-09-23,1412.0273,1507.1487,1206.2983,491.7623,4065.9991,1345.2489,1136.0518,265.5173
2024-09-24,1430.9817,1523.5765,1213.0689,497.1913,4127.202,1366.851,1140.1939,265.8243
2024-09-25,1431.2267,1531.2173,1205.734,496.3157,4060.6771,1362.5602,1157.8671,259.1461
2024-09-26,1463.1487,1556.4319,1213.0689,501.0441,4145.8289,1391.4123,1177.7493,257.7644
2024-09-27,1464.8693,1555.2858,1229.4312,509.8006,4109.9055,1399.2541,1189.6235,259.1461
2024-09-30,1460.1204,1556.4319,1255.3852,510.1508,4191.0658,1400.8817,1182.9961,261.9095
2024-10-08,1450.6902,1562.5446,1232.5211,500.869,4016.7707,1407.3919,1207.5728,265.3638
2024-10-09,1446.3848,1560.2523,1232.0745,498.2421,4026.0842,1404.1368,1199.8408,270.1505
2024-10-10,1452.6174,1569.0392,1233.4149,494.3892,4020.7622,1420.4124,1199.8408,264.8041
2024-10-11,1454.451,1578.9723,1235.2062,495.9654,3956.8983,1419.8205,1221.3799,260.9816
2024-10-14,1453.5889,1570.5674,1243.0204,495.0898,3979.5168,1402.2133,1222.2083,259.4952
2024-10-15,1437.0577,1555.6678,1240.2296,492.4628,3980.8473,1397.1827,1204.5352,261.2795
2024-10-16,1459.5364,1580.1184,1233.5317,493.8638,4003.4657,1421.0042,1229.1119,259.6651
2024-10-17,1440.5853,1567.5111,1224.043,488.2597,3939.6019,1401.3256,1223.8652,256.4363
2024-10-18,1451.8569,1574.7698,1226.8338,492.8131,3984.8388,1416.1215,1219.9992,257.5409
2024-10-21,1434.7151,1567.5111,1211.2053,491.0618,3971.5338,1372.0296,1223.3129,258.8154
2024-10-22,1452.8997,1583.5568,1216.2288,494.7395,3962.2203,1388.3051,1242.0906,260.3449
2024-10-23,1493.5809,1617.1763,1243.5786,494.7395,3975.5253,1422.6318,1274.3994,261.4495
2024-10-24,1498.0248,1616.7943,1244.6949,497.1913,3970.2033,1432.3971,1281.3029,262.2992
2024-10-25,1494.382,1627.1094,1241.9041,494.039,3922.3054,1440.3869,1284.3405,258.5605
2024-10-28,1485.9015,1609.9175,1243.0204,495.0898,3971.5338,1428.994,1279.9222,257.4559
2024-10-29,1479.775,1600.3665,1242.4622,490.3613,4007.4572,1411.0909,1279.9222,257.5409
2024-10-30,1487.8027,1608.7714,1254.1836,492.2877,4011.4487,1407.6878,1296.7669,259.3252
2024-10-31,1494.3185,1616.0302,1254.7417,490.8867,3980.8473,1400.4378,1308.6411,257.8808
2024-11-01,1520.1818,1640.4808,1250.2765,493.5136,3942.2629,1446.8971,1334.8746,261.1946
2024-11-04,1523.5692,1656.1444,1237.4388,493.1633,3971.5338,1435.8002,1341.2259,262.809
2024-11-05,1497.3603,1645.0653,1241.9041,491.0618,3934.2799,1405.1725,1326.8665,260.7697
2024-11-06,1510.8581,1658.8187,1240.2296,486.1582,3994.1523,1402.3613,1340.9498,259.92
2024-11-07,1538.9194,1684.0334,1241.9041,497.1913,4109.735,1406.3562,1368.8402,263.6587
2024-11-08,1560.1222,1688.6178,1227.3919,496.6659,4027.7036,1456.9584,1392.8646,261.7044
2024-11-11,1574.857,1688.2358,1220.694,496.841,4126.0931,1461.989,1409.9855,263.3188
2024-11-12,1546.1735,1649.6497,1221.8104,491.9374,4125.5341,1413.4583,1400.8728,266.6326
2024-11-13,1485.4667,1583.9388,1226.2756,491.9374,4129.7668,1380.1674,1350.6148,265.9528
2024-11-14,1491.5459,1589.2874,1225.1593,491.412,4095.9047,1374.3969,1368.8402,259.8351
2024-11-15,1487.2777,1580.5005,1217.9032,488.7851,3970.3327,1371.7337,1392.3124,258.6455
2024-11-18,1471.2407,1551.0834,1232.9735,488.7851,3980.2092,1376.1724,1363.8696,259.6651
2024-11-19,1487.4277,1578.9723,1230.7409,486.8587,4001.373,1388.0092,1376.0199,261.6194
2024-11-20,1477.2221,1574.0058,1225.1593,487.9095,3988.6747,1384.6061,1374.3631,264.2534
2024-11-21,1436.1349,1549.5552,1231.2991,489.4856,3981.6201,1360.6367,1319.4106,263.4887
2024-11-22,1411.3982,1531.5993,1222.3685,485.6328,3904.0194,1328.5294,1321.3436,264.1685
2024-11-25,1427.2415,1541.4946,1225.1593,488.7851,3939.2925,1333.4121,1340.6736,263.5737
2024-11-26,1434.181,1537.2349,1224.043,487.3841,3960.4563,1298.3457,1344.8158,259.1553
2024-11-27,1456.3696,1555.5261,1220.694,488.61,3956.2235,1312.2539,1363.3174,260.5998
2024-11-28,1456.201,1548.0389,1218.4614,489.1354,3950.5798,1304.56,1368.0118,257.9657
2024-11-29,1495.331,1579.3441,1207.2982,492.2877,3951.9908,1303.8202,1407.5002,256.1814
2024-12-02,1483.1869,1556.2565,1193.3442,489.8359,3926.5942,1313.8703,1409.7094,251.848
2024-12-03,1489.1535,1543.3432,1187.33,487.5956,3889.9102,1306.9624,1438.0424,250.5228
2024-12-04,1465.1653,1545.691,1163.6718,485.7769,3817.9532,1267.6425,1431.8445,251.286
2024-12-05,1458.1039,1548.4302,1172.309,486.6161,3753.0508,1278.0783,1433.4737,251.747
2024-12-06,1460.4337,1544.9084,1166.3464,485.2535,3747.4072,1296.9342,1443.9836,249.0366
2024-12-09,1464.9654,1532.7777,1165.7957,480.539,3782.6802,1302.6794,1435.2595,246.6051
2024-12-10,1436.1629,1540.2126,1179.5628,481.2374,3771.3928,1301.0589,1397.6558,246.6986
2024-12-11,1442.453,1574.6483,1184.5189,480.7136,3738.9416,1334.3514,1406.6807,245.5764
2024-12-12,1417.5452,1556.2565,1181.2148,480.539,3733.2979,1314.317,1386.2242,243.7996
2024-12-13,1418.887,1547.6476,1180.6676,476.6974,3727.6543,1307.3933,1393.745,244.9218
2024-12-16,1419.6181,1551.1694,1173.7917,473.9036,3740.3526,1333.4675,1402.1682,241.7422
2024-12-17,1395.3535,1544.5171,1164.6356,472.6813,3688.1485,1328.7536,1384.1184,240.9005
2024-12-18,1350.4209,1485.0373,1157.8691,467.6175,3621.8352,1287.5062,1354.3363,239.1237
2024-12-19,1315.1507,1455.2975,1159.4669,466.2206,3628.8898,1277.1944,1314.0251,234.9154
2024-12-20,1337.3003,1481.1242,1163.195,467.7921,3714.956,1326.6912,1316.1309,236.9728
2024-12-23,1338.3055,1482.6895,1162.1298,469.8875,3690.9703,1314.7589,1325.4566,238.2821
2024-12-24,1344.2939,1493.6462,1165.858,469.7129,3707.9014,1319.6202,1326.9607,241.3681
2024-12-25,1347.4068,1501.0812,1174.3796,470.2367,3731.887,1320.3568,1309.5126,239.3108
2024-12-26,1351.6157,1503.0378,1173.847,469.5382,3764.3382,1319.3256,1314.6267,237.721
2024-12-27,1358.4024,1509.6901,1189.825,471.459,3767.1601,1324.6288,1321.5458,239.1237
2024-12-30,1357.1011,1506.5596,1190.3576,469.0144,3785.502,1318.4417,1315.2284,239.6848
2024-12-31,1354.7498,1508.9075,1187.162,471.2844,3803.844,1334.2041,1303.7968,239.4043
2025-01-02,1347.4183,1511.2554,1186.6294,472.6813,3832.0624,1315.0536,1274.6163,244.8283
2025-01-03,1334.0056,1489.3418,1186.6294,468.1413,3792.5566,1298.1127,1283.0396,242.2098
2025-01-06,1327.08,1479.1676,1186.6294,466.046,3805.2549,1284.2654,1276.1205,243.2385
2025-01-07,1334.5058,1486.2113,1185.0316,468.8398,3734.7089,1273.217,1311.9193,238.8432
2025-01-08,1321.8111,1477.6024,1187.6946,469.5383,3733.2979,1263.9363,1296.2761,241.1811
2025-01-09,1304.7069,1462.3411,1188.2272,470.4113,3690.9703,1270.5654,1266.1931,236.7858
2025-01-10,1316.6911,1483.0808,1198.3465,472.8559,3751.6399,1286.7697,1282.1371,238.6561
2025-01-13,1350.1901,1515.1685,1207.4007,471.8082,3867.3355,1319.9149,1317.3342,242.0228
2025-01-14,1350.1695,1524.1688,1212.7267,474.9513,3884.2665,1311.3708,1310.1143,243.519
2025-01-15,1342.1788,1513.9946,1211.1289,474.6021,3911.074,1307.0987,1275.8197,242.7709
2025-01-16,1326.523,1488.1679,1218.5853,474.9513,3895.5539,1251.8567,1255.0624,242.3033
2025-01-17,1331.7702,1490.5157,1220.1831,477.0467,3920.9505,1251.1202,1261.9815,242.3033
2025-01-20,1339.06,1508.5162,1217.5201,477.7451,3967.5109,1248.7632,1267.9981,240.433
2025-01-21,1347.3417,1522.9948,1212.7267,477.3959,4019.715,1257.16,1270.4047,242.7709
2025-01-22,1341.6083,1511.6467,1210.0637,475.3005,4012.6604,1251.8567,1257.469,241.9292
2025-01-23,1333.0989,1492.081,1214.3245,469.8875,4001.373,1241.8395,1239.7201,243.145
2025-01-24,1333.5833,1490.1244,1207.4007,474.6021,4007.0167,1248.6159,1242.1267,242.6774
2025-01-27,1343.8532,1516.7338,1215.9223,478.0944,3981.6201,1266.5879,1271.3072,243.7996
2025-02-05,1376.2258,1544.9084,1218.0527,476.5228,4136.8215,1279.5514,1295.3736,250.3458
2025-02-06,1388.3671,1569.5612,1224.9765,472.6813,4094.4938,1291.3363,1307.106,247.4437
2025-02-07,1414.2614,1604.3882,1217.5201,476.1736,4104.3703,1295.1664,1336.8881,245.4025
2025-02-10,1409.9042,1587.5617,1221.7809,476.1736,4090.2611,1288.832,1347.1164,242.0877
2025-02-11,1420.0163,1584.4311,1222.8461,479.6659,4091.672,1282.4976,1365.1661,241.3576
2025-02-12,1426.9315,1577.3875,1226.5743,480.8882,4026.7696,1302.8267,1376.8985,242.6633
2025-02-13,1397.0607,1548.4302,1226.0417,477.9197,4014.0713,1277.3417,1346.2139,243.7824
2025-02-14,1411.2677,1558.2131,1226.5743,479.8405,4067.6863,1296.1976,1365.467,242.0104
2025-02-17,1398.3976,1536.6908,1218.5853,482.6343,4019.715,1280.1406,1363.3612,242.7565
2025-02-18,1393.4202,1539.0387,1220.1831,484.9043,4032.4133,1269.0922,1355.5396,243.4094
2025-02-19,1421.175,1550.7781,1219.6505,484.9043,4094.4938,1285.0019,1383.8176,243.3161
2025-02-20,1439.9286,1555.0826,1207.4007,485.0789,4132.5887,1296.6396,1409.0873,243.4094
2025-02-21,1436.2554,1551.9521,1211.1289,484.3805,4155.1634,1302.0901,1409.0873,242.197
2025-02-24,1419.5234,1558.6044,1218.0527,484.2059,4098.7266,1299.8804,1389.8342,242.4768
2025-02-25,1412.6182,1549.6042,1211.6615,482.9836,4108.603,1288.0955,1380.5085,242.6633
2025-02-26,1413.9643,1543.7345,1209.5311,482.1105,4071.9191,1285.1492,1388.0292,241.0778
2025-02-27,1407.35,1554.3,1221.2483,479.8405,4146.6979,1303.2686,1365.7678,241.4509
2025-02-28,1414.0414,1562.9089,1220.7157,473.9036,4136.8215,1300.1751,1375.6952,241.2644
2025-03-03,1411.9798,1562.1262,1231.3676,474.7767,4242.6406,1304.4471,1360.052,244.8083
2025-03-04,1385.5216,1545.691,1230.3024,475.1259,4196.0802,1288.2428,1323.6516,246.1139
2025-03-05,1363.0682,1528.8645,1215.9223,472.1575,4064.8645,1273.3643,1323.9524,243.7824
2025-03-06,1377.997,1548.8216,1229.2372,473.0305,4081.7955,1288.6847,1348.0188,244.1554
2025-03-07,1392.0054,1561.3436,1229.2372,474.2528,4070.5082,1296.0503,1369.6786,245.1813
2025-03-10,1412.1276,1565.6481,1235.0958,476.6974,4143.8761,1355.859,1364.8653,248.2589
2025-03-11,1381.5047,1536.6908,1238.824,476.1736,4028.1805,1324.6288,1343.8072,251.15
2025-03-12,1394.0957,1537.0821,1232.9654,475.3005,4004.1948,1339.36,1359.7512,250.1241
2025-03-13,1405.3928,1562.9089,1224.4439,477.0467,4059.2208,1343.3374,1369.6786,248.7252
2025-03-14,1411.3707,1578.5614,1229.7698,477.7451,4093.0829,1351.5869,1371.7844,253.0152
2025-03-17,1403.3789,1577.3875,1220.1831,476.8721,4084.6174,1346.2837,1351.9296,253.7612
2025-03-18,1412.402,1583.2572,1220.7157,474.0782,4101.5484,1352.3235,1366.3695,255.6265
2025-03-19,1401.9504,1573.4743,1216.4549,476.5228,4104.3703,1346.1364,1345.0105,254.041
2025-03-20,1408.7616,1573.8657,1214.3245,478.0944,4028.1805,1347.9041,1376.5977,252.0826
2025-03-21,1399.5841,1569.5612,1219.1179,476.6974,4036.646,1350.1138,1366.9711,249.0982
2025-03-24,1383.5095,1553.5173,1209.5311,475.1259,4032.4133,1339.802,1351.9296,251.3365
2025-03-25,1383.112,1540.2126,1209.5311,474.4275,4046.5225,1340.9805,1325.4566,250.9634
2025-03-26,1376.1362,1542.1692,1204.7377,476.1736,3978.7983,1346.8729,1330.5707,252.4556
2025-03-27,1383.9091,1549.2129,1206.8681,473.9036,3987.2638,1351.7342,1336.5873,252.0826
2025-03-28,1404.1099,1562.5175,1204.2051,474.2528,3968.9218,1365.7289,1366.9711,246.6735
2025-03-31,1416.2746,1563.6915,1198.8791,472.8559,4022.5368,1379.4289,1369.3778,247.0465
2025-04-01,1406.8555,1544.9084,1200.4769,474.6021,3959.2583,1370.4428,1375.6952,246.9532
2025-04-02,1433.934,1562.1294,1208.2205,477.0764,4000.1532,1393.3898,1400.0797,246.6267
2025-04-03,1433.7815,1546.4676,1216.0521,471.9972,4063.8551,1402.6172,1384.8235,246.932
2025-04-07,1383.4311,1494.5339,1214.8977,457.6277,4087.7152,1364.5647,1315.0188,247.8062
2025-04-08,1400.4044,1495.9454,1217.9413,448.9372,4232.1764,1376.4972,1317.1106,252.8376
2025-04-09,1377.3038,1485.7475,1208.001,440.6491,4171.9842,1353.3727,1288.3654,254.7092
2025-04-10,1378.8743,1499.4754,1211.6632,448.4192,4111.7921,1363.325,1321.9553,254.7983
2025-04-11,1381.1301,1506.1432,1210.6169,447.9012,4122.4929,1369.033,1323.5702,255.6895
2025-04-14,1387.5261,1509.6733,1208.5242,448.5918,4151.9202,1377.8145,1319.3715,257.9175
2025-04-15,1373.1137,1505.3588,1204.3388,444.7931,4101.0913,1359.0806,1313.5578,258.6305
2025-04-16,1359.6603,1500.6521,1205.3852,443.0665,4030.1983,1364.7886,1304.5144,255.333
2025-04-17,1370.8323,1519.4789,1204.862,445.1385,4039.5615,1374.4482,1324.8621,257.2937
2025-04-18,1358.4674,1510.8499,1197.0144,444.9658,4040.8991,1349.5674,1313.2348,257.8284
2025-04-21,1365.5079,1514.38,1204.3388,445.8291,4073.0016,1358.2025,1302.8995,259.4326
2025-04-22,1376.4564,1531.2456,1215.8486,441.8578,4085.04,1373.5701,1312.9119,258.1849
2025-04-23,1382.001,1537.129,1215.8486,448.5918,4077.0144,1375.18,1327.123,256.046
2025-04-24,1386.3505,1538.6979,1223.173,448.5918,4091.7281,1374.3019,1329.0608,251.9464
2025-04-25,1398.6217,1555.9558,1222.1266,448.5918,4054.2752,1391.2794,1352.6383,252.2138
2025-04-28,1368.0427,1532.4223,1235.2059,447.2105,3992.7454,1365.9595,1320.0174,251.8573
2025-04-29,1355.8266,1525.7545,1232.0669,443.4118,3964.6558,1361.4224,1311.297,248.2924
2025-04-30,1347.1712,1535.9523,1243.5766,440.3038,3905.8012,1360.6906,1315.8187,247.9359
2025-05-06,1337.5258,1521.8322,1237.2986,440.1311,3899.1132,1348.8356,1287.7195,248.8271
2025-05-07,1346.1384,1526.9312,1239.3913,445.4838,3905.8012,1366.2522,1278.0301,249.2727
2025-05-08,1347.3851,1521.8322,1237.2986,445.4838,3904.4636,1371.6674,1277.0611,247.9359
2025-05-09,1341.4119,1525.7545,1242.5303,447.2105,3877.7116,1369.1793,1273.5084,248.2033
2025-05-12,1346.0024,1532.4223,1236.2522,457.2252,3889.75,1372.5456,1295.7939,247.2229
2025-05-13,1339.7354,1528.1078,1226.312,460.3333,3860.3227,1371.9601,1284.4897,247.4903
2025-05-14,1363.0875,1552.0335,1232.59,464.3046,3897.7756,1381.3271,1321.6323,249.8966
2025-05-15,1343.9342,1528.8923,1225.2657,463.2686,3909.814,1360.5442,1299.6697,245.6188
2025-05-16,1336.5723,1520.6556,1221.6035,462.4053,3877.7116,1357.7634,1289.3344,243.4798
2025-05-19,1336.2948,1524.97,1218.9876,462.4053,3860.3227,1370.0575,1291.5952,243.9255
2025-05-20,1349.0737,1533.599,1209.5705,462.578,3864.3355,1375.0337,1309.0361,244.0146
2025-05-21,1356.1813,1532.4223,1215.8486,464.132,3924.5277,1381.6198,1308.7131,243.3016
2025-05-22,1345.8791,1521.8322,1218.4644,463.7866,3931.2157,1376.4972,1290.9493,242.0539
2025-05-23,1348.6403,1524.5778,1217.4181,463.096,3948.6045,1374.4482,1292.8871,240.8953
2025-05-26,1344.9397,1510.8499,1212.7096,462.2326,3945.9293,1373.131,1284.4897,242.4104
2025-05-27,1356.8476,1517.91,1215.8486,460.3333,3967.331,1382.2052,1299.0237,241.6974
2025-05-28,1356.8063,1512.4188,1216.3718,460.3333,3960.6429,1376.2045,1304.1914,241.6974
2025-05-29,1368.9365,1514.7722,1220.034,459.9879,3961.9806,1379.7171,1322.6013,243.1234
2025-05-30,1347.1012,1497.9065,1222.1266,458.4339,3970.0062,1368.1548,1301.6076,242.4995
2025-06-03,1353.6923,1508.4966,1216.3718,457.9159,3925.8653,1357.0316,1323.5702,240.8062
2025-06-04,1342.8729,1507.7121,1220.1338,458.0886,3931.2157,1332.0044,1312.9119,240.4497
2025-06-05,1347.8059,1505.3588,1222.0043,457.3979,3956.6301,1339.4687,1312.2659,240.3606
2025-06-06,1353.3014,1517.5178,1223.9822,461.3693,4026.1855,1337.7124,1309.6821,239.915
2025-06-09,1362.0717,1523.0089,1234.0413,466.0313,4038.2239,1343.8594,1321.3093,240.1824
2025-06-10,1358.719,1521.44,1243.8722,466.8947,4054.2752,1344.7375,1310.651,242.3213
2025-06-11,1353.5948,1508.8888,1239.7329,467.5853,4075.6768,1339.0296,1287.0735,242.4104
2025-06-12,1352.3188,1507.7121,1239.7329,466.8947,4078.352,1343.274,1293.5331,245.084
2025-06-13,1361.0612,1526.9312,1243.8722,466.0313,4067.6512,1362.5932,1314.5268,245.797
2025-06-16,1398.9616,1561.0547,1237.1458,467.24,4073.0016,1391.133,1362.3277,245.6188
2025-06-17,1411.9677,1563.4081,1241.2851,467.0673,4111.7921,1402.549,1363.9426,246.2426
2025-06-18,1426.3401,1585.3726,1240.2503,467.5853,4095.7409,1420.1119,1375.5699,246.5991
2025-06-19,1432.0149,1598.7083,1244.3897,467.0673,4115.8049,1418.3556,1378.7997,245.2623
2025-06-20,1432.3419,1599.4927,1246.4593,466.0313,4102.4289,1423.4782,1378.4767,247.6686
2025-06-23,1424.6609,1593.6094,1245.9419,464.9953,4062.3008,1422.7464,1375.8929,249.1836
2025-06-24,1400.6031,1559.0936,1236.111,470.0027,4062.3008,1400.939,1344.5639,248.4706
2025-06-25,1389.3072,1565.7614,1229.902,471.2114,4003.4462,1386.8887,1347.4707,249.5401
2025-06-26,1380.0503,1568.8992,1230.4194,473.8014,3927.2029,1387.7668,1350.0545,250.2531
2025-06-27,1381.0942,1569.2914,1233.5239,475.1827,3940.5789,1385.4251,1352.6384,249.6292
2025-06-30,1376.2446,1565.7614,1230.4194,474.4921,3960.6429,1377.9608,1345.2098,247.2229
2025-07-01,1378.8683,1563.4081,1233.0065,474.6647,3960.6429,1387.035,1346.1788,247.1338
2025-07-02,1393.9765,1572.4292,1222.6581,476.7367,3937.9037,1407.8179,1362.9737,255.6004
2025-07-03,1399.6615,1567.7225,1222.6581,476.0461,3956.6301,1407.8179,1369.1103,256.1351
2025-07-04,1394.4675,1557.9169,1217.4839,475.8734,3951.2797,1406.0616,1368.1414,254.9765
2025-07-07,1384.7154,1548.1113,1203.5137,475.1827,3928.5405,1397.4264,1367.1724,253.9071
2025-07-08,1402.7217,1558.3091,1200.9266,476.0461,3925.8653,1404.7443,1395.9176,254.4418
2025-07-09,1400.9023,1553.2102,1199.8917,477.6001,3941.9165,1391.8648,1401.4083,254.2635
2025-07-10,1396.0864,1557.9169,1200.4091,478.8088,3951.2797,1385.7178,1394.9487,256.2242
2025-07-11,1403.5318,1566.1536,1193.1653,479.4994,3980.707,1381.4734,1402.0542,255.6895
2025-07-14,1406.5518,1567.7225,1191.0956,479.1541,4002.1086,1379.278,1412.7125,254.62
2025-07-15,1402.211,1571.2526,1187.4737,478.2908,3983.3822,1376.3509,1406.253,253.9962
2025-07-16,1406.2147,1577.1359,1186.4389,483.1255,3982.0446,1386.0105,1408.5138,249.7183
2025-07-17,1424.2947,1583.0193,1187.9911,492.1042,4051.6,1381.6198,1420.4641,250.6096
2025-07-18,1448.7433,1600.2772,1197.3046,492.7949,4087.7152,1402.988,1447.5943,251.9464
2025-07-21,1436.1739,1586.9415,1200.4091,489.8595,4105.1041,1399.6218,1438.8739,256.046
2025-07-22,1432.2034,1583.8037,1201.444,491.2409,4127.8433,1387.035,1441.4577,256.3133
2025-07-23,1437.4212,1583.4115,1200.9266,489.6869,4139.8818,1383.9615,1452.439,260.0564
2025-07-24,1444.327,1601.4539,1199.3743,488.9962,4046.2495,1389.2304,1470.2029,256.046
2025-07-25,1426.8239,1597.1394,1195.7524,489.3415,4040.8991,1384.1079,1443.0726,256.4025
2025-07-28,1420.9037,1592.4327,1199.8917,486.0608,3999.4334,1376.6436,1444.6875,251.7681
2025-07-29,1428.8861,1613.2206,1191.0956,480.8808,3990.0702,1389.2304,1448.5633,252.2137
2025-07-30,1435.2941,1615.9662,1196.2698,475.0101,4026.1855,1408.1106,1450.5012,250.8769
2025-07-31,1422.008,1606.5528,1183.8518,471.384,4012.8095,1391.8648,1437.259,250.8769
2025-08-01,1428.3136,1622.634,1188.5085,469.1393,4026.1855,1393.9138,1438.8739,250.5204
2025-08-04,1422.0113,1618.3952,1182.8076,471.7619,4045.9392,1396.1981,1426.414,249.0796
2025-08-05,1451.6409,1637.8132,1167.8959,471.553,4050.4339,1407.0291,1461.9948,248.3108
2025-08-06,1447.2873,1649.7678,1171.5599,472.6506,4057.5921,1401.097,1450.3045,249.1697
2025-08-07,1442.1648,1649.4528,1172.3897,472.103,4065.273,1396.2178,1447.0755,250.6667
2025-08-08,1447.8617,1651.4216,1164.9728,470.9087,4086.405,1406.6637,1452.5629,252.089
2025-08-11,1467.7571,1661.6593,1165.5026,473.6386,4057.3485,1411.3717,1490.9751,251.3779
2025-08-12,1497.1514,1668.7469,1164.4431,477.0509,4082.4428,1443.2979,1516.4757,252.9779
2025-08-13,1522.9774,1688.4348,1171.8599,482.1695,4177.5369,1480.6677,1531.6469,249.689
2025-08-14,1500.6339,1677.4096,1166.5622,483.0226,4169.6124,1447.7117,1511.9566,247.1112
2025-08-15,1505.1971,1680.1659,1160.2049,481.8283,4143.1973,1435.5003,1526.805,247.9112
2025-08-18,1515.0592,1676.6221,1153.3178,481.9989,4166.9709,1445.6519,1546.8181,245.689
2025-08-19,1519.6397,1678.5909,1149.6094,481.1458,4174.8954,1449.1829,1555.8563,247.1112
2025-08-20,1501.9271,1656.5404,1149.6094,479.6102,4173.5746,1445.9461,1541.9762,244.889
2025-08-21,1491.1581,1652.6029,1147.4903,478.7571,4111.4993,1440.5025,1533.2609,244.7112
2025-08-22,1499.0938,1665.2031,1152.2583,478.7571,4078.4805,1455.0679,1548.1093,246.0445
2025-08-25,1501.4061,1671.1095,1141.133,481.8283,4116.7823,1455.215,1546.4953,247.289
2025-08-26,1487.2419,1664.8094,1143.2521,481.1458,4069.2353,1444.9163,1533.2609,246.4001
2025-08-27,1478.4821,1651.8153,1146.4308,480.2927,4021.6882,1449.6243,1533.2609,244.3556
2025-08-28,1465.5487,1648.2715,1157.556,480.1221,4013.7637,1443.1508,1519.3808,241.6001
2025-08-29,1453.808,1645.5152,1160.7347,485.9231,4034.8957,1440.2083,1503.564,240.9779
2025-09-01,1454.934,1643.5464,1161.7942,478.5865,4033.575,1441.9738,1514.5389,242.2223
2025-09-02,1454.2634,1645.1215,1165.5026,479.269,4028.292,1436.8244,1520.672,241.689
2025-09-03,1452.4354,1647.0902,1161.7942,477.3922,4049.424,1431.0865,1511.9566,240.889
2025-09-04,1450.2885,1645.1215,1170.8004,478.0747,4025.6505,1432.852,1515.5073,237.6001
2025-09-05,1474.7487,1663.6281,1178.2172,477.7334,4050.7447,1444.4749,1537.4572,236.889
2025-09-08,1468.2409,1656.9342,1181.9256,473.8092,4069.2353,1446.976,1527.7734,236.5334
2025-09-09,1472.2952,1655.3592,1172.9195,472.103,4061.3108,1449.33,1531.0013,235.2001
2025-09-10,1446.2449,1625.4335,1163.9133,472.7855,4049.424,1437.4129,1491.9435,236.7112
2025-09-11,1462.689,1641.1839,1166.5622,472.103,4078.4805,1455.5093,1505.8236,236.8001
2025-09-12,1458.7464,1638.4276,1163.9133,472.9561,4066.5938,1450.2128,1500.3361,235.6445
2025-09-15,1459.6945,1649.059,1148.0201,473.8092,4017.726,1456.5392,1520.672,236.0001
2025-09-16,1479.5103,1657.328,1147.4903,474.1504,4016.4052,1479.0493,1530.3557,233.9556
2025-09-17,1462.8235,1647.0902,1144.8414,473.9798,3964.8959,1471.1046,1520.9948,231.1112
2025-09-18,1449.924,1630.9462,1153.3178,469.7143,3953.0091,1468.8977,1501.6273,228.089
2025-09-19,1462.353,1639.6088,1148.5499,468.1787,3980.7449,1481.2562,1503.564,228.0001
2025-09-22,1471.7319,1647.0902,1137.4246,464.4251,4007.1599,1492.2906,1510.6654,227.4667
2025-09-23,1419.9321,1591.9641,1143.2521,462.0365,3867.1603,1470.6632,1461.2783,225.1556
2025-09-24,1415.3157,1594.7204,1146.0093,462.5483,3869.8018,1459.6288,1472.8988,226.5231
2025-09-25,1439.7804,1612.8333,1145.6832,461.6952,3918.6696,1492.1435,1488.3928,225.805
2025-09-26,1436.7658,1606.9269,1150.3686,457.4297,3879.0471,1495.086,1490.6524,222.8841
2025-09-29,1431.4722,1604.5644,1146.6406,455.5529,3873.7641,1484.9343,1490.3296,217.604
2025-09-30,1411.0593,1602.5956,1143.9552,450.9462,3867.1603,1477.7252,1489.3612,218.2848
2025-10-09,1455.923,1640.3964,1141.807,453.6761,3881.6886,1507.7387,1544.5586,207.0515
2025-10-10,1450.1553,1634.49,1141.2699,454.6998,3859.2358,1480.2263,1523.2543,206.626
2025-10-13,1439.7129,1627.7961,1131.0656,453.8467,3872.4433,1474.4884,1511.311,206.5409
2025-10-14,1429.7693,1622.2835,1133.751,452.6524,3832.8208,1465.2195,1505.8236,211.1363
2025-10-15,1431.7967,1624.646,1142.344,452.823,3852.632,1461.2472,1504.5324,207.5621
2025-10-16,1428.6738,1625.4335,1147.1777,454.5292,3839.4245,1461.6885,1502.9184,202.6262
2025-10-17,1416.7089,1625.4335,1136.9734,455.0411,3787.9152,1450.8013,1502.2729,198.6264
2025-10-20,1427.5609,1633.7025,1148.2518,459.4772,3823.5755,1459.1874,1503.8868,206.8813
2025-10-21,1421.4784,1632.915,1151.4742,462.0365,3815.651,1451.2427,1500.0133,208.2429
2025-10-22,1413.8535,1621.8897,1145.5665,461.8658,3810.368,1446.8289,1479.0319,207.9876
2025-10-23,1420.3068,1612.0458,1149.3259,463.2308,3880.3678,1435.5003,1473.8672,207.6472
2025-10-24,1418.3936,1613.227,1145.5665,462.0365,3873.7641,1436.0888,1472.2532,207.2217
2025-10-27,1421.4256,1621.1022,1134.288,462.8896,3872.4433,1434.1761,1468.7025,209.8598
2025-10-28,1422.8278,1610.8645,1140.1958,462.8896,3929.2356,1431.5279,1445.7843,206.9664
2025-10-29,1414.6692,1601.0205,1136.4363,464.7664,3921.3111,1401.3672,1427.0624,207.3919
2025-10-30,1417.1791,1608.1082,1133.751,464.0839,3954.3299,1401.9557,1424.8028,202.2007
2025-10-31,1412.5147,1600.233,1143.9552,463.9133,3989.9902,1386.2133,1414.4735,201.0944
2025-11-03,1409.4479,1596.6892,1149.863,464.0839,3996.5939,1393.2753,1398.3339,199.7328
2025-11-04,1411.1272,1596.2954,1146.6406,461.8658,3982.0657,1389.303,1390.5869,198.8817
2025-11-05,1417.3121,1602.2018,1146.1035,464.5957,4058.6693,1384.0065,1386.3906,203.307
2025-11-06,1427.0755,1612.0458,1156.8449,464.2545,4052.0655,1407.1051,1409.3088,203.2219
2025-11-07,1419.272,1611.2583,1154.1595,463.4014,4038.858,1402.5442,1397.6883,201.9454
2025-11-10,1428.3801,1619.9209,1162.2156,463.4014,4045.4617,1410.489,1402.5302,203.4772
2025-11-11,1435.063,1621.8897,1169.1975,462.7189,4033.575,1438.1485,1415.4419,200.0732
2025-11-12,1437.673,1631.7337,1169.1975,461.1834,4040.1787,1447.7117,1411.2456,200.754
2025-11-13,1444.7013,1637.2463,1174.0311,460.3303,4056.0278,1467.5735,1412.5367,201.8603
2025-11-14,1438.8507,1625.4335,1173.494,458.9653,4083.7635,1459.923,1395.106,200.4136
2025-11-17,1434.5383,1630.5524,1171.8828,458.7947,4019.0467,1453.5967,1400.9162,199.0519
2025-11-18,1439.6053,1638.0338,1164.3638,457.0885,4016.4052,1452.7139,1405.4353,196.3287
2025-11-19,1437.7021,1645.1215,1168.1233,460.1596,3991.3109,1443.7393,1428.6763,196.7542
2025-11-20,1429.0956,1619.1334,1164.3638,459.4772,3984.7072,1438.737,1395.4288,194.7118
2025-11-21,1426.5602,1612.4395,1178.8647,459.3066,3978.1034,1444.1806,1379.9348,193.18
2025-11-24,1419.9629,1608.1664,1190.7876,463.2997,3980.453,1439.6161,1368.7421,194.0326
2025-11-25,1414.2884,1604.0386,1201.5386,465.2123,3984.8674,1447.1834,1347.9936,194.1857
2025-11-26,1415.2572,1604.9958,1202.9567,465.0423,3991.0125,1452.0012,1358.5185,195.7584
2025-11-27,1418.5184,1616.3088,1208.1295,465.6924,4015.1598,1450.4894,1373.1174,195.2221
2025-11-28,1417.1659,1623.9844,1206.513,468.4308,4025.0633,1444.7112,1387.1842,194.1006
2025-12-01,1418.0603,1633.2758,1203.2798,469.7999,4010.9155,1442.1262,1390.3813,193.3242
2025-12-02,1418.8731,1635.2957,1205.4352,470.8268,4029.3077,1441.67,1397.4147,194.1869
2025-12-03,1414.809,1634.8917,1211.3627,470.6557,4027.8929,1441.822,1400.9314,193.8418
2025-12-04,1405.8228,1630.044,1219.4457,470.8268,4008.0859,1434.9794,1390.0616,193.0654
2025-12-05,1406.0356,1632.0639,1221.6011,469.6288,3991.1085,1430.4176,1400.6117,191.2538
2025-12-08,1390.7183,1622.3685,1202.7409,469.7999,3930.2727,1410.1938,1391.0207,196.4298
2025-12-09,1383.238,1612.673,1198.9689,469.7999,3909.0509,1393.9235,1379.1917,197.5513
2025-12-10,1378.4424,1615.9049,1204.8964,470.998,3896.3179,1391.7947,1363.2066,195.1358
2025-12-11,1389.157,1623.1764,1204.8964,474.0786,3890.6587,1415.0597,1381.4296,193.583
2025-12-12,1388.2533,1614.6929,1203.2798,474.0786,3918.9544,1421.2941,1367.0431,195.3946
2025-12-15,1377.5274,1603.7856,1189.8082,478.8708,3901.977,1398.3332,1357.452,195.0495
2025-12-16,1370.9706,1590.0504,1186.575,477.3304,3928.8579,1378.1094,1344.3443,195.8259
2025-12-17,1360.5173,1579.951,1188.7305,476.6458,3899.1474,1360.9267,1333.4744,197.2925
2025-12-18,1355.1322,1575.9112,1180.1087,477.8439,3886.4144,1360.1664,1337.6305,195.3946
2025-12-19,1347.4327,1557.7323,1181.1864,479.7265,3869.437,1329.6026,1325.4819,195.3946
2025-12-22,1357.7791,1569.8516,1181.1864,481.6091,3877.9257,1347.8497,1344.9837,195.7397
2025-12-23,1361.3625,1569.8516,1179.5698,484.0052,3883.5848,1345.2647,1356.4929,196.9474
2025-12-24,1358.4488,1568.2357,1183.3419,485.3744,3859.5335,1365.4885,1356.8126,198.0689
2025-12-25,1364.0151,1580.355,1179.5698,487.9416,3904.8066,1365.6406,1365.4446,197.7238
2025-12-26,1367.8052,1582.7788,1197.3523,497.5258,3947.2501,1375.5244,1369.6007,200.9157
2025-12-29,1356.1276,1579.143,1211.9016,494.1029,3924.6136,1374.612,1360.649,202.1234
2025-12-30,1362.8594,1591.2623,1201.6632,498.3816,3930.2727,1381.6067,1383.9872,203.4174
2025-12-31,1353.4775,1588.0305,1199.5077,499.2373,3889.2439,1381.7588,1372.1583,203.5037
2026-01-05,1351.4904,1586.8186,1198.43,501.6334,3896.3179,1375.2203,1356.8126,201.1745
2026-01-06,1359.906,1598.1299,1197.3523,508.4793,3927.4431,1388.2973,1358.7308,203.7625
2026-01-07,1364.4956,1607.4214,1211.3627,514.6406,3976.9606,1382.9753,1368.6416,203.3312
2026-01-08,1359.3187,1604.5935,1221.0622,504.5429,3935.9318,1361.8391,1376.6341,202.2097
2026-01-09,1367.4726,1614.6929,1219.4457,502.318,3941.591,1374.9161,1387.8236,203.0724
2026-01-12,1372.1188,1614.6929,1233.9949,500.6065,3947.2501,1365.4885,1394.5374,202.4685
2026-01-13,1376.6243,1613.077,1230.7618,505.2275,3906.2214,1371.1147,1403.1693,203.5037
2026-01-14,1372.5831,1615.9049,1224.2954,506.939,3892.0735,1360.7747,1398.3738,207.2132
2026-01-15,1357.8561,1603.3816,1236.6893,502.318,3876.5109,1342.3755,1371.1992,206.178
2026-01-16,1367.0698,1619.1367,1229.1452,499.4085,3858.1187,1378.1094,1386.5448,206.6956
2026-01-19,1356.1071,1615.0969,1229.1452,497.8681,3858.1187,1353.6279,1382.3887,201.9509
2026-01-20,1367.7495,1622.3685,1228.6063,497.1835,3870.8517,1360.6226,1398.3738,199.2766
2026-01-21,1373.0678,1624.7923,1230.2229,497.5258,3855.2891,1360.4705,1411.8012,197.8963
2026-01-22,1391.2843,1632.8719,1236.6893,504.2006,3916.1249,1368.8338,1429.7045,200.1393
2026-01-23,1389.344,1634.8917,1239.3836,503.0026,3892.0735,1367.1611,1424.2696,199.5354
2026-01-26,1420.5958,1661.5542,1236.6911,501.4622,3917.5396,1420.99,1453.3624,197.852
2026-01-27,1429.8025,1668.0178,1231.727,498.5527,3913.2953,1418.1009,1476.7006,195.5509
2026-01-28,1436.9291,1681.753,1228.8131,511.3888,3935.9318,1418.7091,1481.8158,195.4469
2026-01-29,1451.4148,1693.0643,1232.5891,510.3619,3964.2275,1436.3479,1496.5221,194.3474
2026-01-30,1429.6185,1672.8655,1228.2756,502.1468,3914.7101,1426.312,1477.0203,194.5143
2026-02-02,1397.2451,1634.4878,1218.5702,498.895,3890.6587,1389.2097,1440.8941,194.2639
