,JJRI.WI,NH0016.NHF,NH0019.NHF,NH0026.NHF,NH0029.NHF,NH0032.NHF,NH0038.NHF,NH0050.NHF,NHSF.NHF,NHSM.NHF
2017-01-03,529.6629,498.01,632.29,1144.4,986.23,984.91,1094.38,,889.72,1205.4365
2017-01-04,541.8519,511.81,643.84,1148.2,997.62,999.66,1118.27,,889.72,1200.6281
2017-01-05,546.2591,513.74,642.79,1151.05,1004.63,1015.34,1114.29,,896.65,1193.9703
2017-01-06,541.5242,508.67,643.84,1146.3,1017.77,993.21,1086.08,,868.93,1176.2161
2017-01-09,565.7576,532.43,669.55,1167.21,1050.63,1054.07,1144.48,,838.45,1169.1884
2017-01-10,590.4275,553.21,670.6,1213.79,1111.1,1095.57,1181.98,,865.82,1176.2161
2017-01-11,587.6142,555.83,672.7,1206.18,1093.13,1108.48,1184.3,,865.82,1191.751
2017-01-12,596.0507,560.2,674.8,1196.68,1090.94,1120.47,1191.94,,873.44,1239.4654
2017-01-13,592.2998,557.93,678.99,1211.89,1107.15,1119.55,1183.31,,869.63,1223.1908
2017-01-16,631.0838,589.55,687.39,1248.96,1161.48,1204.39,1234.74,,882.45,1257.5895
2017-01-17,604.3669,573.65,674.8,1230.9,1070.35,1176.72,1204.21,,849.19,1214.6835
2017-01-18,606.2137,575.05,680.04,1232.8,1072.54,1176.72,1201.89,,849.88,1231.698
2017-01-19,601.8762,568.76,691.06,1236.6,1081.3,1174.88,1178.33,,850.92,1217.6426
2017-01-20,585.4397,557.93,686.34,1236.6,1033.11,1129.69,1145.48,,852.65,1210.6149
2017-01-23,579.1011,555.48,684.24,1219.49,1034.42,1120.47,1148.8,,852.65,1193.6004
2017-01-24,604.3862,575.05,681.09,1243.25,1063.78,1196.09,1189.61,,859.23,1205.8064
2017-01-25,602.2704,576.27,688.44,1253.71,1051.51,1183.18,1194.59,,849.19,1196.5594
2017-01-26,619.0551,588.5,690.02,1257.56,1104.1,1217.25,1214.5,,858.54,1183.2438
2017-02-03,573.8023,543.78,713.63,1224.24,1026.98,1127.85,1122.25,,864.08,1168.8185
2017-02-06,566.0574,538.37,714.68,1224.24,1011.64,1112.17,1123.25,,869.28,1179.9149
2017-02-07,580.4893,552.86,718.35,1228.04,1019.97,1152.75,1151.12,,866.16,1187.3125
2017-02-08,591.5239,566.49,712.58,1250.86,1029.6,1182.26,1172.36,,869.97,1200.998
2017-02-09,583.3022,560.03,714.68,1239.45,991.92,1182.26,1157.76,,871.01,1196.1896
2017-02-10,606.5503,581.34,721.5,1307.89,1014.71,1268.94,1201.23,,869.97,1202.1076
2017-02-13,628.2681,600.38,726.22,1316.44,1055.45,1314.13,1237.73,,895.27,1224.3004
2017-02-14,630.2926,601.25,728.32,1317.39,1072.98,1313.21,1237.06,,894.92,1189.9016
2017-02-15,620.6212,592.34,708.38,1297.43,1063.78,1286.46,1220.14,,890.07,1128.1318
2017-02-16,617.8872,590.6,708.9,1297.43,1071.66,1264.33,1212.18,,887.64,1111.8571
2017-02-17,633.2645,606.67,701.03,1306.94,1082.62,1294.76,1241.38,,891.45,1113.3366
2017-02-20,644.5683,619.42,704.18,1315.49,1121.61,1316.9,1248.35,,896.31,1123.6932
2017-02-21,647.5182,624.48,683.72,1297.43,1111.1,1350.1,1254.32,,899.42,1106.6788
2017-02-22,634.0303,615.75,681.62,1291.73,1072.1,1332.57,1220.8,,897.0,1094.8426
2017-02-23,628.4702,608.41,667.45,1273.67,1068.16,1305.83,1197.24,,907.68,1087.4451
2017-02-24,631.9707,611.03,676.9,1277.47,1101.9,1288.31,1191.6,,908.95,1076.7186
2017-02-27,648.4322,630.95,683.19,1284.12,1109.34,1316.9,1237.06,,912.34,1079.6776
2017-02-28,627.7732,606.32,672.17,1254.66,1094.89,1273.55,1177.67,,907.16,1079.3077
2017-03-01,603.4345,618.72,675.85,1258.46,1162.8,1287.39,1192.6,,902.07,1070.8005
2017-03-02,603.1843,620.64,678.47,1260.36,1155.35,1280.93,1187.62,,906.82,1079.3077
2017-03-03,603.2715,622.91,692.11,1247.05,1148.34,1268.94,1185.63,,930.88,1091.8836
2017-03-06,589.305,605.62,699.98,1254.66,1147.46,1219.14,1150.46,,943.08,1118.8848
2017-03-07,592.4771,610.33,700.51,1255.61,1142.2,1220.07,1154.11,,960.36,1124.8029
2017-03-08,584.4352,598.28,672.7,1191.93,1133.88,1220.07,1135.86,,961.71,1120.3643
2017-03-09,581.216,591.99,681.09,1166.26,1143.08,1213.61,1118.93,,952.56,1170.298
2017-03-10,580.2485,594.26,672.17,1162.46,1115.92,1209.92,1135.86,,946.46,1171.4077
2017-03-13,609.9411,629.55,675.85,1185.27,1154.91,1262.49,1184.63,,945.79,1185.4631
2017-03-14,609.7339,627.8,688.44,1178.62,1150.53,1266.18,1174.02,,947.14,1231.3281
2017-03-15,618.5919,636.01,688.96,1193.83,1143.08,1336.26,1193.26,,948.5,1298.2762
2017-03-16,617.6647,633.22,699.98,1187.17,1137.38,1339.95,1187.29,,938.43,1283.4811
2017-03-17,609.9385,624.48,698.41,1179.57,1117.67,1319.66,1175.34,,976.0,1334.8943
2017-03-20,613.8192,625.53,689.49,1171.01,1145.27,1312.29,1172.36,,993.34,1343.4015
2017-03-21,599.5919,607.19,673.22,1174.82,1140.45,1268.02,1145.81,,979.23,1273.4943
2017-03-22,586.2722,594.79,665.88,1137.75,1114.6,1227.44,1114.29,,963.62,1260.5486
2017-03-23,582.5361,596.88,664.83,1142.5,1144.83,1239.43,1110.3,,971.25,1248.7124
2017-03-24,556.9975,596.36,657.48,1152.96,1131.25,1233.53,1112.63,,966.04,1256.4799
2017-03-27,540.0148,578.53,647.51,1142.5,1081.3,1176.71,1071.48,,951.48,1284.5907
2017-03-28,539.3661,576.85,650.66,1195.73,1076.48,1154.76,1067.5,,946.97,1331.1955
2017-03-29,558.1519,595.6,655.91,1212.84,1118.98,1210.38,1097.36,,953.56,1331.1955
2017-03-30,553.6853,591.75,645.94,1219.49,1122.49,1184.95,1094.0,,940.03,1310.4823
2017-03-31,552.6296,593.64,641.74,1242.3,1113.72,1170.11,1089.84,,932.05,1283.4811
2017-04-05,565.9824,606.82,657.48,1234.7,1206.17,1186.01,1093.39,,926.5,1305.304
2017-04-06,559.5604,595.52,651.81,1238.51,1189.91,1187.07,1089.45,,934.48,1297.0888
2017-04-07,536.2508,572.17,633.43,1229.32,1162.21,1113.94,1060.84,,916.79,1241.133
2017-04-10,529.6532,565.01,629.87,1233.05,1166.5,1102.28,1057.4,,914.36,1194.1679
2017-04-11,525.0619,561.62,631.01,1186.6,1125.54,1111.82,1044.3,,911.24,1183.3543
2017-04-12,506.7232,544.86,623.61,1176.0,1068.62,1072.6,1003.98,,869.27,1123.5928
2017-04-13,510.3579,549.38,611.46,1191.41,1057.51,1071.54,1018.11,,897.02,1151.1751
2017-04-14,511.072,554.09,598.77,1181.78,1025.58,1075.78,1028.45,,867.88,1114.7818
2017-04-17,505.893,548.44,596.13,1171.19,1044.55,1045.04,1024.66,,847.76,1104.8216
2017-04-18,488.9591,531.86,585.56,1165.41,1014.93,992.05,992.95,,858.17,1068.8115
2017-04-19,490.8221,537.14,584.5,1197.19,997.81,1017.49,997.08,,862.68,1093.7121
2017-04-20,499.5113,544.1,592.96,1227.05,1040.85,1035.5,1009.84,,867.19,1111.3341
2017-04-21,510.5947,551.45,598.24,1237.65,1053.81,1071.54,1020.52,,884.53,1136.2347
2017-04-24,503.7876,551.26,591.9,1259.8,1010.3,1066.24,1018.8,,871.0,1122.0605
2017-04-25,501.976,555.22,585.03,1246.31,1004.29,1055.64,1031.2,,882.45,1160.37
2017-04-26,500.4453,558.79,587.67,1229.94,999.66,1052.46,1040.85,,906.73,1200.59
2017-04-27,508.8007,568.02,609.87,1248.24,1033.44,1072.6,1055.68,,915.4,1231.24
2017-04-28,519.3576,586.67,621.5,1251.13,1043.16,1104.4,1085.32,,915.75,1221.28
2017-05-02,524.5024,590.25,616.74,1250.17,1056.12,1130.89,1082.9,,924.07,1202.89
2017-05-03,519.2481,589.68,610.4,1249.2,1023.72,1108.64,1072.56,,921.99,1230.47
2017-05-04,488.2531,552.01,592.43,1200.08,971.43,1028.08,996.39,,895.28,1187.95
2017-05-05,478.3037,552.01,593.49,1183.71,944.12,978.27,995.02,,892.51,1208.25
2017-05-08,485.368,565.76,597.19,1189.49,961.71,988.87,1010.18,,898.75,1230.85
2017-05-09,487.245,568.02,614.1,1191.41,968.65,987.81,997.77,,887.65,1217.45
2017-05-10,497.5448,579.51,601.94,1182.75,986.7,1005.83,1009.84,,873.43,1219.74
2017-05-11,491.7492,576.31,616.21,1230.9,949.21,985.69,1017.42,,867.53,1214.0
2017-05-12,476.2189,553.9,605.11,1217.42,938.11,954.95,978.82,,871.69,1217.06
2017-05-15,483.2677,563.31,628.9,1240.54,943.66,968.73,1005.01,,879.33,1231.24
2017-05-16,484.8655,564.82,632.07,1239.57,952.45,977.21,1005.01,,881.06,1224.34
2017-05-17,499.7533,585.73,629.95,1219.35,969.58,1012.19,1046.71,,902.22,1286.02
2017-05-18,499.6178,592.13,646.34,1231.87,952.45,993.11,1050.51,,902.22,1280.27
2017-05-19,514.2573,610.96,656.38,1291.58,970.5,1036.56,1074.29,,893.55,1304.41
2017-05-22,525.6291,629.42,657.43,1288.69,970.04,1047.16,1092.55,,890.77,1299.81
2017-05-23,520.1007,620.57,650.56,1299.29,995.03,1015.37,1086.69,,935.52,1315.9
2017-05-24,505.1894,611.34,637.88,1292.55,960.32,965.55,1078.08,,918.87,1304.41
2017-05-25,499.6438,606.26,638.41,1287.73,972.82,949.65,1079.8,,943.84,1295.21
2017-05-26,504.9136,610.21,629.42,1299.29,956.15,962.37,1073.94,,916.44,1297.51
2017-05-31,476.6682,582.9,627.31,1256.91,878.4,899.84,1046.71,,919.22,1258.05
2017-06-01,476.2504,582.34,650.03,1248.24,879.79,890.3,1041.2,,917.48,1242.35
2017-06-02,469.9994,569.91,620.97,1254.98,870.07,910.44,1038.1,,932.4,1240.05
2017-06-05,464.8018,553.52,617.8,1261.72,887.2,922.1,1011.9,,932.4,1239.28
2017-06-06,466.2631,557.29,617.8,1255.95,896.92,915.74,1012.59,,932.4,1237.37
2017-06-07,467.4653,557.85,619.38,1250.17,899.23,916.8,1019.14,,932.4,1250.01
2017-06-08,463.1633,558.98,620.97,1264.61,896.92,896.66,1025.0,,927.19,1245.03
2017-06-09,469.3818,568.21,621.5,1276.17,880.25,897.72,1059.47,,926.5,1201.74
2017-06-12,475.0816,571.23,641.58,1262.69,894.6,919.98,1069.81,,917.83,1192.54
2017-06-13,462.3679,552.77,633.65,1255.95,883.03,887.12,1036.03,,920.95,1180.67
2017-06-14,483.5907,580.83,631.54,1278.1,911.73,915.74,1075.32,,925.11,1197.91
2017-06-15,482.8575,585.92,622.55,1266.54,895.99,896.66,1097.72,,914.36,1194.84
2017-06-16,484.6872,582.15,621.5,1286.77,892.29,904.08,1090.49,,925.81,1201.74
2017-06-19,497.3521,591.38,615.68,1260.76,924.22,916.8,1115.3,,934.83,1189.48
2017-06-20,496.8081,585.54,615.68,1257.87,939.03,912.56,1112.54,,934.83,1164.58
2017-06-21,497.2861,578.01,623.61,1260.76,952.92,918.92,1101.86,,934.13,1163.81
2017-06-22,496.6604,570.85,623.61,1218.38,955.69,901.96,1100.82,,946.62,1169.94
2017-06-23,503.4928,584.6,640.52,1221.27,964.02,919.98,1115.99,,946.62,1174.16
2017-06-26,507.1461,592.88,649.51,1227.05,946.44,917.86,1133.22,,945.23,1168.03
2017-06-27,516.9834,607.2,654.79,1241.5,971.43,967.67,1154.59,,943.5,1205.19
2017-06-28,524.8538,617.56,652.68,1245.35,997.34,969.79,1168.03,,943.5,1195.61
2017-06-29,538.7407,620.95,669.06,1306.99,1047.79,1011.13,1163.9,,943.5,1200.21
2017-06-30,541.6152,630.36,673.29,1317.59,1036.22,1003.71,1165.96,,922.68,1217.83
2017-07-03,549.2676,642.79,675.4,1317.59,1061.67,1032.32,1192.5,,922.68,1246.18
2017-07-04,543.2522,632.81,666.42,1298.32,1021.41,985.69,1168.72,,922.68,1222.81
2017-07-05,550.6215,644.11,683.86,1322.4,1039.0,995.23,1182.16,,922.68,1240.81
2017-07-06,552.4401,643.55,693.37,1316.62,1039.92,998.41,1176.65,,922.68,1239.66
2017-07-07,554.2747,645.62,698.66,1315.66,1044.09,1020.67,1186.99,,922.68,1257.29
2017-07-10,561.6866,648.25,698.13,1306.03,1044.55,1017.49,1189.75,,922.68,1253.46
2017-07-11,576.2462,671.42,705.53,1324.33,1065.84,1035.5,1230.07,,922.68,1263.42
2017-07-12,575.7841,673.3,696.54,1306.03,1054.27,1035.5,1237.31,,907.42,1250.01
2017-07-13,587.686,688.75,699.71,1315.66,1095.46,1040.8,1268.33,,907.42,1259.58
2017-07-14,572.2746,668.78,692.84,1306.03,1082.5,1019.61,1240.06,,907.42,1262.27
2017-07-17,587.4652,683.1,691.78,1330.11,1131.1,1048.22,1274.53,,931.36,1335.44
2017-07-18,584.1763,675.38,701.83,1331.07,1151.0,1095.92,1260.4,,931.36,1349.23
2017-07-19,601.4702,692.89,717.15,1398.49,1161.64,1127.71,1285.9,,931.36,1361.1
2017-07-20,580.57,658.42,717.68,1372.49,1148.22,1095.92,1246.61,,931.36,1316.28
2017-07-21,592.857,663.89,725.08,1374.41,1168.12,1104.4,1250.75,,931.36,1323.18
2017-07-24,584.4466,662.19,721.91,1358.04,1150.53,1085.32,1235.93,,975.41,1364.93
2017-07-25,595.0709,671.99,725.61,1361.89,1168.12,1116.06,1251.44,,975.41,1367.23
2017-07-26,594.6963,671.99,718.74,1343.59,1175.06,1098.04,1255.92,,975.41,1368.0
2017-07-27,597.9726,672.36,730.36,1347.44,1187.56,1117.11,1263.5,,975.41,1372.21
2017-07-28,599.0815,670.1,721.91,1343.59,1176.91,1123.47,1261.43,,975.41,1362.25
2017-07-31,628.0842,703.06,722.44,1369.6,1244.02,1209.32,1310.37,,975.41,1369.91
2017-08-01,622.055,696.47,728.25,1364.78,1222.73,1200.85,1297.97,,975.41,1359.19
2017-08-02,637.1899,701.55,753.33,1363.83,1246.07,1201.44,1308.65,,1023.63,1359.22
2017-08-03,631.8585,711.16,751.14,1364.04,1197.95,1204.81,1312.79,,1046.17,1348.92
2017-08-04,636.1549,731.12,779.37,1366.66,1192.5,1214.42,1343.12,,1051.38,1354.32
2017-08-07,653.956,768.23,786.92,1347.69,1171.81,1250.34,1388.96,,1048.25,1358.26
2017-08-08,650.4979,762.01,801.08,1347.69,1208.59,1217.08,1382.06,,1046.87,1359.05
2017-08-09,667.1709,768.41,805.98,1396.66,1259.52,1255.88,1412.39,,1064.56,1385.59
2017-08-10,662.8405,759.57,820.14,1394.7,1258.58,1249.23,1403.78,,1083.29,1426.39
2017-08-11,659.3294,741.92,791.28,1378.05,1251.98,1188.26,1380.34,,1077.74,1363.4
2017-08-14,644.8902,734.6,786.37,1387.84,1225.57,1168.31,1365.03,,1094.39,1357.86
2017-08-15,646.1248,724.59,766.22,1373.15,1258.11,1174.96,1352.53,,1110.69,1404.2
2017-08-16,639.8222,716.86,762.96,1381.97,1280.74,1160.55,1346.35,,1158.91,1433.12
2017-08-17,674.849,736.58,775.48,1411.35,1372.69,1229.28,1386.0,,1187.35,1456.49
2017-08-18,676.3712,753.21,796.18,1413.31,1398.16,1286.91,1413.78,,1178.33,1461.64
2017-08-21,691.2877,766.17,801.62,1424.08,1388.73,1321.28,1430.3,,1239.38,1479.07
2017-08-22,695.3928,760.56,810.34,1426.04,1400.99,1343.45,1422.92,,1300.08,1481.05
2017-08-23,682.3997,730.78,791.28,1409.39,1372.22,1282.48,1358.93,,1249.79,1430.74
2017-08-24,698.3129,746.06,801.08,1424.08,1395.33,1291.35,1393.03,,1242.85,1448.17
2017-08-25,712.812,759.98,814.69,1415.27,1419.85,1298.0,1423.97,,1274.42,1458.07
2017-08-28,709.924,760.37,817.42,1415.27,1387.31,1269.18,1434.87,,1252.22,1483.03
2017-08-29,688.4392,750.7,817.96,1405.47,1323.18,1228.17,1425.38,,1187.35,1446.19
2017-08-30,684.8805,747.99,818.5,1415.27,1315.64,1232.6,1430.3,,1168.97,1464.41
2017-08-31,682.7596,759.4,829.94,1390.78,1338.27,1270.29,1431.71,,1164.46,1446.19
2017-09-01,694.4323,785.51,853.36,1386.86,1360.43,1292.46,1494.64,,1167.23,1449.36
2017-09-04,687.4877,785.12,844.64,1366.29,1316.58,1253.66,1506.25,,1112.08,1424.8
2017-09-05,691.843,789.76,858.26,1373.15,1343.46,1276.94,1525.23,,1136.01,1422.82
2017-09-06,682.4724,770.81,851.18,1367.27,1314.69,1219.3,1484.45,,1137.75,1418.07
2017-09-07,681.7114,765.39,830.49,1352.58,1318.47,1209.32,1482.69,,1134.63,1427.18
2017-09-08,687.1729,757.27,821.77,1345.73,1328.37,1184.94,1459.48,,1125.61,1433.12
2017-09-11,694.5217,757.08,822.32,1350.62,1357.13,1182.72,1463.0,,1134.28,1446.59
2017-09-12,703.7133,765.59,834.84,1361.4,1382.6,1214.87,1468.63,,1113.12,1473.92
2017-09-13,692.6011,756.89,799.99,1348.67,1347.23,1183.83,1448.23,,1080.17,1467.58
2017-09-14,670.4276,740.84,792.36,1374.13,1321.3,1130.62,1433.82,,1074.96,1438.67
2017-09-15,655.8467,735.81,777.66,1332.01,1240.66,1126.19,1429.25,,1090.23,1443.81
2017-09-18,641.8277,735.03,780.38,1321.24,1207.65,1133.95,1422.57,,1089.88,1486.59
2017-09-19,629.3523,723.24,762.96,1310.47,1201.99,1104.02,1400.06,,1053.11,1478.28
2017-09-20,634.5543,726.72,755.88,1318.3,1235.0,1091.83,1403.93,,1039.23,1464.41
2017-09-21,606.5623,706.8,736.82,1310.47,1149.65,1046.38,1367.72,,987.9,1385.98
2017-09-22,591.6614,687.27,735.73,1308.51,1141.63,1034.19,1323.77,,997.26,1322.21
2017-09-25,593.986,696.74,736.82,1322.22,1108.15,1037.51,1343.11,,990.12,1306.36
2017-09-26,590.467,698.87,746.62,1299.69,1095.42,1029.75,1352.25,,986.92,1319.44
2017-09-27,595.5386,711.44,743.9,1305.57,1106.74,1048.6,1377.91,,994.77,1322.61
2017-09-28,577.5078,697.33,721.02,1294.8,1060.05,999.83,1364.2,,999.26,1309.93
2017-09-29,588.5243,714.54,728.65,1285.0,1069.01,1007.58,1398.66,,1001.01,1315.08
2017-10-09,578.3488,715.7,702.51,1277.17,1028.93,980.98,1408.85,,1009.43,1286.56
2017-10-10,558.7396,687.08,694.34,1333.97,1016.2,975.44,1353.65,,1023.81,1287.35
2017-10-11,555.616,681.27,695.97,1332.01,1023.27,966.57,1341.0,,1031.18,1286.96
2017-10-12,572.942,709.12,699.24,1330.06,1077.03,978.76,1407.1,,1034.68,1289.73
2017-10-13,593.0825,737.74,706.87,1345.73,1128.43,1009.8,1451.4,,1034.68,1307.16
2017-10-16,595.2864,739.48,698.15,1355.52,1108.15,1026.43,1466.16,,1035.03,1302.8
2017-10-17,578.9976,723.24,698.7,1347.69,1094.01,1004.26,1423.62,,1035.03,1302.8
2017-10-18,572.2943,712.8,699.24,1350.62,1094.48,1017.56,1418.7,,1056.78,1309.14
2017-10-19,555.0065,696.94,687.81,1335.93,1034.59,984.31,1376.86,,1048.71,1296.07
2017-10-20,580.8621,730.2,711.22,1368.25,1086.93,1039.73,1446.12,,1072.56,1328.15
2017-10-23,570.4442,715.5,706.87,1333.97,1054.87,1016.45,1420.46,,1100.27,1314.68
2017-10-24,572.9075,723.04,710.13,1331.04,1026.57,1014.24,1433.82,,1087.29,1315.48
2017-10-25,572.8079,716.08,703.6,1313.41,1040.25,1008.69,1425.03,,1093.96,1315.48
2017-10-26,569.6655,705.83,698.15,1305.57,1038.83,1005.37,1387.41,,1118.86,1317.06
2017-10-27,555.5937,691.72,700.88,1290.88,1032.7,948.84,1348.03,,1128.68,1275.47
2017-10-30,552.3582,690.56,716.67,1289.9,1031.76,942.19,1348.73,,1107.29,1261.21
2017-10-31,557.9634,701.58,690.53,1289.9,1003.0,948.84,1366.31,,1115.35,1248.93
2017-11-01,553.0434,689.01,679.09,1323.2,1017.61,952.16,1330.8,,1119.21,1252.1
2017-11-02,570.6408,704.29,688.89,1331.04,1074.2,979.87,1346.97,,1118.86,1257.25
2017-11-03,564.5464,698.49,687.81,1326.14,1065.71,974.33,1344.16,,1118.86,1262.4
2017-11-06,587.2424,722.46,703.05,1340.83,1100.14,1037.51,1395.84,,1130.44,1307.16
2017-11-07,588.1301,716.86,703.6,1351.6,1117.58,1039.73,1379.67,,1132.19,1292.9
2017-11-08,592.0853,720.14,700.88,1356.5,1118.06,1033.08,1381.78,,1146.92,1294.09
2017-11-09,592.7967,727.11,694.88,1378.05,1138.8,1020.89,1386.0,,1135.35,1274.68
2017-11-10,596.8023,741.42,698.15,1390.78,1145.41,1025.32,1410.26,,1150.78,1283.39
2017-11-13,595.8141,750.97,694.34,1390.78,1141.63,1030.86,1427.14,,1149.73,1283.39
2017-11-14,601.878,757.07,688.35,1404.49,1143.99,1029.75,1434.17,,1149.73,1295.27
2017-11-15,586.2011,740.41,657.31,1399.6,1100.14,988.74,1419.05,,1146.57,1314.29
2017-11-16,586.326,735.99,645.87,1414.29,1102.02,1015.34,1413.07,,1143.41,1332.11
2017-11-17,586.0287,726.39,654.04,1436.81,1110.04,1025.32,1383.19,,1140.61,1349.94
2017-11-20,600.2376,739.19,655.13,1480.89,1142.1,1041.95,1402.88,,1145.52,1365.78
2017-11-21,610.3566,752.59,652.41,1466.2,1157.67,1041.95,1412.37,,1137.1,1357.86
2017-11-22,624.5998,763.39,677.46,1460.32,1225.57,1051.92,1422.21,,1114.3,1344.39
2017-11-23,624.9542,765.19,682.9,1450.53,1225.1,1089.61,1403.58,,1131.14,1366.18
2017-11-24,639.2653,762.79,685.08,1457.38,1263.29,1098.48,1401.12,,1138.85,1364.59
2017-11-27,637.2094,766.59,668.75,1439.75,1239.24,1093.95,1407.1,,1149.02,1396.68
2017-11-28,646.0694,774.39,670.38,1429.96,1254.33,1093.52,1434.52,,1166.56,1414.9
2017-11-29,645.7352,791.39,670.38,1444.65,1253.86,1108.79,1445.37,,1172.87,1445.0
2017-11-30,663.3703,797.99,664.93,1445.63,1284.04,1126.64,1445.28,,1164.46,1442.63
2017-12-01,667.6971,795.39,677.11,1451.78,1285.46,1139.64,1451.7,,1166.91,1447.78
2017-12-04,676.6868,811.19,693.91,1483.73,1263.7,1187.31,1483.49,,1235.31,1529.5
2017-12-05,669.716,804.99,690.57,1474.84,1230.22,1168.89,1474.75,,1284.06,1520.77
2017-12-06,665.3388,783.19,712.31,1484.73,1238.16,1133.14,1431.79,,1267.22,1579.16
2017-12-07,634.6459,765.59,689.26,1444.12,1142.08,1071.39,1395.37,,1216.37,1539.92
2017-12-08,647.8387,778.99,726.25,1450.06,1148.89,1097.39,1428.51,,1293.88,1645.01
2017-12-11,650.0263,782.39,724.1,1444.12,1159.78,1073.56,1427.78,,1265.82,1651.06
2017-12-12,647.8314,776.79,724.1,1438.17,1167.04,1089.81,1425.23,,1261.26,1663.6
2017-12-13,640.2975,766.19,714.99,1464.92,1166.59,1096.31,1407.02,,1259.86,1666.63
2017-12-14,626.5639,757.19,709.63,1421.34,1122.56,1078.97,1406.66,,1196.37,1606.09
2017-12-15,633.0185,764.79,710.17,1430.25,1151.61,1100.64,1429.6,,1151.83,1574.09
2017-12-18,655.6078,774.79,716.6,1464.92,1226.05,1161.31,1435.43,,1187.26,1601.33
2017-12-19,645.3318,758.19,719.81,1464.92,1252.38,1145.06,1393.92,,1179.54,1611.28
2017-12-20,641.2147,760.79,720.35,1471.85,1251.02,1146.14,1398.28,,1180.24,1619.93
2017-12-21,640.0046,770.59,704.27,1477.79,1247.84,1152.64,1413.21,,1257.05,1668.79
2017-12-22,648.7236,788.39,711.24,1497.6,1264.18,1182.97,1445.62,,1241.62,1662.3
2017-12-25,624.5133,757.39,702.13,1476.8,1195.64,1138.56,1394.28,,1178.84,1568.03
2017-12-26,627.2334,764.39,717.67,1473.83,1203.81,1129.89,1409.21,,1183.4,1571.92
2017-12-27,622.0857,758.39,706.95,1457.98,1173.4,1116.89,1404.48,,1192.87,1588.79
2017-12-28,615.9841,751.59,706.41,1459.97,1181.57,1123.39,1401.2,,1137.45,1553.33
2017-12-29,622.1878,758.79,713.38,1468.88,1192.01,1151.56,1400.47,,1141.66,1564.57
2018-01-02,624.6234,774.79,726.78,1448.08,1214.7,1177.56,1429.96,,1133.94,1568.9
2018-01-03,624.8571,761.79,725.71,1440.16,1227.41,1161.31,1407.02,,1134.29,1539.49
2018-01-04,639.2663,763.79,731.6,1456.99,1241.03,1177.56,1411.76,,1131.84,1547.28
2018-01-05,627.3412,759.59,732.14,1446.1,1235.13,1166.72,1399.01,,1121.67,1530.84
2018-01-08,634.5428,763.59,732.14,1497.6,1262.37,1203.55,1407.02,,1125.52,1546.84
2018-01-09,628.6696,763.79,728.39,1492.65,1256.92,1214.39,1406.3,,1132.89,1565.44
2018-01-10,628.2409,769.79,724.64,1493.64,1231.95,1207.89,1412.85,,1134.99,1566.74
2018-01-11,627.1061,767.59,722.49,1477.79,1250.11,1204.64,1410.67,,1129.38,1552.03
2018-01-12,620.0213,757.99,731.6,1481.76,1221.51,1178.64,1395.01,,1132.19,1593.98
2018-01-15,618.7418,760.39,730.0,1467.89,1204.72,1162.39,1397.19,,1133.94,1600.03
2018-01-16,613.5206,757.99,710.7,1453.03,1159.78,1147.22,1391.73,,1173.58,1606.52
2018-01-17,618.0225,765.3941,704.2703,1460.9556,1165.6803,1151.5562,1399.3773,,1172.8747,1610.4119
2018-01-18,619.4476,771.794,710.166,1477.7937,1158.4175,1163.4726,1405.9317,,1209.3516,1648.0343
2018-01-19,628.8411,785.1939,714.9898,1471.8508,1168.8578,1177.5556,1428.5082,,1212.5083,1679.6025
2018-01-22,630.1179,785.3939,716.0617,1443.1269,1154.3322,1171.0557,1419.4048,,1194.6206,1657.548
2018-01-23,617.8697,782.3939,720.3495,1453.0317,1166.1343,1129.89,1421.2255,,1185.5013,1666.1968
2018-01-24,624.5483,787.3939,731.069,1445.1079,1170.2196,1130.9733,1434.3344,,1181.9939,1660.5751
2018-01-25,639.314,793.1939,734.8208,1473.8318,1197.4551,1147.223,1446.715,,1182.6954,1661.44
2018-01-26,627.802,788.9939,742.8605,1470.8603,1181.1138,1124.4735,1442.7095,,1154.2854,1632.0339
2018-01-29,628.047,788.9939,736.9647,1482.7461,1167.95,1114.7237,1443.4378,,1166.2106,1657.9804
2018-01-30,624.1069,784.1939,733.7489,1479.7746,1175.6667,1121.2236,1434.3344,,1162.3525,1648.4667
2018-01-31,619.5839,782.9939,738.5727,1463.927,1174.3049,1104.974,1432.5137,,1156.3899,1648.0343
2018-02-01,618.7992,786.1939,719.2776,1449.0698,1170.2196,1097.3908,1446.3509,,1161.651,1648.8992
2018-02-02,634.2289,792.1939,720.3495,1472.8413,1208.8032,1112.5571,1468.5632,,1165.1584,1645.4396
2018-02-05,646.5236,793.3939,727.8532,1471.8508,1242.8476,1140.7231,1466.7426,,1185.1506,1682.6296
2018-02-06,648.5954,788.5939,723.0294,1467.8889,1233.7691,1128.8067,1460.1881,,1172.8747,1673.9808
2018-02-07,656.3703,787.3939,727.8532,1473.8318,1241.9398,1140.7231,1460.9164,,1178.1358,1681.7647
2018-02-08,655.4379,785.9939,724.1013,1452.0413,1238.3084,1135.3066,1466.3784,,1161.3003,1661.8724
2018-02-09,642.2234,778.994,719.8136,1437.1841,1231.0456,1134.2233,1441.253,,1159.8973,1664.467
2018-02-12,644.2991,783.5939,711.7739,1428.2698,1238.3084,1133.14,1446.715,,1167.2628,1681.3323
2018-02-13,642.3568,784.1939,710.166,1432.2317,1238.7623,1146.1397,1451.0847,,1164.1062,1689.9811
2018-02-14,647.916,786.7939,700.5185,1447.0889,1246.933,1168.8891,1450.7205,,1186.5535,1712.468
2018-02-22,651.816,773.194,700.5185,1432.2317,1251.0183,1166.7225,1429.9647,,1187.9565,1713.7654
2018-02-23,666.505,789.7939,706.9502,1473.8318,1269.1753,1188.3887,1446.3509,,1191.8146,1731.063
2018-02-26,685.6053,805.5938,712.8459,1474.8223,1281.8852,1189.472,1485.6777,,1188.658,1726.7386
2018-02-27,683.5419,806.9937,706.9502,1477.7937,1296.8648,1184.0554,1492.5963,,1188.3072,1740.1443
2018-02-28,677.1428,803.9938,716.5977,1481.7556,1282.3391,1176.4723,1488.2266,,1191.4639,1762.6312
2018-03-01,677.6553,806.3938,727.3172,1482.7461,1271.8989,1179.7222,1490.7756,,1180.9417,1770.8476
2018-03-02,674.4321,804.7938,728.3891,1483.7366,1265.5439,1167.8058,1500.2431,,1159.1958,1752.6851
2018-03-05,655.0831,791.3939,713.3819,1469.8699,1247.8408,1126.6401,1473.6612,,1122.3681,1724.144
2018-03-06,657.5755,793.7939,707.4861,1469.8699,1251.0183,1127.7234,1471.8405,,1125.174,1749.2256
2018-03-07,642.6148,777.994,706.9502,1465.908,1223.3288,1121.2236,1436.8833,,1107.9878,1697.3326
2018-03-08,626.6324,758.7941,686.5831,1452.0413,1202.4483,1084.3911,1413.9427,,1105.5326,1689.1162
2018-03-09,606.5989,741.7943,689.799,1447.0889,1180.6599,1047.5586,1384.8118,,1068.7049,1658.4129
2018-03-12,600.4805,741.7943,671.5759,1458.9746,1149.339,1037.8089,1391.3663,,1083.436,1675.2781
2018-03-13,598.5192,738.9943,672.1118,1456.9936,1136.1752,1037.8089,1387.7249,,1080.9808,1679.1701
2018-03-14,611.5301,746.9942,678.5435,1454.0222,1175.2128,1061.6416,1404.111,,1078.8763,1673.9808
2018-03-15,607.6072,750.3942,675.8637,1443.1269,1166.5882,1061.6416,1406.2959,,1081.6823,1650.6289
2018-03-16,603.9309,746.1942,678.0076,1456.9936,1169.7657,1047.5586,1411.7579,,1080.9808,1659.2777
2018-03-19,591.7556,730.1943,675.8637,1468.8794,1167.496,1002.0597,1389.1814,,1078.8763,1651.0614
2018-03-20,587.1754,729.7943,668.36,1449.0698,1169.7657,994.4766,1389.5456,,1099.2193,1638.5206
2018-03-21,585.4521,723.3944,671.5759,1446.0984,1172.4892,1003.143,1360.0505,,1095.0104,1624.6824
2018-03-22,585.6311,723.7944,681.2234,1373.7935,1157.9636,1010.7262,1364.4201,,1095.3611,1629.0068
2018-03-23,562.7527,673.7948,670.5039,1361.9077,1116.6564,947.8943,1287.5873,,1073.2645,1594.844
2018-03-26,553.6773,672.5948,675.3277,1372.803,1128.9124,951.1443,1279.2122,,1052.2201,1591.3844
2018-03-27,559.7433,686.5947,678.0076,1361.9077,1136.1752,961.9773,1306.1583,,1025.9146,1598.7359
2018-03-28,551.4021,684.7947,665.6801,1359.9268,1118.0182,950.0609,1303.2452,,1025.2131,1603.0604
2018-03-29,561.2165,695.7946,674.7917,1366.8601,1135.7213,955.4775,1322.1803,,1017.4968,1598.7359
2018-03-30,573.6431,718.1901,689.799,1402.5173,1163.4107,960.894,1356.7733,,1028.019,1639.3854
2018-04-02,568.8917,714.0885,696.2307,1377.7554,1162.9568,967.3939,1351.6754,,1033.6309,1630.7366
2018-04-03,564.1092,716.0061,692.9122,1376.1496,1167.2507,956.1783,1346.5825,,1028.7148,1623.4414
2018-04-04,556.3823,709.4998,694.6213,1369.5124,1173.0717,928.4909,1345.3334,,1024.3031,1617.7164
2018-04-09,556.1592,728.7448,711.3874,1366.4509,1168.1304,939.3561,1377.507,,1027.5416,1616.4066
2018-04-10,556.9894,731.097,707.119,1371.554,1174.6073,953.5765,1384.4666,,1035.5009,1643.0131
2018-04-11,554.2203,725.965,700.7341,1379.7241,1154.52,946.1763,1364.0779,,1038.3195,1631.0472
2018-04-12,549.7365,727.4618,707.119,1385.8516,1129.4108,951.4622,1376.2327,,1040.4335,1635.6495
2018-04-13,556.3488,738.1535,701.7983,1399.128,1137.4458,958.8624,1391.5242,,1086.2365,1683.9734
2018-04-16,540.4072,717.8393,697.0097,1379.7241,1106.8126,927.147,1356.2361,,1059.8117,1660.962
2018-04-17,547.2456,723.6128,701.2662,1375.639,1131.4196,928.2042,1372.7039,,1078.1329,1665.5643
2018-04-18,557.9278,736.8705,703.3945,1402.1918,1154.0178,949.3478,1402.5027,,1076.3713,1686.7348
2018-04-19,571.0651,751.8388,713.5038,1413.4257,1179.6292,1004.3212,1419.3625,,1084.8272,1699.6211
2018-04-20,557.5859,738.5811,705.5228,1402.1918,1135.437,974.7201,1406.4236,,1076.3713,1690.8768
2018-04-23,585.0111,757.8262,714.5679,1414.447,1182.6423,1008.5499,1442.8878,,1087.6458,1713.8882
2018-04-24,583.7223,761.6752,720.9527,1420.5745,1187.1619,993.7494,1440.9274,,1129.2209,1712.5075
2018-04-25,583.9489,764.0273,720.4207,1410.3619,1170.5899,988.4635,1441.7116,,1151.4178,1717.1098
2018-04-26,578.3112,760.8198,724.1451,1410.3619,1173.603,984.2347,1439.359,,1138.0292,1731.3769
2018-04-27,576.1647,768.304,729.9979,1406.2769,1162.5549,973.6629,1449.9454,,1140.8478,1695.9393
2018-05-02,600.6845,796.9577,729.9979,1406.2769,1210.2624,1002.2068,1490.3306,,1132.7442,1691.337
2018-05-03,592.8156,785.4107,734.7865,1414.447,1204.7384,1002.2068,1465.2369,,1137.6769,1685.8143
2018-05-04,592.5546,783.4862,732.1262,1400.1493,1222.817,996.9209,1465.2369,,1147.8945,1687.195
2018-05-07,601.05,781.9894,743.8317,1412.4044,1254.9567,993.7494,1468.3736,,1167.2727,1667.8654
2018-05-08,594.6097,777.7127,742.2355,1409.3407,1253.4502,1006.4355,1464.0606,,1162.6924,1648.0756
2018-05-09,586.49,763.5997,737.4469,1377.6816,1233.865,993.7494,1441.3195,,1160.9307,1636.1097
2018-05-10,589.3702,773.0083,734.2545,1380.7453,1246.4196,993.7494,1457.003,,1146.4851,1630.1267
2018-05-11,607.9805,785.8384,732.6582,1379.7241,1266.0048,1020.1789,1476.9996,,1152.8271,1635.1892
2018-05-14,608.0872,784.1277,735.8507,1391.9792,1266.0048,1031.8078,1477.7838,,1178.5472,1668.3256
2018-05-15,617.5397,787.1214,728.4017,1394.0217,1276.0484,1026.5219,1488.3702,,1188.7648,1683.9734
2018-05-16,620.4473,786.266,731.5941,1394.0217,1277.0528,1020.1789,1493.8594,,1214.1327,1745.6439
2018-05-17,619.7609,786.6937,714.5679,1395.043,1252.948,1021.236,1508.3667,,1181.0136,1729.5359
2018-05-18,613.4938,776.4297,716.1641,1381.7666,1235.3716,1010.6642,1489.9385,,1192.2882,1740.1212
2018-05-21,603.3174,767.4487,725.2093,1409.3407,1237.3803,983.1776,1472.2945,,1187.3555,1730.9166
2018-05-22,594.2063,764.0273,718.8245,1411.3832,1226.3323,964.1483,1475.0391,,1175.0239,1750.7064
2018-05-23,582.8278,755.0463,710.8434,1406.2769,1180.6336,965.2055,1454.2584,,1166.2157,1710.6666
2018-05-24,590.4968,766.1657,709.7793,1415.4682,1195.1969,971.5486,1479.3521,,1134.5059,1689.4961
2018-05-25,583.8415,762.3167,708.7152,1418.532,1180.6336,960.9768,1475.8233,,1141.5525,1685.3541
2018-05-28,586.8262,765.3103,708.1831,1454.2762,1201.7253,958.8624,1484.4493,,1143.6665,1703.303
2018-05-29,605.228,777.285,711.3755,1456.3187,1223.8213,982.1204,1509.9351,,1165.511,1735.0587
2018-05-30,601.6951,779.2095,713.5038,1453.2549,1209.258,963.0911,1516.2085,,1147.1898,1735.9791
2018-05-31,613.2573,790.3289,714.0358,1464.4888,1243.9087,977.8917,1529.5395,,1154.9411,1731.8371
2018-06-01,614.0778,798.4545,731.062,1481.8502,1258.472,972.6058,1529.5395,,1165.8633,1753.4678
2018-06-04,607.6984,795.247,730.53,1475.7226,1243.9087,966.2627,1516.2085,,1169.739,1753.0076
2018-06-05,607.203,798.8822,740.1072,1478.7864,1249.4327,987.4063,1532.6762,,1149.6561,1735.9791
2018-06-06,609.202,807.4356,734.7865,1474.7014,1250.9392,994.8065,1536.205,,1160.226,1745.1837
2018-06-07,617.8608,814.0644,744.8958,1490.0203,1264.4982,991.635,1546.0073,,1159.169,1742.8825
2018-06-08,615.7397,813.8506,758.1975,1483.8927,1260.9829,987.4063,1543.2626,,1165.511,1781.5417
2018-06-11,618.2069,813.2091,756.6013,1477.7652,1249.4327,993.7494,1543.2626,,1169.3866,1807.3144
2018-06-12,629.8634,824.5422,756.0693,1490.0203,1283.079,1001.1496,1558.9462,,1172.91,1811.4565
2018-06-13,629.3431,825.1837,743.2996,1469.5951,1261.4851,996.9209,1553.849,,1152.4748,1806.8542
2018-06-14,643.5295,833.3094,736.3827,1472.6589,1258.9742,1001.1496,1560.1225,,1153.8841,1828.0247
2018-06-15,645.8879,834.3786,724.6772,1508.403,1269.52,1002.2068,1555.8095,,1141.5525,1832.627
2018-06-19,609.7452,805.9387,716.1641,1491.0416,1204.7384,952.5193,1508.3667,,1117.2417,1815.5985
2018-06-20,623.2692,816.2027,732.1262,1495.1266,1214.2798,957.8052,1532.6762,,1131.3349,1847.3542
2018-06-21,625.782,806.7941,728.9338,1492.0628,1189.1707,957.8052,1518.1689,,1128.8686,1859.3202
2018-06-22,626.8443,804.0142,727.3376,1483.8927,1189.1707,967.3199,1517.3848,,1154.2364,1856.5588
2018-06-25,616.3953,796.1024,720.4207,1475.7226,1199.2143,981.0632,1509.1509,,1176.4333,1869.9054
2018-06-26,608.4335,785.8384,720.9527,1454.2762,1181.1357,977.8917,1491.899,,1208.4954,1849.6554
2018-06-27,608.4165,785.1969,721.4848,1459.3825,1175.6117,974.7201,1502.0933,,1206.3814,1856.5588
2018-06-28,620.1079,800.5929,724.1451,1469.5951,1188.6685,988.4635,1519.3452,,1212.0187,1869.4452
2018-06-29,631.6682,814.0644,733.1903,1487.9778,1205.7427,1002.2068,1539.3418,,1223.6456,1882.3316
2018-07-02,619.3164,802.0897,730.53,1483.8927,1171.5942,978.9488,1513.856,,1203.9151,1858.8599
2018-07-03,618.7866,802.5174,734.2545,1487.9778,1170.0877,978.9488,1516.9927,,1205.6767,1825.7235
2018-07-04,627.5801,808.9324,735.3186,1494.1054,1159.5418,976.8345,1525.2265,,1181.0136,1799.4906
2018-07-05,620.5227,810.0016,724.6772,1490.0203,1155.5244,965.2055,1510.3272,,1183.4799,1799.9508
2018-07-06,624.8619,808.2909,720.4207,1493.0841,1156.5287,970.4914,1509.9351,,1186.6509,1799.0303
2018-07-09,626.2289,818.9826,728.4017,1491.0416,1162.5549,975.7773,1528.3633,,1177.1379,1806.394
2018-07-10,632.4103,825.8252,727.8696,1501.2542,1147.4894,970.4914,1544.0468,,1156.7027,1787.0644
2018-07-11,634.6815,829.4604,737.4469,1498.1904,1151.0047,980.006,1549.5361,,1154.5887,1779.2405
2018-07-12,650.535,850.2023,739.0431,1518.6156,1158.5375,985.2919,1577.3744,,1160.5784,1839.9906
2018-07-13,644.1574,846.5671,738.511,1517.5944,1134.9348,978.9488,1578.1586,,1151.0654,1828.4849
2018-07-16,643.2237,846.3533,729.9979,1517.5944,1143.472,985.2919,1590.3133,,1164.454,1816.0588
2018-07-17,643.5924,842.7181,728.9338,1510.4455,1153.0135,983.1776,1586.3924,,1157.4074,1786.6042
2018-07-18,639.1639,842.5043,730.53,1506.3605,1144.9785,984.2347,1582.0795,,1160.9307,1795.8087
2018-07-19,650.1575,847.4224,731.062,1504.318,1165.568,988.4635,1575.806,,1170.4436,1789.3656
2018-07-20,657.107,852.1268,740.6393,1510.4455,1171.5942,999.0353,1592.2738,,1190.8788,1815.5985
2018-07-23,665.8986,857.6864,741.1713,1503.2967,1173.1008,1004.3212,1599.7235,,1202.1534,1818.3599
2018-07-24,664.5453,851.6991,734.7865,1519.6369,1183.6467,1003.264,1588.3529,,1202.8581,1857.019
2018-07-25,676.3744,858.9694,735.8507,1515.5518,1202.2274,1007.4927,1607.9573,,1211.314,1856.5588
2018-07-26,674.4173,858.9694,736.3827,1506.3605,1201.2231,1005.3783,1605.2127,,1215.1897,1868.5247
2018-07-27,688.4609,882.2773,744.3638,1512.4881,1200.7209,1039.2081,1646.3821,,1218.713,1849.1952
2018-07-30,700.4954,883.1326,748.0882,1522.7007,1201.7253,1032.865,1635.7957,,1223.6456,1871.7463
2018-07-31,700.6457,891.8998,749.6844,1510.4455,1203.2318,1031.8078,1651.0871,,1226.1119,1897.0588
2018-08-01,705.5716,885.0571,749.1524,1517.5944,1191.6816,1004.3212,1638.5403,,1255.7077,1880.0304
2018-08-02,716.7735,884.4156,750.008,1508.9313,1194.7951,1006.2228,1634.6194,,1266.8814,1895.7096
2018-08-03,732.0501,895.3211,762.9231,1493.593,1215.2854,1023.3123,1655.008,,1289.971,1923.95
2018-08-06,739.9687,903.233,765.1909,1499.9253,1252.3126,1064.4181,1661.6735,,1281.1676,1992.0558
2018-08-07,740.6998,906.0128,773.7597,1506.4883,1245.048,1079.132,1665.9865,,1261.2853,1980.4535
2018-08-08,734.0551,905.799,792.5533,1507.55,1264.4088,1066.5596,1650.303,,1286.511,2023.3915
2018-08-09,740.553,903.8745,791.4794,1520.2898,1266.3945,1077.0366,1654.6159,,1290.2207,2008.918
2018-08-10,738.9541,898.101,790.4054,1518.1665,1228.1694,1061.3211,1635.4036,,1293.5594,2043.1719
2018-08-13,750.9666,929.1069,789.3315,1530.9064,1250.0123,1083.3229,1675.3967,,1286.511,2059.0927
2018-08-14,751.6104,925.2578,789.8685,1554.2628,1239.0908,1061.3211,1657.3606,,1309.8819,2067.2943
2018-08-15,757.5804,929.1069,793.6272,1550.0161,1262.4231,1052.9395,1661.6735,,1336.9625,2080.3205
2018-08-16,774.9727,925.6855,796.312,1500.1184,1255.473,1034.0809,1641.677,,1327.3173,2105.4078
2018-08-17,804.6506,956.4775,782.351,1516.0432,1282.2803,1057.1303,1670.6916,,1307.2852,2171.9858
2018-08-20,794.9228,969.3076,783.9619,1521.3515,1318.5197,1061.3211,1725.192,,1277.6079,2160.8895
2018-08-21,777.8282,958.1523,771.0749,1517.1048,1280.2946,1035.1286,1712.6451,,1240.8822,2080.8029
2018-08-22,785.6763,957.246,776.9814,1536.2146,1323.484,1016.27,1708.3022,,1242.3661,2110.7148
2018-08-23,769.298,946.2421,760.3357,1538.3379,1286.2517,1020.4608,1700.02,,1240.1403,2095.2764
2018-08-24,775.9125,957.7567,754.4291,1556.3861,1280.791,1027.7947,1730.8863,,1246.8177,2079.838
2018-08-27,764.2146,929.0284,756.04,1555.3244,1252.9909,1003.6976,1689.9698,,1238.6564,2055.7156
2018-08-28,781.6425,935.2161,751.7443,1550.0161,1263.4159,1009.9838,1717.3507,,1247.5596,2077.4258
2018-08-29,782.9836,919.305,751.7443,1545.7695,1235.6158,1005.793,1684.7352,,1229.0113,2072.6013
2018-08-30,754.4488,910.0236,752.2813,1539.3996,1244.5516,1015.2223,1669.434,,1212.3178,2052.3384
2018-08-31,746.2286,902.952,736.7094,1524.5364,1239.0908,1016.27,1636.4158,,1220.1081,2021.4617
2018-09-03,737.5608,903.173,731.8768,1508.6116,1214.7657,1015.2223,1654.1329,,1213.0597,2026.2862
2018-09-04,737.7438,909.3606,730.2659,1500.1184,1218.2408,1023.6039,1665.4074,,1208.9791,2004.0935
2018-09-05,743.6299,904.4989,732.4137,1462.9604,1232.1408,1020.4608,1648.4957,,1213.8017,2016.1547
2018-09-06,738.3334,916.6532,736.7094,1453.4056,1274.3374,1052.9395,1667.0181,,1215.6565,1995.8919
2018-09-07,739.7609,925.0507,732.9507,1432.1725,1263.9124,1043.5102,1656.5489,,1222.7048,2005.5408
2018-09-10,747.9525,946.7074,735.0985,1440.6657,1310.5768,1042.4625,1676.682,,1232.35,2033.5229
2018-09-11,725.3532,899.6372,723.2854,1433.2341,1278.3089,1031.9855,1598.163,,1226.4145,1996.3743
2018-09-12,712.1515,894.9965,724.3593,1439.604,1258.9481,1030.9378,1602.5923,,1208.2372,1984.7955
2018-09-13,715.3101,899.6372,724.8963,1438.5424,1277.8124,1055.0349,1615.8801,,1230.8661,1996.8568
2018-09-14,712.3217,903.836,728.655,1431.1108,1289.2303,1050.8441,1607.4242,,1258.6886,2012.7776
2018-09-17,720.1498,906.0458,717.3789,1434.2958,1282.7767,1047.701,1598.163,,1258.3176,1989.62
2018-09-18,722.2651,920.6309,718.9897,1438.5424,1288.7339,1061.3211,1619.1014,,1254.9789,2041.2421
2018-09-19,723.6091,915.7692,716.8419,1445.974,1296.6768,1057.1303,1603.3976,,1243.8499,2038.8298
2018-09-20,719.5602,911.3495,723.8224,1443.8507,1267.3874,1051.8918,1601.7869,,1242.737,2035.4527
2018-09-21,739.5342,916.8742,727.0441,1453.4056,1277.316,1049.7964,1615.8801,,1246.0757,2066.8119
2018-09-25,717.5036,897.2064,724.3593,1451.2822,1268.3802,1041.4148,1591.3177,,1229.3822,2063.4347
2018-09-26,717.2237,898.0903,712.5462,1458.7138,1277.316,1047.701,1582.0565,,1224.5597,2056.6805
2018-09-27,705.6043,885.715,714.1571,1438.5424,1259.4445,1042.4625,1564.7421,,1231.2371,2038.3474
2018-09-28,710.3977,871.5719,721.6745,1431.1108,1263.4159,1038.2717,1557.8968,,1244.2209,2012.2951
2018-10-08,723.8508,877.5385,723.8224,1422.6176,1320.5055,1043.5102,1566.7554,,1227.8984,1991.5498
2018-10-09,743.7112,892.5656,730.2659,1431.1108,1323.484,1066.5596,1589.3044,,1249.4144,2003.6111
2018-10-10,755.7078,896.1014,738.8573,1431.1108,1353.7663,1079.132,1586.0831,,1251.6402,2024.3564
2018-10-11,753.647,896.3224,721.1376,1413.0627,1356.7449,1071.7981,1574.0033,,1246.0757,2009.4004
2018-10-12,768.3068,907.3717,722.2115,1420.4942,1365.6806,1079.132,1582.8619,,1262.3982,2059.5751
2018-10-15,756.5243,917.0952,715.768,1403.5078,1340.8591,1066.5596,1597.7603,,1257.2047,2061.9874
2018-10-16,747.1324,909.8026,699.1222,1399.2612,1357.7378,1063.4165,1589.3044,,1256.4628,2088.0396
2018-10-17,765.3802,927.4815,698.0483,1406.6927,1389.5093,1096.943,1600.579,,1265.366,2085.1449
2018-10-18,740.5688,907.8137,694.2896,1386.5213,1374.6164,1084.3706,1551.8569,,1253.866,2089.9694
2018-10-19,728.5622,896.1014,681.4025,1395.0145,1346.3199,1079.132,1554.2729,,1270.5595,2101.5482
2018-10-22,733.316,917.9791,691.6048,1408.816,1351.7806,1099.0384,1570.782,,1271.3014,2120.3637
2018-10-23,733.0581,915.3273,693.7526,1404.5694,1378.5878,1088.5614,1559.5075,,1261.2853,2090.9343
2018-10-24,740.0374,925.9346,692.6787,1412.001,1385.0414,1124.1832,1579.6406,,1256.4628,2109.2674
2018-10-25,749.2361,926.3766,688.383,1403.5078,1404.8987,1116.8493,1589.7071,,1266.1079,2122.776
2018-10-26,741.6103,934.3321,692.6787,1413.0627,1398.9415,1128.374,1581.2512,,1275.3821,2131.9425
2018-10-29,729.8883,917.0952,695.3635,1403.5078,1378.0914,1127.3263,1544.2064,,1272.0434,2117.9515
2018-10-30,735.7703,921.9569,686.2352,1410.9394,1384.0486,1129.4217,1547.8303,,1250.5273,2116.0217
2018-10-31,730.0731,912.0125,689.4569,1408.816,1383.0557,1117.897,1530.9185,,1246.8177,2110.2323
2018-11-01,717.4378,896.5434,681.4025,1404.5694,1375.1128,1088.5614,1476.5592,,1237.5435,2091.8992
2018-11-02,720.4318,898.0903,679.2547,1419.4326,1350.7877,1065.5119,1507.5642,,1236.8016,2079.838
2018-11-05,732.0569,899.8582,676.0329,1414.1243,1374.12,1080.1797,1519.2414,,1239.7693,2074.5311
2018-11-06,722.9919,875.5496,670.6633,1398.1995,1360.2199,1068.655,1497.4976,,1244.9628,2092.8641
2018-11-07,715.8278,868.4781,671.7372,1401.3845,1351.2842,1070.7504,1495.0817,,1243.108,2078.8731
2018-11-08,720.2463,880.8533,671.7372,1378.0281,1348.3056,1089.6091,1497.9003,,1224.9306,2074.0486
2018-11-09,701.0516,869.141,673.3481,1363.1649,1333.9091,1100.0861,1463.6741,,1221.5919,2070.189
2018-11-12,697.7601,850.3572,677.1068,1336.6235,1350.7877,1089.6091,1451.5942,,1167.8018,2015.1898
2018-11-13,691.2705,854.7769,679.2547,1337.6852,1323.484,1070.7504,1454.0102,,1169.2857,2020.4968
2018-11-14,705.5085,870.025,682.4764,1341.9318,1350.2913,1072.8458,1456.4262,,1186.3502,2043.1719
2018-11-15,708.8886,859.4176,691.0678,1344.0551,1372.1342,1075.9889,1458.4395,,1192.6566,2047.9964
2018-11-16,716.6841,858.3127,696.4374,1358.9183,1375.1128,1091.7045,1459.2448,,1208.2372,2113.6094
2018-11-19,705.1706,848.1473,688.383,1375.9047,1372.6307,1105.3246,1455.6209,,1210.8339,2108.785
2018-11-20,690.105,826.9326,684.6243,1373.7814,1361.7092,1082.2752,1437.9038,,1199.7049,2096.2413
2018-11-21,699.7327,822.9548,687.846,1379.0897,1368.6592,1103.2292,1456.0235,,1198.963,2083.6976
2018-11-22,689.1981,824.0597,680.8656,1390.7679,1354.2627,1086.466,1445.957,,1199.7049,2048.4788
2018-11-23,673.4666,800.6351,679.7916,1387.5829,1330.9305,1041.4148,1400.0536,,1187.834,2037.3825
2018-11-26,651.0902,785.166,692.6787,1365.2882,1287.741,1000.5545,1365.8274,,1131.4471,1915.3229
2018-11-27,644.7203,790.9117,685.6982,1383.3363,1297.1732,975.4096,1364.6194,,1140.7213,1891.2004
2018-11-28,651.949,805.2758,692.1417,1387.5829,1320.5055,987.9821,1389.1817,,1147.7697,1906.1563
2018-11-29,649.0679,796.6574,694.8265,1389.7063,1328.4484,997.4114,1387.1684,,1161.1244,1934.6208
2018-11-30,644.1573,791.018,697.5113,1368.4732,1320.009,1009.9838,1388.2437,,1152.9632,1935.5857
2018-12-03,670.7113,812.7905,706.6396,1386.5213,1373.6235,1038.2717,1418.1233,,1170.3986,1993.4796
2018-12-04,680.5727,824.9487,712.2891,1387.0084,1385.1066,1054.8806,1439.0109,,1182.8546,2020.8044
2018-12-05,692.036,843.8033,713.9224,1394.0782,1402.5689,1064.8306,1480.4523,,1188.2646,2053.5203
2018-12-06,675.8115,822.361,707.4041,1390.804,1393.355,1053.4576,1452.3619,,1175.2216,2035.6983
2018-12-07,701.0122,827.7216,709.7936,1411.9461,1426.8205,1067.9793,1468.1627,,1176.5609,2062.3966
2018-12-10,670.277,807.0103,695.9087,1411.9461,1399.8662,1064.6068,1440.0723,,1153.1829,2012.985
2018-12-11,659.5387,810.6652,689.7994,1407.4991,1398.1083,1066.8551,1452.3619,,1154.3327,2016.2075
2018-12-12,658.2812,808.2286,694.7979,1414.1697,1410.9995,1065.7309,1455.4342,,1143.2186,1995.7984
2018-12-13,673.0453,833.0822,701.4627,1426.3991,1459.0485,1075.8486,1523.0268,,1150.5002,2008.6884
2018-12-14,669.8133,839.4174,700.3519,1441.9639,1471.9397,1083.718,1511.6151,,1146.2845,2001.1692
2018-12-17,671.7646,836.9808,705.9058,1453.0816,1455.5327,1098.3324,1509.4205,,1153.9494,2005.4659
2018-12-18,660.6084,836.9808,715.9029,1443.0757,1425.0626,1092.7115,1506.787,,1158.5484,2000.0951
2018-12-19,653.4115,834.5441,723.6784,1439.7403,1401.0381,1094.9599,1513.3707,,1153.9494,1986.668
2018-12-20,654.3398,848.1892,718.1245,1446.411,1395.7644,1116.3194,1518.1987,,1150.5002,1982.3713
2018-12-21,652.6597,854.7681,718.1245,1444.1874,1404.5539,1117.4436,1521.71,,1135.5537,1954.9801
2018-12-24,644.4603,840.8794,719.7907,1425.2874,1405.1399,1103.9534,1503.2757,,1127.1223,1945.3127
2018-12-25,633.4902,827.9652,712.0151,1424.1756,1368.8101,1092.7115,1481.3301,,1116.3915,1945.3127
2018-12-26,623.153,830.6455,719.2353,1426.3991,1372.9119,1107.3259,1478.2577,,1107.9601,1954.9801
2018-12-27,622.7027,827.4779,719.2353,1427.5109,1373.4978,1105.0776,1463.7736,,1099.1454,1950.6835
2018-12-28,609.77,829.4272,717.0137,1438.6286,1382.2873,1111.8227,1468.1627,,1098.379,1965.1847
2019-01-02,605.2288,824.0666,704.795,1427.5109,1342.4418,1100.5808,1445.7782,,1093.0135,1932.9598
2019-01-03,622.3588,841.854,702.018,1448.6345,1377.5996,1117.4436,1470.3573,,1099.1454,1963.5735
2019-01-04,618.8896,849.4075,711.4597,1463.0875,1389.3189,1148.9209,1476.0631,,1105.2774,1982.3713
2019-01-07,628.4443,857.6921,715.3475,1463.0875,1400.4522,1156.7902,1497.1309,,1110.6428,1985.5938
2019-01-08,620.1711,854.0371,712.5705,1456.4169,1387.561,1155.666,1493.6196,,1108.3433,1974.3151
2019-01-09,623.3903,854.5245,709.7936,1455.3051,1391.6627,1145.5483,1501.5201,,1116.7747,1968.9443
2019-01-10,624.0878,856.2301,705.9058,1453.0816,1396.9364,1138.8032,1501.5201,,1111.026,1951.2206
2019-01-11,636.8765,862.3217,708.6828,1470.8699,1444.9854,1144.4242,1508.9816,,1133.6375,1970.5555
2019-01-14,641.5556,871.0935,706.4612,1464.1993,1459.0485,1153.4177,1518.1987,,1129.805,1977.5376
2019-01-15,638.4344,857.4484,705.3504,1454.1933,1450.259,1151.1693,1499.3255,,1137.0867,1982.9084
2019-01-16,642.5828,861.1033,714.7921,1464.1993,1443.2275,1150.0451,1507.6648,,1130.9547,1980.7601
2019-01-17,638.8731,865.2456,718.6799,1451.9698,1443.2275,1154.5419,1517.7598,,1136.3202,1983.4455
2019-01-18,650.7365,885.2259,722.5676,1457.5286,1450.845,1187.1433,1544.0946,,1152.7997,2016.7446
2019-01-21,642.2037,888.1499,722.0122,1493.1052,1422.7188,1198.3852,1542.7779,,1149.3505,2009.2255
2019-01-22,644.0463,885.2259,727.0108,1481.9876,1424.4766,1182.6466,1556.3841,,1149.7337,1961.4251
2019-01-23,644.4644,887.9062,727.0108,1484.2111,1443.8134,1184.895,1562.09,,1151.65,1965.1847
2019-01-24,647.6696,896.6781,722.5676,1487.5464,1425.0626,1204.0062,1575.6963,,1155.0992,1958.7397
2019-01-25,647.8012,903.9879,722.5676,1490.8817,1421.5468,1200.6336,1583.5967,,1155.0992,1948.5351
2019-01-28,650.8783,896.9217,718.1245,1489.7699,1432.0942,1237.7318,1574.8185,,1160.4646,1971.6297
2019-01-29,640.9945,895.4598,716.4583,1489.7699,1416.8591,1260.2156,1575.2574,,1134.404,1944.7756
2019-01-30,647.8725,895.9471,725.9,1507.5582,1410.9995,1319.7976,1572.185,,1153.1829,1973.778
2019-01-31,655.1873,903.257,726.4554,1518.6759,1487.1747,1323.1702,1584.4745,,1153.1829,2000.0951
2019-02-01,670.787,914.7091,726.4554,1534.2407,1510.0273,1397.3666,1601.1532,,1157.0154,1994.7242
2019-02-11,674.3,932.0091,723.6784,1536.4642,1485.4168,1465.9421,1627.9269,,1180.0101,2035.0054
2019-02-12,667.6225,922.2626,721.4568,1517.5641,1513.5431,1425.4713,1612.565,,1165.83,2044.6729
2019-02-13,655.3502,902.0386,712.0151,1504.2229,1498.894,1402.9876,1583.5967,,1150.8835,2021.5784
2019-02-14,653.7495,897.6527,717.5691,1491.9935,1491.2765,1413.1053,1582.7189,,1150.5002,2025.875
2019-02-15,640.8971,876.9414,712.5705,1477.5405,1491.2765,1402.9876,1551.5561,,1143.6018,2011.3738
2019-02-18,650.9325,891.5612,710.9044,1475.3169,1474.8695,1411.9811,1590.6193,,1136.7034,1989.8905
2019-02-19,652.6295,890.5865,715.3475,1509.7818,1471.9397,1418.7262,1596.7641,,1142.8353,1994.1872
2019-02-20,655.7861,887.1752,715.3475,1506.4465,1483.073,1392.8699,1605.1034,,1158.9316,2038.765
2019-02-21,655.9656,895.9471,715.3475,1509.7818,1505.9255,1382.7522,1611.2482,,1149.7337,2056.4887
2019-02-22,665.6374,909.1049,717.0137,1506.4465,1517.6448,1390.6215,1626.6102,,1155.4824,2047.3583
2019-02-25,658.8953,897.1654,717.5691,1508.67,1512.9571,1345.6539,1614.3206,,1154.7159,2045.21
2019-02-26,656.8902,910.3232,720.9014,1510.8935,1517.6448,1334.4121,1643.2888,,1162.764,2053.2662
2019-02-27,653.6369,905.2063,715.3475,1514.2288,1518.2308,1333.2879,1638.8997,,1159.6981,2050.5808
2019-02-28,655.5807,913.7344,713.6813,1473.0934,1518.8167,1370.3861,1658.2119,,1155.8656,2031.2458
2019-03-01,669.3003,929.5725,722.0122,1481.9876,1539.3254,1406.3601,1678.8408,,1166.9797,2052.1921
2019-03-04,661.7748,928.5979,722.5676,1463.0875,1502.4098,1395.1183,1663.9177,,1172.7284,2072.6012
2019-03-05,657.4559,924.2119,723.6784,1454.1933,1498.308,1400.7392,1657.773,,1177.7106,2066.1562
2019-03-06,649.294,910.5668,731.4539,1450.858,1484.2449,1372.6345,1627.488,,1193.0404,2074.7495
2019-03-07,654.6479,931.0345,731.4539,1451.9698,1491.2765,1401.8634,1646.8001,,1190.3577,2096.7699
2019-03-08,650.1136,919.095,729.7877,1450.858,1449.6731,1378.2554,1629.2436,,1185.7587,2095.1587
2019-03-11,634.7342,907.1556,722.0122,1433.0697,1436.7819,1344.5298,1620.4654,,1186.9085,2112.3453
2019-03-12,645.0952,929.5725,723.123,1436.405,1439.1257,1377.1312,1657.334,,1185.7587,2127.9207
2019-03-13,641.7844,923.481,723.6784,1424.1756,1443.8134,1356.8958,1637.583,,1194.5733,2121.4757
2019-03-14,644.6947,924.6993,719.7907,1431.958,1446.1573,1408.6085,1629.6825,,1200.322,2121.4757
2019-03-15,642.9049,916.9021,711.4597,1436.405,1449.6731,1409.7327,1612.126,,1184.609,2091.9362
2019-03-18,638.1795,921.288,692.5763,1424.1756,1442.6415,1422.0988,1622.6599,,1155.4824,2077.4349
2019-03-19,640.3305,922.9936,696.4641,1407.4991,1438.5398,1429.9681,1623.5378,,1151.65,2085.4912
2019-03-20,634.2825,920.3133,696.4641,1423.0638,1435.6099,1359.1442,1618.7097,,1153.1829,2093.5474
2019-03-21,635.9268,919.095,700.3519,1428.6227,1445.5713,1376.007,1620.4654,,1151.65,2093.5474
2019-03-22,646.5066,918.1204,712.0151,1435.2933,1463.1502,1383.8764,1629.2436,,1140.1526,2100.5295
2019-03-25,634.2464,899.602,714.2367,1429.7344,1444.9854,1373.7587,1605.9813,,1137.8532,2063.4708
2019-03-26,631.6286,902.7696,714.7921,1423.0638,1441.4696,1369.2619,1607.298,,1123.6731,2050.5808
2019-03-27,632.8437,904.2316,721.7901,1437.5168,1440.8836,1379.3796,1613.0039,,1116.7747,2043.0617
2019-03-28,628.6406,899.1147,722.0135,1436.405,1439.7117,1364.7652,1613.0039,,1109.1098,2048.9696
2019-03-29,638.0655,915.6837,725.6776,1441.9639,1442.0555,1419.8504,1641.9721,,1109.4931,2050.0437
2019-04-01,643.3631,927.3796,725.5663,1438.6286,1463.1502,1461.4454,1658.2119,,1116.7747,2059.1741
2019-04-02,644.6009,936.9587,723.9034,1435.7397,1450.2118,1487.807,1657.3722,,1112.1908,2045.4431
2019-04-03,656.233,945.8067,742.7493,1430.6297,1460.2205,1543.5548,1680.3227,,1110.1446,2050.69
2019-04-04,650.0599,947.987,744.9665,1442.8292,1462.6185,1537.1942,1689.6976,,1109.8379,2035.4827
2019-04-08,670.8227,983.5087,761.5952,1451.4475,1486.6635,1600.1255,1736.5838,,1117.0298,2083.586
2019-04-09,664.796,990.6279,757.1609,1450.3446,1460.4283,1586.6585,1742.7385,,1127.8494,2085.2262
2019-04-10,662.2842,995.1104,757.7152,1464.6826,1445.1244,1594.0042,1746.9995,,1126.7302,2051.8757
2019-04-11,663.4464,1004.0753,763.8124,1474.6089,1434.7396,1602.5741,1753.1543,,1117.776,2037.114
2019-04-12,668.6664,1000.3839,754.9437,1469.0943,1440.2053,1600.1255,1748.4198,,1115.9106,2034.9271
2019-04-15,667.0563,1009.6125,753.2808,1466.8884,1449.4969,1598.9013,1776.3529,,1120.7607,2031.1
2019-04-16,663.0831,996.6924,754.9437,1479.0206,1442.3915,1548.706,1749.3667,,1095.3906,2006.4972
2019-04-17,657.218,1000.6476,754.9437,1472.4031,1447.8572,1520.5477,1760.7293,,1104.7179,2009.7775
2019-04-18,650.6948,978.2352,748.8465,1455.8592,1440.7518,1518.0992,1726.1681,,1100.2408,2008.6841
2019-04-19,653.0482,985.6181,752.1723,1480.1235,1460.9748,1521.772,1745.1058,,1097.2561,1991.7355
2019-04-22,655.1755,994.8467,756.6066,1490.0498,1454.416,1535.239,1755.5215,,1092.0328,1978.0672
2019-04-23,651.4137,990.6279,755.498,1498.8732,1462.068,1540.1361,1747.9464,,1102.8524,1986.2682
2019-04-24,650.6294,983.5087,771.5724,1495.5645,1475.7321,1515.6507,1741.7917,,1100.6139,1963.3055
2019-04-25,647.1693,978.7625,768.801,1495.5645,1470.2665,1508.305,1727.115,,1108.0757,1963.8523
2019-04-26,647.5109,985.8817,768.801,1499.9762,1472.4527,1514.4264,1741.7917,,1116.6567,1967.6794
2019-04-29,651.1713,995.9014,767.1381,1491.1528,1480.6512,1552.3789,1758.3621,,1122.2531,1986.2682
2019-04-30,654.1729,1009.3488,780.9954,1493.3586,1477.9184,1564.6216,1793.8702,,1129.7149,1992.8289
2019-05-06,652.4128,990.3642,788.2011,1477.9177,1489.3963,1562.173,1758.3621,,1122.2531,1934.8756
2019-05-07,669.8246,993.2646,787.0926,1471.3001,1500.8742,1596.4527,1766.8841,,1112.9259,1931.0485
2019-05-08,671.4823,983.7723,782.1039,1475.7118,1495.4086,1574.4158,1745.5792,,1118.1491,1947.4504
2019-05-09,674.7339,985.3544,769.3553,1493.3586,1483.3841,1578.0886,1737.0572,,1127.8494,1957.2915
2019-05-10,674.1657,987.7275,773.2353,1499.9762,1488.8498,1605.0226,1743.212,,1121.1338,1957.2915
2019-05-13,661.5015,973.2253,761.5952,1513.2112,1476.2787,1600.1255,1709.5976,,1114.7913,1976.9738
2019-05-14,647.4458,965.8424,758.8237,1502.182,1461.5214,1578.0886,1702.0226,,1101.3601,1968.2261
2019-05-15,656.5124,976.6531,767.1381,1536.3726,1497.5948,1616.0411,1721.9071,,1104.3448,1976.9738
2019-05-16,664.0253,986.6728,772.1267,1538.5785,1496.5017,1666.2363,1729.0087,,1106.5833,1969.3196
2019-05-17,677.679,994.3193,762.1495,1550.7106,1519.4575,1731.1228,1743.212,,1107.3295,1975.8803
2019-05-20,675.1747,996.6924,760.4866,1544.0931,1516.1781,1742.1413,1726.1681,,1091.2867,1946.3569
2019-05-21,704.5013,1033.3433,769.9096,1551.8136,1534.2149,1755.6083,1782.5076,,1086.8096,1953.4644
2019-05-22,708.2721,1030.9702,766.0295,1567.2545,1516.7247,1782.5423,1778.7201,,1088.3019,2005.9504
2019-05-23,699.737,1023.3236,757.1609,1539.6814,1521.6438,1783.7666,1763.57,,1087.5558,1994.4691
2019-05-24,713.7558,1025.433,758.8237,1541.8873,1550.0653,1792.3365,1764.0434,,1089.0481,2008.6841
2019-05-27,711.0198,1013.0403,751.618,1547.4019,1517.2713,1863.3443,1735.6369,,1077.8554,1997.7495
2019-05-28,703.4816,1013.8313,756.6066,1530.858,1511.8056,1852.3259,1737.0572,,1087.5558,2021.2589
2019-05-29,696.3149,1008.5578,758.8237,1526.4463,1521.0972,1831.5132,1737.5307,,1094.6445,2020.7121
2019-05-30,693.4246,995.9014,759.378,1525.3434,1526.5629,1804.5792,1723.3274,,1095.3906,2021.8056
2019-05-31,678.0684,988.7822,752.7265,1518.7259,1515.085,1780.0937,1716.2258,,1091.6598,2027.2729
2019-06-03,665.0605,977.4441,749.4008,1518.7259,1496.5017,1736.0199,1693.5006,,1074.8707,1989.5485
2019-06-04,669.8636,987.4638,737.7607,1509.9025,1509.0728,1764.1782,1708.6508,,1087.1827,1995.0158
2019-06-05,667.4813,987.9911,731.1092,1515.4171,1506.3399,1761.7296,1707.7039,,1092.0328,1987.9084
2019-06-06,674.3154,985.3544,736.6521,1539.6814,1517.8178,1744.5898,1702.9695,,1094.2714,2003.2168
2019-06-10,669.9169,980.0809,732.7721,1548.5048,1546.7859,1786.2151,1693.0272,,1099.4946,1999.9364
2019-06-11,695.4659,1010.6672,740.5322,1613.5773,1570.8349,1862.1201,1730.4291,,1118.1491,2038.7542
2019-06-12,681.7256,995.6377,736.6521,1597.0334,1529.2958,1870.69,1713.8586,,1108.0757,2033.8336
2019-06-13,691.2952,999.8565,741.6407,1613.5773,1535.8546,1913.5396,1721.9071,,1122.6262,2042.5813
2019-06-14,686.1596,990.1005,738.315,1613.5773,1515.085,1918.4367,1717.6461,,1130.4611,2030.5533
2019-06-17,676.601,976.6531,738.315,1608.0627,1512.3522,1881.7084,1697.2882,,1133.8189,2056.7963
2019-06-18,679.7336,984.036,737.7607,1616.8861,1518.3644,1924.558,1704.8632,,1133.4458,2053.5159
2019-06-19,693.6663,994.0557,748.2922,1627.9153,1522.7369,1974.7532,1729.4822,,1136.8036,2064.9972
2019-06-20,701.8104,1008.5578,752.7265,1640.0475,1528.7492,2034.7426,1756.9418,,1145.0115,2058.9832
2019-06-21,703.2365,1017.5228,752.1723,1637.8416,1523.2835,2007.8086,1780.1404,,1137.5498,2087.9599
2019-06-24,703.1544,1029.3882,762.1495,1642.2533,1504.1537,1991.8931,1820.8564,,1132.3265,2070.4645
2019-06-25,702.5387,1053.1189,758.8237,1638.9445,1510.1659,1955.1649,1852.577,,1141.6537,2099.9879
2019-06-26,706.8786,1054.1736,763.2581,1663.2089,1506.8865,1968.6319,1853.9973,,1152.1002,2139.8992
2019-06-27,710.2065,1054.9647,755.498,1648.8708,1503.0605,2011.4814,1845.0019,,1153.2195,2128.4178
2019-06-28,716.2752,1071.8399,750.5094,1645.5621,1522.1904,2053.1067,1871.5147,,1159.9351,2125.1375
2019-07-01,737.2102,1082.9142,760.4866,1661.003,1534.7614,2137.5816,1885.7179,,1159.9351,2116.3898
2019-07-02,739.4848,1068.6758,768.2467,1663.2089,1530.3889,2203.6924,1854.9442,,1152.4733,2122.4038
2019-07-03,742.195,1062.6112,766.5838,1637.8416,1501.9674,2224.505,1851.1567,,1144.2654,2108.7356
2019-07-04,733.9256,1061.0292,769.9096,1641.1504,1504.1537,2125.3389,1842.6347,,1149.8617,2114.2029
2019-07-05,715.733,1050.4822,764.9209,1635.6358,1495.4086,2031.0698,1826.5377,,1146.5039,2116.9365
2019-07-08,723.8551,1052.5916,763.8124,1642.2533,1501.9674,2108.1991,1832.6925,,1145.3846,2070.4645
2019-07-09,733.5754,1065.7753,761.0409,1657.6942,1512.8987,2155.9457,1851.1567,,1115.9106,2057.343
2019-07-10,728.9474,1060.2382,759.9323,1636.7387,1500.8742,2157.17,1838.8472,,1117.4029,2046.9551
2019-07-11,724.7828,1059.1835,763.8124,1636.7387,1523.8301,2121.6661,1834.1128,,1120.7607,2051.329
2019-07-12,724.9864,1045.4723,754.3894,1637.8416,1526.5629,2137.5816,1816.5954,,1164.7853,2049.6888
2019-07-15,741.5139,1062.6112,761.0409,1647.7679,1528.2026,2191.4497,1845.4754,,1182.3205,2051.8757
2019-07-16,745.0164,1064.457,756.6066,1651.0767,1552.7982,2215.9351,1845.4754,,1179.7089,2066.6374
2019-07-17,749.6202,1068.4121,759.9323,1657.6942,1545.1462,2202.4681,1856.3645,,1183.0667,2036.5673
2019-07-18,737.1304,1046.2634,757.1609,1641.1504,1546.7859,2176.7584,1827.958,,1185.6783,2040.3944
2019-07-19,748.1601,1054.9647,754.9437,1653.2825,1550.0653,2242.8691,1848.316,,1199.8557,2074.8383
2019-07-22,725.6656,1040.9899,759.9323,1630.1211,1525.4698,2166.9642,1828.9049,,1168.8893,2035.4738
2019-07-23,724.4507,1039.1441,762.1495,1635.6358,1523.2835,2154.7214,1830.3252,,1158.8159,2034.9271
2019-07-24,713.5541,1028.0698,759.9323,1641.1504,1540.2271,2105.7505,1811.861,,1149.1155,2033.2869
2019-07-25,715.6581,1038.8805,754.9437,1647.7679,1540.2271,2133.9088,1830.3252,,1140.9076,2052.9692
2019-07-26,730.5511,1038.8805,754.9437,1652.1796,1532.5752,2184.104,1820.8564,,1142.0268,2033.8336
2019-07-29,718.303,1022.2689,752.7265,1629.0182,1522.7369,2166.9642,1797.6578,,1134.192,2042.0346
2019-07-30,723.5161,1024.642,754.9437,1625.7095,1527.6561,2218.3837,1791.9765,,1118.5222,2032.7402
2019-07-31,717.2605,1025.9604,749.4008,1625.7095,1529.8423,2197.571,1801.9187,,1112.9259,2044.7682
2019-08-01,706.0709,1014.095,754.3894,1627.9153,1521.0972,2169.4127,1790.0827,,1114.0451,2046.9551
2019-08-02,696.3734,1006.1847,744.9196,1615.1124,1525.2213,2116.8857,1773.5123,,1103.7593,2022.3017
2019-08-05,669.1418,989.5732,739.1825,1634.9567,1516.5025,1983.5799,1746.0526,,1101.1695,2008.726
2019-08-06,664.4669,977.4441,735.9234,1641.2611,1520.5779,1968.2524,1731.8494,,1099.106,1991.4389
2019-08-07,655.4499,978.4988,737.1541,1601.7976,1500.2315,1883.2383,1731.376,,1095.7227,1986.7003
2019-08-08,652.6699,968.2155,741.148,1601.7976,1503.6257,1883.2383,1724.7478,,1088.3565,1985.5822
2019-08-09,638.1711,946.8578,754.2707,1609.9404,1491.746,1821.9368,1703.4429,,1088.3565,1980.5512
2019-08-12,642.3174,969.5339,757.1235,1642.5114,1510.4141,1820.5112,1745.1058,,1083.5685,1983.3462
2019-08-13,633.193,969.5339,754.2707,1628.5524,1502.4943,1789.1476,1732.7963,,1078.4121,1978.8742
2019-08-14,637.5496,967.6881,759.4057,1647.1644,1485.5234,1800.5526,1749.3667,,1079.1488,1965.4581
2019-08-15,631.9404,979.5535,761.6879,1658.797,1502.4943,1762.0609,1762.1497,,1073.9924,1976.6382
2019-08-16,633.656,979.5535,755.9824,1658.797,1503.06,1786.2964,1765.9372,,1080.2537,1989.4953
2019-08-19,631.3926,987.9911,762.2584,1663.45,1514.374,1759.2097,1773.0388,,1072.8875,1984.4642
2019-08-20,625.4997,975.3347,761.1173,1665.7765,1513.8083,1736.3999,1755.9949,,1067.7312,2001.7934
2019-08-21,619.6053,971.907,761.1173,1656.4705,1499.6658,1680.8008,1761.2028,,1065.8896,1992.2903
2019-08-22,615.4946,979.5535,751.9885,1651.8174,1509.2827,1710.7388,1758.3621,,1067.7312,1990.0543
2019-08-23,618.5339,979.5535,742.8596,1634.3687,1503.06,1747.8048,1763.0965,,1066.2579,1997.8803
2019-08-26,608.1132,964.3776,740.0069,1614.5934,1471.9466,1692.2058,1732.7963,,1059.26,1948.129
2019-08-27,594.0658,940.0664,736.5836,1612.2669,1469.1181,1670.8215,1685.9256,,1059.26,1958.1911
2019-08-28,597.2708,950.0418,732.5897,1618.0831,1476.4722,1676.524,1698.7085,,1057.0502,1955.396
2019-08-29,585.9117,937.0932,724.0314,1604.1241,1460.067,1653.7141,1685.225,,1046.3692,1919.0608
2019-08-30,599.5664,961.1948,728.0253,1600.6344,1479.8664,1732.123,1717.3007,,1082.4636,1944.216
2019-09-02,610.3116,977.5494,734.8719,1621.5729,1488.3519,1796.2757,1737.8686,,1078.0438,1959.8681
2019-09-03,609.3371,976.4017,734.3014,1613.4301,1480.9978,1817.6599,1735.3626,,1073.9924,1973.2842
2019-09-04,615.4674,982.1402,738.2952,1644.8379,1492.3117,1837.6186,1740.8892,,1076.5706,1964.8991
2019-09-05,616.7428,986.731,734.8719,1637.8584,1501.9286,1844.7466,1729.3336,,1069.941,1962.1041
2019-09-06,606.982,971.8109,734.8719,1639.0217,1496.8373,1793.4245,1705.2173,,1079.1488,1968.2531
2019-09-09,628.3579,1003.3726,746.283,1651.8174,1520.031,1868.9821,1772.5418,,1072.5192,1953.719
2019-09-10,623.1451,998.2079,742.8596,1657.6337,1513.2426,1868.9821,1769.5272,,1079.8854,1968.8121
2019-09-11,625.8004,998.7818,742.8596,1656.4705,1527.385,1884.6639,1766.0103,,1076.2023,1936.3899
2019-09-12,635.7243,1018.2926,742.8596,1689.0415,1536.4362,1938.8373,1792.6386,,1079.1488,1936.3899
2019-09-16,635.1938,1022.5965,755.9824,1704.1638,1535.8705,1911.7506,1790.6289,,1073.9924,1934.7129
2019-09-17,628.9905,1013.7018,757.694,1690.2048,1522.8594,1897.4944,1773.0442,,1092.0396,1939.1849
2019-09-18,623.9661,1002.2249,753.7002,1691.368,1509.2827,1884.6639,1763.4982,,1097.196,1928.0048
2019-09-19,614.3829,974.6802,743.4302,1675.0825,1492.3117,1817.6599,1722.2997,,1099.4058,1925.2098
2019-09-20,609.2873,972.0979,741.7185,1668.103,1466.2896,1810.5319,1708.2319,,1093.5129,1898.9366
2019-09-23,622.4189,1007.1026,745.1419,1670.4295,1470.8152,1846.1723,1762.9958,,1088.7248,1898.3776
2019-09-24,610.3705,997.6341,741.7185,1627.3892,1409.1541,1774.8915,1758.9764,,1095.3544,1901.1726
2019-09-25,609.6365,1003.6595,736.013,1640.1849,1421.0338,1780.5939,1764.0006,1000.0,1103.0889,1897.8186
2019-09-26,611.7916,988.4525,733.1603,1663.45,1417.6396,1816.2343,1738.3771,1008.3467,1101.984,1898.3776
2019-09-27,606.4139,986.1571,731.4486,1680.8987,1398.4059,1831.9161,1729.836,1008.3467,1079.1488,1865.9554
2019-09-30,613.5908,995.6256,737.7247,1697.1843,1407.457,1868.9821,1739.8844,1008.0257,1080.2537,1876.0175
2019-10-08,608.7735,976.6886,732.5897,1690.2048,1425.5594,1873.259,1716.2706,1006.4205,1079.1488,1869.8684
2019-10-09,606.7622,979.271,729.1664,1680.8987,1415.3768,1820.5112,1722.2997,1006.4205,1082.4636,1855.3343
2019-10-10,606.7622,979.8448,730.3075,1682.062,1418.2053,1874.6846,1707.7294,1012.199,1090.1981,1859.2473
2019-10-11,608.3537,977.5494,734.3014,1697.1843,1414.2454,1876.1102,1694.1641,1010.9149,1082.4636,1841.3592
2019-10-14,597.4444,961.7686,734.3014,1691.368,1395.0117,1820.5112,1680.0963,1012.199,1073.9924,1842.4772
2019-10-15,599.0492,960.0471,728.5958,1697.1843,1405.1942,1836.1929,1673.5648,991.3323,1079.5171,1838.0052
2019-10-16,585.1309,944.2663,724.602,1690.2048,1376.9093,1759.2097,1651.4583,994.5425,1075.0974,1848.6263
2019-10-17,584.473,953.7347,724.0314,1672.756,1398.9716,1753.5072,1664.0188,974.6388,1072.5192,1840.2412
2019-10-18,584.9398,949.7178,724.602,1735.5716,1402.3657,1756.3585,1657.9897,964.366,1073.6241,1846.3902
2019-10-21,578.3894,943.9793,721.1786,1761.1631,1398.9716,1743.5279,1650.4534,953.451,1071.4143,1825.1481
2019-10-22,581.1096,952.0132,721.1786,1747.2041,1402.9314,1756.3585,1664.5212,956.3403,1067.3628,1810.055
2019-10-23,583.1504,950.2917,724.602,1757.6734,1416.5082,1769.189,1665.5261,961.4767,1069.941,1816.204
2019-10-24,585.3149,952.0132,724.0314,1759.9999,1421.5995,1790.5732,1686.1253,963.4029,1063.6797,1789.3718
2019-10-25,590.1405,959.4732,723.4609,1750.6938,1422.7309,1809.1063,1688.135,960.5136,1069.941,1761.9806
2019-10-28,586.145,954.5955,730.3075,1736.7348,1411.9826,1787.722,1678.589,963.4029,1061.1016,1755.2726
2019-10-29,584.6435,960.6209,729.1664,1732.0818,1424.428,1773.4659,1687.6326,964.687,1070.6776,1764.2167
2019-10-30,587.8696,967.794,724.602,1723.9391,1426.1251,1774.8915,1690.6471,967.2552,1064.4164,1733.4714
2019-10-31,583.4243,966.0725,730.3075,1727.4288,1398.4059,1769.189,1683.6132,962.1188,1059.9966,1717.2603
2019-11-01,586.4925,969.8025,734.8719,1740.2246,1399.5372,1783.4452,1687.1302,963.0819,1064.7847,1712.7883
2019-11-04,581.3944,970.3763,738.8658,1729.7553,1385.3948,1753.5072,1681.6035,961.4767,1057.0502,1690.9871
2019-11-05,589.4046,985.2964,738.8658,1737.8981,1411.4169,1773.4659,1700.6955,957.3034,1061.8382,1706.0802
2019-11-06,586.324,987.3048,737.1541,1728.5921,1396.1431,1772.0402,1704.7149,958.5875,1056.6818,1712.2293
2019-11-07,582.586,980.7056,733.7308,1734.4083,1401.8,1742.1023,1690.1447,957.9454,1056.6818,1703.2852
2019-11-08,578.0941,978.984,733.7308,1743.7143,1402.9314,1710.7388,1685.1205,948.9567,1054.1037,1673.658
2019-11-11,573.4781,967.794,740.5774,1721.6126,1385.3948,1686.5033,1668.5406,912.3596,1048.2107,1664.7139
2019-11-12,579.7004,989.6002,744.0008,1715.7963,1391.0518,1730.6974,1698.1834,923.5955,1042.6861,1655.2109
2019-11-13,579.5799,987.5918,746.8535,1721.6126,1391.0518,1732.123,1696.6762,921.9904,1043.0544,1660.2419
2019-11-14,590.7837,1007.3895,753.1296,1737.8981,1401.2343,1763.4866,1741.8941,922.6324,1047.8424,1698.8132
2019-11-15,593.4444,1017.1449,754.2707,1734.4083,1389.9204,1791.9989,1750.4352,922.9535,1054.472,1710.5523
2019-11-18,596.3193,1020.3011,745.7124,1726.2656,1389.9204,1801.9782,1743.9038,918.138,1067.7312,1744.0925
2019-11-19,608.1212,1042.968,747.9946,1723.9391,1423.8623,1814.8087,1758.9764,923.2745,1083.5685,1744.6515
2019-11-20,609.4834,1054.7319,753.1296,1723.9391,1432.3477,1803.4038,1773.0442,925.5217,1068.0995,1722.8504
2019-11-21,605.1912,1038.3773,752.559,1680.8987,1422.7309,1829.0649,1756.4643,922.9535,1072.8875,1738.5025
2019-11-22,610.4806,1048.7065,752.559,1686.715,1413.6797,1854.726,1774.049,932.9053,1068.4678,1734.5894
2019-11-25,628.7268,1060.7573,760.5468,1692.5313,1424.428,1897.4944,1799.6725,932.5843,1071.0459,1731.2354
2019-11-26,611.7197,1036.0819,762.2584,1690.2048,1392.1832,1866.1309,1775.0539,922.6324,1076.5706,1724.5274
2019-11-27,609.0403,1031.778,764.5407,1706.4903,1392.1832,1829.0649,1769.5272,913.0016,1072.8875,1715.5833
2019-11-28,612.5734,1038.0903,779.375,1708.8168,1385.3948,1851.8747,1786.1071,905.939,1064.4164,1689.8691
2019-11-29,610.354,1038.6642,784.51,1713.4698,1388.2233,1841.8954,1786.6096,899.1974,1073.2558,1685.9561
2019-12-02,613.4481,1042.6811,787.9333,1709.98,1400.1029,1861.854,1813.2379,894.382,1062.2065,1717.8193
2019-12-03,608.6021,1033.0661,778.0589,1708.0792,1399.8093,1860.5957,1797.8218,900.1605,1059.8476,1708.1848
2019-12-04,612.6152,1034.9693,765.4554,1720.2519,1390.9597,1895.1672,1807.8315,889.2456,1057.7832,1707.178
2019-12-05,607.6703,1031.2635,769.3295,1707.2421,1396.5588,1888.4144,1812.2818,891.1717,1057.6332,1711.3599
2019-12-06,608.2332,1040.6423,770.0346,1709.6122,1403.5154,1887.5488,1816.2919,895.6661,1057.3388,1719.4952
2019-12-09,630.0723,1063.0478,781.927,1753.1076,1413.7206,1986.4131,1859.6628,894.703,1069.9218,1752.3879
2019-12-10,623.5581,1061.2311,783.1162,1765.1897,1413.1203,1975.7662,1862.8363,897.9133,1077.6936,1767.7001
2019-12-11,628.0209,1070.92,788.4678,1766.3979,1407.1172,2003.144,1879.7616,911.7175,1092.127,1792.0861
2019-12-12,626.3911,1066.9839,777.17,1757.9405,1399.3132,1980.3292,1883.9929,913.9647,1067.7012,1764.8645
2019-12-13,621.9421,1066.6811,780.1431,1766.3979,1396.912,1987.9341,1880.8194,916.5329,1073.6226,1777.341
2019-12-16,620.2914,1053.6617,784.3055,1763.9815,1403.5154,1963.5983,1863.3652,915.2488,1066.591,1771.6699
2019-12-17,618.3372,1054.8728,780.1431,1757.9405,1402.3148,1930.1365,1872.3568,918.138,1062.52,1779.0424
2019-12-18,616.8058,1052.4506,781.3324,1783.3128,1409.5184,1931.6575,1871.2989,917.817,1067.7012,1821.009
2019-12-19,626.0925,1065.1672,786.0893,1778.48,1422.1249,1971.2032,1874.4724,924.2376,1075.103,1813.6365
2019-12-20,619.5039,1061.8367,785.4947,1774.8553,1421.5245,1931.6575,1864.952,920.7063,1072.5124,1834.6197
2019-12-23,621.0356,1071.2228,774.1969,1770.0225,1402.9151,1942.3044,1889.282,927.1268,1079.1739,1822.7103
2019-12-24,618.8902,1062.745,775.9808,1782.1046,1381.304,1954.4723,1879.2327,918.7801,1076.9534,1800.5928
2019-12-25,612.7881,1055.1756,772.4131,1772.4389,1382.5047,1942.3044,1862.3074,914.2857,1071.4021,1805.1297
2019-12-26,617.8968,1068.4978,774.1969,1779.6882,1371.0988,1945.3464,1881.3483,916.2119,1077.3235,1814.2036
2019-12-27,618.3442,1072.1311,773.6023,1791.7702,1377.1019,1954.4723,1885.0507,914.2857,1080.6543,1827.8144
2019-12-30,616.7421,1073.3422,777.7646,1792.9784,1386.7068,1951.4304,1886.1086,921.0273,1079.9141,1817.0392
2019-12-31,625.2606,1080.6088,775.9808,1786.9374,1398.1126,1972.7242,1899.8603,936.7576,1082.5047,1810.8009
2020-01-02,620.3497,1073.9477,773.0077,1797.8113,1412.52,1994.0181,1888.7531,908.8283,1079.544,1810.8009
2020-01-03,618.9503,1072.7366,772.4131,1819.559,1414.9212,2025.9589,1882.9351,897.8312,1083.9851,1809.0995
2020-01-06,621.2635,1077.5811,778.3593,1820.7672,1414.3209,2032.0428,1892.9844,906.4437,1075.4731,1780.7437
2020-01-07,622.5548,1082.1227,774.1969,1820.7672,1430.5291,2027.4799,1897.7447,908.5862,1077.6936,1786.4149
2020-01-08,632.7538,1095.1421,780.7378,1821.9754,1448.5383,2067.0256,1926.835,910.7345,1072.8825,1783.0122
2020-01-09,618.8228,1076.37,774.7915,1815.9344,1443.7359,1998.5811,1896.1579,909.7563,1072.8825,1783.0122
2020-01-10,619.1009,1081.2144,787.2786,1820.7672,1450.3392,2004.665,1904.0916,917.256,1073.2526,1782.4451
2020-01-13,615.2295,1068.8005,775.9808,1800.2277,1451.5398,1998.5811,1885.0507,914.9735,1068.8115,1763.7303
2020-01-14,618.4179,1080.9116,771.8184,1803.8523,1455.1417,2042.6898,1901.976,902.5826,1072.1423,1765.9987
2020-01-15,615.2892,1070.92,771.2238,1817.1426,1453.9411,2019.8749,1890.8688,901.9304,1070.6619,1769.4014
2020-01-16,615.0181,1079.3977,770.6292,1820.7672,1470.1493,2003.144,1899.3314,908.778,1066.591,1771.6699
2020-01-17,621.01,1088.481,770.0346,1819.559,1464.7466,2036.6058,1922.6036,902.5826,1070.6619,1781.878
2020-01-20,619.4443,1091.5088,769.4399,1818.3508,1474.3515,2038.1268,1922.0747,903.8869,1075.4731,1820.4419
2020-01-21,617.467,1080.9116,770.0346,1806.2687,1472.5506,2041.1688,1900.3892,904.2129,1082.5047,1819.8747
2020-01-22,618.609,1077.2783,770.0346,1813.518,1464.7466,2047.2527,1887.6953,903.2347,1084.7253,1822.7103
2020-01-23,605.0588,1059.7173,767.0615,1783.3128,1456.9426,1975.7662,1862.3074,893.7785,1082.5047,1823.8445
2020-02-03,568.1609,978.876,730.7896,1668.5332,1402.9151,1844.961,1716.856,849.758,1099.5287,1853.9017
2020-02-04,574.5394,1002.7953,734.9519,1672.1578,1438.9334,1797.8104,1751.7643,863.7793,1128.7656,1890.7642
2020-02-05,567.4051,998.2537,737.925,1678.1988,1438.9334,1758.2646,1750.1776,863.1272,1099.1587,1844.8278
2020-02-06,576.0577,1000.3731,742.682,1718.0696,1477.353,1794.7684,1749.1197,865.0836,1102.1193,1847.0963
2020-02-07,573.5962,1006.7314,740.8981,1710.8204,1477.9533,1785.6424,1755.9956,865.4097,1097.3082,1845.9621
2020-02-10,573.3984,1000.6759,741.4927,1713.2368,1469.549,1768.9115,1751.2354,866.714,1091.3868,1845.9621
2020-02-11,590.6972,1027.0174,748.0336,1720.4861,1517.5735,1841.9191,1786.6727,873.5617,1100.639,1860.14
2020-02-12,594.4615,1030.6507,747.439,1722.9025,1536.7833,1884.5068,1798.8377,880.4093,1093.6073,1830.0828
2020-02-13,593.5711,1027.9257,747.439,1695.1137,1524.1769,1899.7167,1796.1931,878.1267,1085.0953,1806.8311
2020-02-14,593.689,1028.8341,751.6013,1697.5301,1531.3805,1911.8846,1803.5979,867.0401,1079.1739,1783.0122
2020-02-17,599.8799,1037.6146,749.2228,1701.1548,1525.3775,1945.3464,1814.1762,870.3009,1069.5517,1780.7437
2020-02-18,594.2419,1026.4119,748.6282,1691.4891,1517.5735,1945.3464,1805.7136,864.1054,1060.2995,1766.5658
2020-02-19,595.0112,1027.623,744.4659,1698.7383,1528.379,1963.5983,1800.9533,859.2142,1062.1499,1758.6262
2020-02-20,607.6643,1047.6062,751.0067,1725.3189,1535.5827,2029.0009,1827.3991,864.1054,1070.2919,1781.3109
2020-02-21,607.2362,1055.1756,753.9798,1726.5271,1516.9732,2054.8577,1842.7376,860.8446,1066.2209,1768.2672
2020-02-24,608.7175,1052.4506,752.7906,1734.9845,1535.5827,2050.2947,1845.9111,853.3449,1057.7089,1729.7033
2020-02-25,608.7059,1056.3867,753.9798,1726.5271,1532.5812,2045.7317,1845.9111,846.4972,1057.7089,1720.6295
2020-02-26,598.6405,1043.6701,751.0067,1721.6943,1523.5766,1966.6403,1830.5725,825.6283,1058.4491,1726.3006
2020-02-27,592.2225,1035.1924,748.6282,1705.9876,1518.1738,1925.5735,1817.8786,827.5847,1058.4491,1715.5254
2020-02-28,580.6489,1009.7592,740.8981,1678.1988,1491.16,1875.3809,1786.1437,813.2373,1057.7089,1714.9583
2020-03-02,597.6664,1036.1007,744.4659,1705.9876,1533.7818,1986.4131,1834.8039,824.9761,1056.5986,1726.3006
2020-03-03,593.6474,1035.7979,745.6551,1684.2399,1526.5781,1960.5563,1828.4569,826.6065,1057.3388,1721.7637
2020-03-04,600.1827,1052.7534,745.6551,1681.8234,1529.5796,2007.707,1846.44,820.411,1044.3858,1740.4785
2020-03-05,599.006,1050.3312,743.8712,1684.2399,1514.572,2024.4379,1842.2087,824.65,1049.9371,1728.5691
2020-03-06,594.7292,1041.8535,740.8981,1675.7824,1507.9686,1977.2872,1830.5725,821.3893,1045.496,1725.1664
2020-03-09,592.348,1041.2479,723.0595,1657.6593,1504.3668,1946.8674,1833.2171,795.6291,1037.3541,1693.975
2020-03-10,598.3328,1053.359,736.1412,1672.1578,1510.3698,2015.3119,1840.6219,811.6069,1037.3541,1708.1529
2020-03-11,595.3794,1058.8089,739.7089,1670.9496,1509.1692,1987.9341,1842.7376,806.7158,1039.9447,1707.0187
2020-03-12,601.1401,1066.0756,738.5196,1672.1578,1526.5781,2016.8329,1852.7869,799.5421,1036.6139,1725.1664
2020-03-13,610.9104,1080.6088,741.4927,1644.369,1548.7894,2057.8997,1869.7122,794.3248,1035.5037,1725.1664
2020-03-16,600.1056,1075.7644,736.7358,1622.6213,1531.3805,2012.27,1854.3737,796.6074,1034.7635,1776.2068
2020-03-17,604.0019,1076.37,733.168,1628.6624,1539.1845,2041.1688,1850.1424,795.6291,1037.7242,1780.7437
2020-03-18,601.5863,1074.2505,720.0864,1612.9557,1528.9793,2056.3787,1833.2171,785.5207,1043.2755,1802.8613
2020-03-19,598.3714,1068.195,707.0047,1599.6654,1531.9808,2062.4626,1813.6473,778.9992,1021.8105,1785.8478
2020-03-20,583.255,1054.5701,709.3832,1604.4982,1506.1677,2012.27,1781.3835,781.6078,1024.4011,1801.1599
2020-03-23,563.4265,1029.4396,681.436,1554.9618,1492.961,1913.4056,1722.674,769.5429,992.5736,1777.341
2020-03-24,574.3488,1042.7025,675.4898,1570.6684,1525.9778,1945.3464,1760.7559,769.5429,1004.0463,1834.6197
2020-03-25,579.5361,1050.1706,667.7597,1570.6684,1513.3714,2022.9169,1752.8221,781.2817,1000.7155,1870.348
2020-03-26,573.9299,1044.7061,648.3126,1545.2961,1501.3652,2013.791,1739.1158,779.3253,1023.2908,1970.7275
2020-03-27,573.5168,1041.9462,639.9124,1544.0879,1505.5674,2004.665,1745.1178,787.1511,986.6522,1967.892
2020-03-30,558.5305,1014.716,607.0545,1552.5454,1491.16,1963.5983,1704.6043,774.7602,989.983,1971.2947
2020-03-31,558.5981,1011.899,594.3079,1559.7946,1513.3714,1978.8082,1700.4332,781.2817,1001.0856,1963.9222
2020-04-01,544.5236,991.8676,604.9206,1533.214,1492.961,1942.3044,1660.5664,781.6078,1002.1958,1895.8683
2020-04-02,553.422,1010.6471,616.7124,1553.0229,1489.8389,1976.9257,1704.3092,779.6513,1007.8022,1924.4814
2020-04-03,544.7741,998.1275,626.7354,1489.425,1449.7316,1963.9174,1680.4998,777.0427,1015.746,1910.3456
2020-04-07,539.4139,1003.4483,647.3711,1510.0516,1464.8035,1947.6025,1696.0036,785.8468,1019.4818,1933.4289
2020-04-08,547.9404,1015.3419,640.296,1510.3206,1474.4389,1999.6189,1718.1519,795.9552,1028.6148,1928.598
2020-04-09,558.7068,1034.7474,640.296,1510.3206,1483.8517,2045.8429,1743.6224,801.8246,1014.4144,1908.9007
2020-04-10,567.6091,1055.7178,643.8336,1524.8896,1520.8303,2052.6909,1776.8448,812.2591,1017.6914,2029.9812
2020-04-13,567.3441,1060.0996,647.3711,1455.6868,1522.175,2040.7069,1782.9355,815.8459,1007.1322,2033.4572
2020-04-14,566.1125,1059.1606,640.296,1479.9685,1520.158,2076.659,1771.8614,835.0845,1008.2245,1999.8559
2020-04-15,566.3612,1055.7178,640.8856,1516.391,1511.4176,2076.659,1769.6466,838.6714,999.4858,2022.4499
2020-04-16,567.1761,1059.4736,636.7585,1493.3234,1528.8984,2074.947,1790.6874,827.9108,1005.3116,2079.2245
2020-04-17,570.2617,1058.2217,639.1169,1543.1009,1528.226,2095.491,1791.2411,844.2147,1017.6914,2095.4458
2020-04-20,567.4857,1052.2749,637.3481,1524.8896,1522.175,2122.883,1781.8281,868.6705,1040.2663,2091.3905
2020-04-21,560.9727,1044.4501,627.9146,1500.608,1489.9027,2061.2509,1763.5558,849.758,1039.174,2140.6337
2020-04-22,565.6921,1056.3437,620.8395,1505.4643,1502.0048,2098.915,1777.9522,844.5408,1039.174,2136.5784
2020-04-23,561.3128,1042.2591,631.4522,1490.8953,1479.8177,2069.811,1756.9113,850.0841,1030.7994,2091.9698
2020-04-24,564.6063,1046.328,628.5042,1515.177,1469.7326,2078.371,1764.6632,843.8886,1035.897,2105.2945
2020-04-27,560.2738,1037.8773,637.9377,1530.9601,1445.5284,2061.2509,1755.8039,842.2582,1043.9074,2078.0658
2020-04-28,555.9627,1030.3655,639.7065,1510.3206,1392.4136,2035.5709,1743.6224,840.3018,1045.728,2072.8518
2020-04-29,555.5135,1033.4954,643.8336,1530.9601,1397.7923,2038.9949,1749.1594,836.0627,1055.9231,2060.1065
2020-04-30,564.8994,1053.8398,646.7816,1540.6727,1437.4603,2088.643,1777.9522,846.2425,1061.3848,2061.8445
2020-05-06,564.464,1061.6646,669.7756,1574.6671,1453.5964,2090.355,1798.4393,865.1631,1052.6461,2074.0105
2020-05-07,574.5532,1076.3751,668.0068,1590.4502,1463.6815,2133.155,1830.0006,859.1432,1055.1949,2067.6378
2020-05-08,580.0239,1080.444,682.7466,1600.1629,1465.6985,2167.3951,1842.1822,864.2493,1064.2977,2065.3205
2020-05-11,576.5643,1080.444,677.4403,1626.8727,1452.9241,2157.1231,1843.2896,896.028,1058.836,2061.8445
2020-05-12,579.6712,1084.1999,668.5964,1632.9431,1498.6431,2184.5151,1845.5044,880.3024,1063.2053,2110.5085
2020-05-13,581.2919,1084.1999,669.7756,1660.8671,1496.6261,2210.1952,1847.7192,884.889,1062.113,2099.5011
2020-05-14,586.1625,1078.2531,675.6715,1652.3685,1515.4516,2217.0432,1851.5952,879.3196,1051.1897,2050.2579
2020-05-15,591.8817,1084.1999,686.2842,1630.515,1512.0899,2287.2353,1863.223,874.0777,1064.2977,2061.2652
2020-05-18,606.831,1104.2313,693.9488,1662.0811,1531.5877,2367.6994,1904.751,879.6472,1055.559,2025.3466
2020-05-19,616.9668,1114.873,693.3593,1671.7938,1573.9451,2434.4675,1920.8085,881.6129,1066.8465,2056.6305
2020-05-20,610.5564,1105.1703,703.3823,1674.222,1559.826,2412.2114,1908.0733,876.6987,1073.4005,2056.0512
2020-05-21,622.8861,1116.7509,713.9949,1685.1487,1566.5494,2472.1315,1920.8085,893.407,1079.5903,2051.4165
2020-05-22,614.214,1097.9715,709.8678,1656.0107,1546.3792,2453.2995,1890.9083,859.6627,1070.4876,2050.2579
2020-05-25,622.1928,1095.4676,715.7637,1734.9262,1551.0856,2470.4195,1885.3713,868.5083,1073.7646,1994.0626
2020-05-26,616.0253,1093.2766,718.1221,1737.3544,1554.4473,2391.6674,1886.4787,868.1807,1075.9492,1986.5313
2020-05-27,614.7916,1093.5896,716.9429,1726.4276,1564.5323,2417.3475,1893.1232,860.9731,1059.2001,1958.144
2020-05-28,615.49,1094.8416,710.4574,1733.7121,1558.4813,2432.7555,1908.627,855.7313,1046.0921,1970.8893
2020-05-29,634.4938,1120.1938,712.2262,1734.9262,1562.5153,2574.8517,1961.2291,855.7313,1045.728,1960.4613
2020-06-01,639.8332,1119.5679,732.2723,1744.6389,1573.2727,2576.5637,1965.105,865.4436,1052.282,1982.476
2020-06-02,645.2094,1137.4083,744.6537,1756.7797,1582.6855,2591.9717,1979.5014,862.746,1059.2001,1970.31
2020-06-03,646.5604,1137.4083,742.8849,1745.8529,1578.6515,2585.1237,1951.8161,862.1507,1065.0259,1955.2473
2020-06-04,643.1983,1128.6446,735.2202,1733.7121,1584.0302,2523.4916,1930.7752,850.2611,1067.5747,1905.4247
2020-06-05,641.6282,1128.0186,740.5266,1744.6389,1571.9281,2554.3076,1946.279,857.5453,1063.5694,1925.7014
2020-06-08,657.2079,1131.7745,744.0641,1744.6389,1603.528,2680.9958,1961.2291,860.1941,1056.6513,1922.2254
2020-06-09,649.6476,1132.7135,742.8849,1723.9994,1602.8556,2634.7718,1962.8902,857.2142,1059.9283,1871.8234
2020-06-10,645.1282,1122.6978,744.6537,1728.8558,1594.1152,2600.5317,1946.8327,854.8965,1038.4458,1866.6095
2020-06-11,643.4283,1125.5147,738.1682,1754.3515,1594.1152,2598.8197,1959.0143,848.9367,1026.066,1923.384
2020-06-12,653.7914,1134.9044,747.6016,1765.2783,1596.8046,2660.4518,1983.9311,845.2947,1036.2611,1939.026
2020-06-15,640.08,1118.0029,741.1161,1762.8501,1563.1877,2610.8037,1956.2457,833.3751,1039.174,1989.428
2020-06-16,648.1385,1126.4537,748.1912,1764.0642,1594.1152,2674.1478,1973.9643,843.9703,1047.5485,1963.9373
2020-06-17,641.4175,1122.0718,746.4225,1756.7797,1575.2898,2624.4997,1966.7662,842.3148,1072.3081,1962.7787
2020-06-18,643.285,1131.4615,736.989,1755.5656,1600.8386,2619.3637,2004.4182,843.9703,1106.5346,1950.6127
2020-06-19,645.4607,1140.8512,736.3994,1761.636,1600.8386,2629.6358,2026.0128,877.4112,1110.1757,1951.7713
2020-06-22,640.9508,1133.0265,729.9139,1766.4924,1582.0131,2579.9877,2010.509,874.4313,1077.7698,1918.17
2020-06-23,637.9214,1129.8966,726.966,1765.2783,1600.1663,2591.9717,1995.0052,873.438,1083.4604,1921.646
2020-06-24,645.0943,1133.0265,727.5555,1801.7008,1600.1663,2639.9078,1995.5589,870.7893,1088.2307,1910.6387
2020-06-29,627.6115,1111.7431,720.4805,1788.3459,1576.6344,2520.0676,1971.1958,871.4514,1081.6858,1872.9821
2020-06-30,629.6212,1115.812,728.7347,1793.2022,1587.3919,2549.1716,1981.1625,867.8094,1062.2115,1883.4101
2020-07-01,627.9905,1116.125,726.3764,1808.9853,1577.3068,2540.6116,1975.0718,871.1204,1059.6207,1886.8861
2020-07-02,625.2243,1118.3159,741.7057,1817.4839,1604.2003,2528.6276,1972.8569,884.7344,1060.3609,1890.9414
2020-07-03,629.41,1132.7135,747.0121,1808.9853,1602.8556,2556.0197,1996.6663,893.8598,1047.037,1877.6168
2020-07-06,632.6955,1132.4005,753.4976,1824.7684,1600.8386,2569.7157,1996.1126,889.2662,1051.8485,1911.2181
2020-07-07,635.4697,1137.4083,771.1853,1853.9064,1595.4599,2626.2118,2009.4016,895.2011,1053.699,1885.1481
2020-07-08,650.6422,1158.6917,768.2373,1857.5487,1608.9067,2698.1159,2046.4999,902.2079,1042.2256,1923.9634
2020-07-09,650.3903,1166.2035,775.902,1873.3318,1637.8173,2701.5399,2058.6815,903.8762,1052.9588,1921.0667
2020-07-10,649.3264,1154.9358,771.1853,1872.1177,1609.579,2706.6759,2047.0536,894.5338,1043.7061,1930.9154
2020-07-13,667.9102,1170.2724,792.4106,1931.6078,1625.7152,2838.5001,2072.5241,911.884,1042.5957,1903.6867
2020-07-14,667.5503,1171.8373,785.9251,1941.3205,1610.9237,2871.0281,2079.7223,906.8791,1025.2006,1867.7681
2020-07-15,666.0956,1172.4633,775.902,1948.605,1607.562,2865.8921,2089.1353,904.5435,1028.1615,1871.2441
2020-07-16,661.2061,1159.0047,772.9541,1938.8923,1616.3024,2829.94,2068.0945,894.5338,1030.012,1823.7388
2020-07-17,665.0015,1166.2035,767.6477,1998.3824,1627.7322,2828.228,2077.5075,897.5367,1025.9409,1826.6355
2020-07-20,660.0073,1158.3787,779.4396,1987.4557,1623.6982,2797.412,2069.2019,895.5348,1029.6419,1833.5875
2020-07-21,674.5871,1178.0971,778.85,2050.5881,1658.6598,2879.5881,2096.8872,901.207,1031.8626,1826.6355
2020-07-22,674.6353,1183.731,771.7749,2059.0866,1643.8683,2881.3001,2105.1928,906.2118,1024.0903,1828.3735
2020-07-23,683.8761,1191.2427,771.1853,2038.4472,1652.6087,2894.9961,2126.2337,898.8714,1036.674,1828.3735
2020-07-24,667.6261,1172.7763,756.4455,2019.0219,1663.3661,2833.364,2085.8131,913.5523,1020.3892,1797.0895
2020-07-27,657.9656,1165.2645,768.8269,2025.0923,1645.8853,2788.852,2074.739,915.5542,1025.2006,1798.8275
2020-07-28,658.1841,1165.5775,770.0061,2046.9458,1633.7832,2807.684,2075.8464,919.8917,1029.6419,1794.1929
2020-07-29,672.2233,1178.7231,767.6477,2029.9486,1641.8513,2881.3001,2097.4409,918.2234,1025.9409,1801.7242
2020-07-30,670.5356,1179.0361,778.85,2046.9458,1622.3535,2876.1641,2114.6058,927.8995,1033.343,1808.0969
2020-07-31,678.4842,1182.166,779.4396,2054.2303,1639.8343,2908.6922,2130.6633,939.2438,1023.3501,1814.4695
2020-08-03,690.8253,1200.6325,787.6938,2128.2894,1650.5917,2989.1563,2165.5469,933.6308,1030.7523,1809.8349
2020-08-04,694.6126,1201.8844,790.1874,2200.9541,1627.4553,3049.0757,2170.5302,950.2252,1059.2506,1835.4566
2020-08-05,696.5726,1199.3805,797.8493,2211.6406,1630.4222,3042.6806,2165.5469,969.5858,1047.7773,1834.9881
2020-08-06,704.6412,1207.5183,784.7023,2237.079,1644.3905,3131.061,2164.9932,968.1102,1040.7452,1825.0071
2020-08-07,701.4299,1199.3805,780.1328,2247.3942,1643.5815,3094.1013,2161.6709,965.0912,1047.4071,1851.8647
2020-08-10,698.3188,1196.2506,771.6924,2253.693,1636.8839,3118.748,2156.1338,951.0023,1057.4001,1866.9772
2020-08-11,698.3497,1187.7998,777.1183,2331.7975,1618.1307,3162.3536,2143.9523,937.5843,1060.7311,1861.7459
2020-08-12,696.7173,1190.9297,774.1039,2319.2,1621.4795,3156.6659,2159.4561,943.2869,1064.062,1885.5772
2020-08-13,690.7138,1186.5479,774.1039,2329.278,1607.4146,3133.9151,2168.3154,948.3187,1063.3218,1880.346
2020-08-14,697.5169,1189.0518,780.1328,2310.3818,1611.4332,3181.3125,2173.8525,964.7557,1056.6599,1884.996
2020-08-17,693.8926,1199.3805,793.3962,2331.7975,1620.14,3164.2495,2187.1414,999.9781,1060.3609,1868.7209
2020-08-18,702.2089,1204.3883,804.851,2340.6158,1639.5629,3272.3155,2205.9674,1007.358,1056.2898,1844.8897
2020-08-19,701.9566,1187.4868,800.6308,2321.7195,1618.1307,3249.5648,2196.0007,989.9145,1071.0941,1843.7272
2020-08-20,695.4553,1178.4101,806.0568,2309.122,1608.0844,3215.4386,2196.5544,998.9717,1067.393,1819.3146
2020-08-21,690.9525,1184.044,797.6164,2191.9652,1605.4054,3190.792,2192.6785,986.56,1077.756,1808.2709
2020-08-24,686.7433,1183.418,798.8222,2228.498,1631.5259,3156.6659,2179.9432,1004.3389,1068.1332,1806.5271
2020-08-25,678.7766,1180.914,799.4251,2151.6532,1632.1956,3084.6219,2180.4969,1003.3326,1052.5887,1819.8959
2020-08-26,682.0586,1183.3184,807.2626,2164.2507,1631.5259,3141.4987,2174.9599,1017.824,1051.1082,1809.4334
2020-08-27,677.0255,1182.1751,801.8366,2203.303,1638.8932,3088.4136,2184.9266,1012.5263,1062.9517,1819.3146
2020-08-28,687.2056,1186.2956,796.4106,2301.5635,1648.9395,3156.6659,2195.447,1017.6884,1059.6207,1821.0584
2020-08-31,690.1059,1199.8646,803.0424,2339.356,1660.3254,3200.2715,2220.9175,1025.9304,1070.724,1859.4209
2020-09-01,692.2041,1198.2771,804.2481,2292.7453,1692.4737,3209.7509,2235.3139,1022.9169,1083.6778,1871.6272
2020-09-02,697.4723,1199.5471,810.8799,2307.8623,1709.2176,3240.0853,2233.0879,1020.2383,1081.0178,1886.7397
2020-09-03,702.4233,1203.3572,806.0568,2259.9918,1719.2639,3251.4606,2232.911,1000.1482,1065.47,1875.1147
2020-09-04,697.167,1191.9269,798.2193,2202.0432,1716.5849,3223.0222,2219.5956,989.4336,1059.0011,1891.3897
2020-09-07,696.9821,1186.2118,794.602,2214.6407,1722.6127,3228.7099,2194.9471,991.4426,1061.5459,1871.046
2020-09-08,688.5449,1180.8141,790.3818,2200.7835,1691.8039,3200.2715,2182.4499,996.4651,1055.4035,1883.2522
2020-09-09,679.2228,1161.4461,784.353,2208.342,1685.7761,3126.3316,2131.3254,950.258,1054.3196,1861.1647
2020-09-10,674.3923,1155.7309,801.2337,2162.991,1669.702,3116.8521,2119.9644,945.9052,1052.1517,1833.2647
2020-09-11,681.4444,1163.6687,800.028,2178.108,1683.7668,3173.7289,2146.6628,951.9322,1047.4546,1821.0584
2020-09-14,685.6296,1163.3512,789.7789,2116.3802,1691.8039,3217.3345,2150.6391,967.6694,1055.2772,1831.5209
2020-09-15,675.6687,1140.4905,791.5876,2073.5487,1681.7576,3137.7069,2118.8283,964.321,1053.6952,1833.2647
2020-09-16,662.0132,1135.0929,793.9991,2082.367,1670.3717,3020.1614,2095.5382,944.9007,1052.8156,1840.2397
2020-09-17,659.5154,1135.7279,804.2481,2068.5097,1687.7854,2995.5148,2094.4021,937.8692,1055.8047,1823.3834
2020-09-18,668.471,1143.9831,803.0424,2101.2632,1710.5571,3044.808,2114.8519,945.9052,1053.612,1812.3396
2020-09-21,651.3709,1123.6626,809.6741,2052.133,1700.5107,2942.4297,2079.6328,937.5343,1045.2065,1783.2771
2020-09-22,653.6723,1123.0276,801.2337,2082.367,1703.1898,2929.1584,2074.5204,932.5118,1041.9174,1794.9021
2020-09-23,647.9909,1124.6151,801.8366,2103.7827,1703.1898,2906.4077,2082.4731,937.5343,1034.6082,1761.7708
2020-09-24,648.8571,1127.7902,788.5731,2106.3022,1685.7761,2908.3036,2087.0175,954.9457,1038.9937,1762.9333
2020-09-25,645.6111,1118.2649,792.7933,2103.7827,1666.3532,2898.8241,2079.0648,959.6334,1043.7447,1769.9083
2020-09-28,650.5222,1123.9801,792.1905,2110.0815,1693.8132,2919.6789,2084.1772,962.9817,1043.7447,1783.2771
2020-09-29,657.1946,1122.7101,795.2049,2140.3155,1709.8873,2959.4928,2087.0175,959.6334,1047.0338,1771.0708
2020-09-30,670.8139,1130.3303,792.1905,2194.4847,1703.1898,3067.5588,2097.2424,950.2424,1043.0137,1754.7958
2020-10-09,686.154,1153.5084,815.703,2204.5627,1769.4956,3147.1864,2142.6864,983.5849,1068.9612,1751.3083
2020-10-12,694.229,1154.7784,827.7607,2248.654,1799.6346,3128.2274,2155.7516,977.0798,1077.7321,1800.7146
2020-10-13,694.0326,1151.9208,822.9376,2207.0822,1808.3415,3082.726,2149.503,967.3145,1084.6758,1787.9271
2020-10-14,682.9891,1148.7458,828.9664,2186.9262,1807.6717,3027.745,2134.1657,967.651,1080.2903,1785.6021
2020-10-15,678.3856,1146.8407,827.1578,2161.7312,1798.2951,2986.0353,2115.988,964.9593,1081.0212,1785.0209
2020-10-16,678.6898,1153.1909,826.5549,2174.3287,1788.2488,2978.4517,2124.5088,973.0343,1090.5231,1815.2459
2020-10-19,675.7468,1146.5232,822.3347,2154.1727,1778.2024,2961.3886,2124.5088,975.3895,1085.4067,1805.9459
2020-10-20,677.4453,1148.1107,819.3203,2161.7312,1805.6624,2991.723,2127.349,976.0624,1081.3867,1799.5521
2020-10-21,688.2007,1158.906,809.6741,2130.2375,1807.002,3022.0573,2151.7752,988.8478,1086.5031,1805.3646
2020-10-22,685.7793,1156.366,809.6741,2159.2117,1815.039,3008.786,2164.2723,976.7353,1069.6921,1759.4458
2020-10-23,676.022,1148.1107,809.0712,2150.3935,1803.6532,2925.3666,2150.0711,978.0811,1067.8648,1753.0521
2020-10-26,673.1691,1147.1582,815.703,2162.991,1799.6346,2883.6569,2155.7516,958.9031,1052.5156,1746.0771
2020-10-27,681.4578,1148.1107,821.1289,2209.6017,1805.6624,2912.0954,2165.4084,957.4907,1055.8047,1756.5396
2020-10-28,688.0938,1164.6212,830.1722,2179.3677,1794.9463,2978.4517,2189.2665,989.4911,1058.3629,1764.0958
2020-10-29,685.1037,1164.6212,825.952,2151.6532,1818.3878,2955.701,2182.4499,961.9673,1056.5356,1757.1208
2020-10-30,695.4761,1175.4165,834.9953,2195.7445,1815.7088,3012.5778,2194.9471,946.9375,1055.0738,1766.4208
2020-11-02,704.9067,1180.8141,854.2876,2191.9652,1829.1039,3037.2245,2201.1956,926.1405,1078.8285,1785.0209
2020-11-03,695.4606,1177.3215,857.302,2173.069,1789.5883,2984.1394,2193.811,930.1657,1074.0776,1790.2521
2020-11-04,710.2956,1191.6094,854.8905,2178.108,1755.4307,2982.2435,2208.0122,929.4948,1088.6958,1789.6709
2020-11-05,705.0176,1190.0219,851.876,2179.3677,1750.0727,2968.9722,2217.101,927.8177,1080.2903,1792.5771
2020-11-06,721.0065,1200.8172,858.5078,2209.6017,1746.7239,2993.6189,2226.7579,929.4948,1096.7359,1782.6958
2020-11-09,735.631,1225.2653,877.1972,2219.6797,1756.1005,3099.789,2262.5451,937.8808,1094.1777,1811.7584
2020-11-10,727.5616,1214.7875,850.0674,2232.2772,1752.082,3130.1233,2234.1425,924.7987,1093.0813,1797.8084
2020-11-11,728.4152,1220.1852,851.2732,2277.6283,1814.3693,3177.5207,2242.6633,917.4191,1096.3704,1823.9646
2020-11-12,726.2248,1216.6926,848.2587,2297.7843,1833.7922,3168.0412,2229.0301,905.008,1085.0413,1817.5709
2020-11-13,730.9853,1219.2326,884.4318,2311.6415,1833.7922,3156.6659,2255.1604,909.0332,1081.0212,1835.5897
2020-11-16,735.5245,1223.0427,901.3126,2333.0573,1784.2302,3188.8961,2271.0658,892.5968,1075.5394,1784.4396
2020-11-17,734.9014,1244.3158,907.3414,2339.356,1764.1376,3241.9812,2302.3086,871.7997,1078.0976,1765.8396
2020-11-18,737.972,1240.5057,906.1357,2305.3428,1770.1654,3255.2524,2298.9003,874.8187,1076.2703,1754.2146
2020-11-19,739.7874,1250.9835,898.2982,2355.7328,1757.44,3323.5047,2316.5099,881.8628,1096.005,1765.8396
2020-11-20,754.5833,1262.7313,889.2549,2368.3303,1770.1654,3365.2144,2319.9182,883.54,1129.9925,1767.0021
2020-11-23,736.4344,1241.7757,901.9155,2326.7585,1827.7644,3289.3786,2278.4505,896.6221,1129.2615,1786.1834
2020-11-24,744.7074,1241.4582,896.4895,2325.4988,1882.6844,3321.6088,2296.06,899.5772,1119.7597,1827.4522
2020-11-25,748.6718,1227.1704,886.8433,2311.6415,1908.1351,3336.7759,2290.3795,890.1045,1116.1051,1819.3146
2020-11-26,756.2278,1233.203,887.4462,2320.4598,1910.1444,3401.2364,2318.7821,886.2758,1111.7196,1825.7084
2020-11-27,762.1988,1245.9034,914.576,2326.7585,1917.5117,3420.1953,2357.9775,898.5777,1117.5669,1823.3834
2020-11-30,767.289,1240.1882,898.901,2314.161,1907.4654,3456.2174,2371.6108,894.8812,1125.607,1853.0272
2020-12-01,767.7395,1235.7431,934.4712,2301.5635,1974.441,3444.842,2373.3149,891.5208,1132.1852,1820.4771
2020-12-02,777.9296,1244.229,925.8835,2352.7318,2046.3588,3535.2633,2423.7756,898.9137,1155.8845,1835.9507
2020-12-03,773.166,1230.3009,929.1449,2349.8774,2023.5967,3557.7064,2407.0085,895.8894,1143.6207,1827.924
2020-12-04,786.8292,1242.2571,947.0258,2364.2964,2027.4057,3680.871,2438.4343,895.2173,1213.2239,1882.9499
2020-12-07,794.8079,1273.1566,965.4187,2407.4614,2022.961,3729.9588,2481.3338,907.6508,1196.8746,1876.2014
2020-12-08,783.1234,1273.8075,958.9869,2452.3127,2039.0218,3723.834,2489.0509,904.6265,1188.5181,1873.2735
2020-12-09,801.57,1298.2161,984.7142,2469.4617,2136.0848,3750.3745,2537.7278,908.995,1187.3786,1862.7331
2020-12-10,823.699,1314.814,995.0052,2498.4832,2175.1893,3964.74,2581.0621,904.6265,1205.6109,1891.4266
2020-12-11,828.8768,1312.5359,1018.1598,2519.5897,2125.6104,4040.2783,2567.4088,936.2145,1195.7351,1868.0033
2020-12-14,809.1974,1297.8907,976.996,2487.9299,2085.1093,3944.3242,2562.6598,949.9922,1206.7505,1905.4805
2020-12-15,824.8389,1325.5539,982.1415,2520.9088,2113.7394,4058.6525,2596.4962,944.6155,1213.9674,1923.6335
2020-12-16,834.9645,1349.9625,970.5642,2515.6322,2175.1893,4113.775,2622.6155,926.4692,1210.5488,1942.9577
2020-12-17,845.6534,1358.7497,960.9164,2524.8663,2189.1552,4191.3549,2639.2369,933.1901,1211.3085,1945.8856
2020-12-18,880.2135,1404.638,967.3483,2573.6751,2252.7001,4383.263,2735.997,938.5668,1235.9981,1998.0023
2020-12-21,930.69,1451.5026,980.2119,2614.569,2350.4614,4673.1667,2814.9486,940.583,1293.7337,2033.1372
2020-12-22,884.0336,1421.5613,960.2732,2548.6111,2256.1916,4307.7247,2788.8293,893.8731,1277.0208,1969.3088
2020-12-23,857.3479,1393.8981,961.5596,2559.1644,2272.2524,4191.3549,2735.997,894.2091,1326.0201,2008.5427
2020-12-24,878.8653,1396.5017,953.1982,2512.9939,2270.8558,4230.1448,2721.1565,899.5858,1314.2451,1997.4167
2020-12-25,908.5378,1412.7742,929.4004,2524.8663,2358.841,4340.3899,2724.1246,920.0844,1367.4226,2014.9841
2020-12-28,895.5329,1381.2056,912.0345,2441.7594,2391.6608,4187.2717,2622.6155,914.2378,1306.6483,1995.66
2020-12-29,883.2275,1377.9511,910.7481,2449.6744,2319.7364,4126.0245,2612.524,893.4229,1294.1136,1992.1465
2020-12-30,880.4149,1385.111,912.6777,2443.0786,2291.1063,4017.8209,2633.3007,897.9204,1289.5555,2026.6958
2020-12-31,878.3775,1428.0703,917.1799,2452.3127,2275.0455,4066.8188,2703.3479,900.8721,1256.5094,1983.9483
2021-01-04,903.9177,1426.4431,927.4709,2464.1851,2357.4444,4162.7728,2666.5434,920.6457,1264.1062,2019.6688
2021-01-05,917.8302,1430.9993,922.3254,2420.6529,2387.4711,4242.3943,2667.7307,935.7273,1297.1523,2060.6595
2021-01-06,928.5098,1424.4904,924.8981,2378.4399,2371.4103,4219.9369,2681.9776,940.4193,1359.8258,2103.9924
2021-01-07,932.4697,1449.8754,922.3254,2358.6525,2415.4029,4338.3483,2764.4908,987.0046,1386.0347,2180.7036
2021-01-08,926.6914,1460.2897,900.4572,2350.7376,2474.7579,4356.7225,2757.961,968.2364,1455.5454,2188.3161
2021-01-11,900.963,1415.0523,892.739,2365.2483,2488.0256,4270.9763,2646.3603,933.7164,1484.4132,2214.6673
2021-01-12,890.8802,1408.2179,903.6731,2344.1418,2422.3858,4283.2258,2648.7348,932.0407,1447.1889,2173.091
2021-01-13,869.357,1397.1526,905.6026,2292.6947,2306.4688,4221.9785,2634.4879,932.3758,1506.0641,2202.9556
2021-01-14,880.4876,1397.4781,903.0299,2233.3326,2326.7194,4307.7247,2629.1453,934.0516,1496.9479,2189.4873
2021-01-15,893.0321,1418.9577,905.6026,2241.2476,2411.9114,4299.5584,2664.7626,936.3976,1407.6856,2138.5417
2021-01-18,897.914,1429.3721,924.8981,2287.4181,2383.9796,4391.4293,2673.0733,960.8632,1443.7704,2177.7757
2021-01-19,875.3404,1395.5254,926.1845,2282.1414,2314.8484,4270.9763,2602.4324,958.5172,1438.0728,2179.5324
2021-01-20,882.8065,1402.6853,926.8277,2286.0989,2276.4421,4324.0573,2619.6474,965.5553,1420.98,2199.4421
2021-01-21,901.2815,1421.8868,950.6255,2316.4395,2309.262,4332.2236,2629.739,965.2201,1363.6242,2124.4878
2021-01-22,886.9454,1397.4781,953.8414,2344.1418,2266.666,4273.0179,2589.3728,944.1059,1343.8726,2081.7404
2021-01-25,880.8364,1406.2652,935.8323,2381.0782,2278.537,4273.0179,2627.3645,962.8741,1353.3685,2102.8213
2021-01-26,861.4046,1400.4071,934.5459,2320.397,2208.7075,4187.2717,2628.5517,968.5716,1327.1596,2061.8306
2021-01-27,866.8959,1427.0939,944.1937,2340.1844,2236.6393,4252.6021,2683.7584,962.539,1331.7177,2058.3171
2021-01-28,844.7692,1391.2946,954.4846,2361.2909,2186.3621,4023.9457,2625.5836,952.8265,1345.7717,2044.8488
2021-01-29,831.3329,1388.691,955.771,2354.6951,2108.8513,4042.3198,2605.9941,956.3729,1282.3385,1991.5609
2021-02-01,817.0004,1373.7203,936.4754,2379.7591,2094.1871,3989.2389,2577.5004,967.6768,1295.2531,2012.6418
2021-02-02,790.3571,1351.9152,939.6914,2332.2694,2046.703,3811.6218,2556.7236,952.1708,1250.0522,1973.4079
2021-02-03,798.2877,1358.7497,957.7005,2334.9077,2028.5474,3870.8275,2573.345,950.5003,1256.1296,1981.606
2021-02-04,820.3415,1381.8565,983.4279,2396.9081,2108.153,4046.403,2604.2133,954.5095,1329.4386,2045.4344
2021-02-05,824.4459,1394.549,980.8551,2420.6529,2113.0411,4101.5255,2641.6114,960.8573,1280.0595,1990.3897
2021-02-08,839.2172,1410.8215,982.7847,2428.5679,2133.9899,4197.4796,2698.5989,966.2028,1294.1136,2000.9302
2021-02-09,855.8721,1438.4847,993.0756,2461.5468,2169.603,4334.2652,2740.1524,966.2028,1318.4233,2040.7497
2021-02-10,836.6371,1433.2775,993.0756,2466.8234,2160.5251,4375.0967,2735.4034,968.2073,1359.446,2119.8031
2021-02-18,881.8771,1473.9586,1029.0939,2534.1004,2246.4154,4620.0858,2794.7655,992.9304,1393.6315,2190.6584
2021-02-19,878.8732,1472.3314,1057.394,2520.9088,2189.1552,4560.8801,2784.0803,1024.3353,1371.9807,2150.2533
2021-02-22,883.9993,1491.2074,1107.5623,2584.2284,2101.8683,4650.7094,2862.4382,1020.9944,1399.709,2194.7575
2021-02-23,864.6259,1481.4439,1107.5623,2597.4199,2041.1167,4520.0486,2848.7849,1024.3353,1430.0961,2211.1538
2021-02-24,877.7751,1502.9236,1095.985,2622.4839,2071.1434,4611.9195,2858.8765,1015.3147,1471.1188,2233.4058
2021-02-25,883.4364,1525.0541,1093.4123,2716.1441,2133.2916,4618.0442,2913.4896,1035.6945,1459.3438,2201.1989
2021-02-26,883.6034,1522.1251,1094.0555,2696.3567,2058.5741,4699.7072,2901.0235,1002.6191,1480.6148,2234.577
2021-03-01,866.1285,1509.758,1072.8304,2731.974,1958.0196,4624.1689,2873.717,1006.1583,1504.1649,2262.0993
2021-03-02,884.7538,1540.0248,1073.4736,2757.0379,2080.9195,4713.9982,2912.896,992.2782,1460.8632,2239.2617
2021-03-03,885.1279,1575.8242,1098.5577,2754.3996,2129.1019,4709.9151,2983.5368,977.8072,1474.1575,2220.5231
2021-03-04,891.1499,1578.1023,1077.3327,2739.8889,2099.0752,4795.6613,2977.6006,931.6292,1467.3204,2197.6854
2021-03-05,851.9205,1528.3086,1084.4077,2779.4636,2069.0485,4603.7532,2895.681,947.9443,1534.1722,2287.8649
2021-03-08,863.4522,1546.5337,1118.4964,2731.974,2108.153,4669.0836,2946.7323,943.6158,1533.7924,2271.4686
2021-03-09,814.1141,1494.4619,1101.1305,2655.4629,2048.7979,4211.7706,2861.251,928.6325,1513.281,2214.6673
2021-03-10,817.9285,1493.4855,1087.6236,2692.3992,2117.9291,4248.519,2860.0637,922.3062,1540.2496,2212.9105
2021-03-11,843.25,1525.3796,1119.7828,2619.8456,2155.6371,4464.926,2923.5811,936.9566,1490.1108,2171.3343
2021-03-12,824.7642,1539.0484,1125.5715,2601.3774,2101.8683,4324.0573,2965.1346,928.9655,1434.2744,2128.5868
2021-03-15,817.6223,1557.9245,1177.0261,2666.0161,2074.6348,4226.0617,3008.4689,935.2917,1399.709,2090.5241
2021-03-16,829.5343,1529.9358,1168.6648,2639.633,2147.2575,4368.972,2927.1429,927.9666,1354.8879,2060.6595
2021-03-17,838.1771,1557.2736,1166.7352,2726.6973,2238.0359,4360.8057,2958.6047,929.2984,1347.6709,2043.092
2021-03-18,842.4276,1548.8119,1141.651,2741.208,2217.087,4446.5518,2971.0708,934.2929,1377.6783,2082.326
2021-03-19,821.4597,1544.581,1128.1442,2710.8674,2231.7512,4254.6437,2983.5368,929.9643,1322.2217,2023.1823
2021-03-22,802.7602,1550.1137,1131.3601,2757.0379,2161.2234,4101.5255,3025.6839,944.9477,1365.5234,2065.3441
2021-03-23,809.2238,1534.4921,1112.7078,2746.4847,2161.9217,4244.4358,3044.0861,952.2728,1332.8572,2026.1102
2021-03-24,815.9788,1567.3625,1107.5623,2702.9525,2150.0507,4299.5584,3063.6756,947.9443,1315.7644,2000.9302
2021-03-25,821.6856,1560.528,1118.4964,2705.5908,2163.3183,4358.7641,3045.2733,950.941,1336.2758,2032.5516
2021-03-26,839.2669,1605.7655,1147.4397,2813.7617,2178.6808,4444.5103,3083.8587,962.9276,1325.2604,2023.1823
2021-03-29,865.2211,1617.8071,1131.3601,2803.2084,2298.0893,4585.379,3162.2166,965.3265,1296.7724,2000.3446
2021-03-30,855.313,1615.5289,1111.4214,2816.4,2301.5808,4485.3418,3188.9295,978.4805,1269.0441,1987.4618
2021-03-31,849.4419,1606.0909,1098.5577,2786.0594,2316.9432,4407.7619,3195.4593,961.1677,1266.0054,1986.2907
2021-04-01,856.626,1628.2214,1131.3601,2791.336,2221.9751,4507.7991,3245.3235,954.0756,1285.3773,1988.633
2021-04-02,871.6886,1680.5268,1149.7257,2794.7851,2200.2824,4530.6329,3305.6635,955.7494,1306.8598,2006.8681
2021-04-06,869.3347,1688.7007,1150.4982,2849.7963,2235.7719,4499.9055,3312.6684,958.0928,1295.7055,2000.1064
2021-04-07,874.2788,1675.8837,1143.6102,2825.2192,2212.214,4589.3823,3298.9695,968.8052,1285.589,2000.3346
2021-04-08,866.2161,1675.1636,1141.9085,2841.3129,2170.8868,4546.6827,3284.272,969.14,1283.9454,1985.4471
2021-04-09,862.82,1659.7711,1120.2765,2750.4225,2165.5033,4530.4859,3275.098,964.1185,1264.6491,1966.3116
2021-04-12,867.8844,1632.5885,1109.1327,2817.6024,2205.8794,4692.4542,3220.0544,941.3546,1259.825,1962.8325
2021-04-13,879.9115,1675.4911,1114.3768,2850.5337,2231.4509,4731.7894,3304.4546,934.9941,1260.5672,1979.6485
2021-04-14,883.6136,1675.4911,1132.7313,2853.1682,2250.966,4680.885,3313.6286,926.9598,1292.8514,2023.718
2021-04-15,887.5085,1672.5436,1143.875,2912.4445,2263.0789,4852.1087,3298.3387,926.9598,1339.6078,2055.0305
2021-04-16,897.8251,1675.4911,1155.0188,2936.1551,2341.8122,4840.5396,3310.5706,932.316,1381.169,2081.1243
2021-04-19,899.7743,1664.3561,1158.9519,2937.4723,2329.6994,4905.3269,3284.272,933.9898,1373.3763,2088.0826
2021-04-20,919.2292,1691.5386,1158.9519,2980.9416,2341.1393,5090.4336,3320.3561,934.3246,1366.6968,2082.8639
2021-04-21,918.3614,1699.0711,1132.7313,2961.1829,2302.1091,5092.7474,3353.9939,931.6465,1363.7281,2085.1833
2021-04-22,920.7269,1705.6211,1170.0957,2945.3758,2357.9626,5051.0984,3395.5825,926.625,1375.2317,2089.8222
2021-04-23,925.3208,1735.4236,1185.1725,2982.2589,2347.8686,5111.2581,3418.8231,937.6722,1411.5978,2159.4056
2021-04-26,956.1378,1759.0036,1164.8515,2999.3832,2407.7598,5296.3647,3508.7278,950.0585,1391.9304,2115.916
2021-04-27,961.1548,1772.1036,1170.0957,3050.756,2401.0304,5361.1521,3517.9017,972.1528,1368.9233,2088.0826
2021-04-28,952.8594,1754.7461,1177.9618,3070.5148,2364.692,5268.5987,3480.5944,981.5262,1381.9112,2095.6208
2021-04-29,957.494,1785.5311,1164.8515,3133.7429,2377.4777,5213.0667,3539.3076,971.4833,1420.8748,2139.6903
2021-04-30,924.7534,1765.5536,1161.5739,3191.702,2386.2259,5037.2154,3478.7596,970.479,1375.6028,2071.2666
2021-05-06,984.6052,1855.2887,1195.6608,3327.379,2573.3017,5479.1576,3629.8239,1012.994,1405.6605,2136.2112
2021-05-07,1013.7414,1859.5462,1217.2928,3357.6757,2610.3131,5675.8334,3668.966,1003.6761,1426.4411,2155.9265
2021-05-10,1074.4549,1968.9313,1225.159,3534.1875,2775.182,6136.2863,3874.4624,1029.9974,1466.518,2206.9543
2021-05-11,1061.5116,1993.1663,1209.4266,3663.2783,2728.7496,6046.0468,3999.8396,1036.0483,1447.5928,2167.5237
2021-05-12,1078.4648,2021.0038,1216.6373,3809.4932,2841.8026,6187.1906,4087.2979,1049.027,1537.3947,2221.4509
2021-05-13,1017.7164,1937.1637,1194.3497,3748.8996,2675.5877,5629.5568,3937.4568,1027.4808,1475.424,2092.7215
2021-05-14,975.9327,1847.4287,1195.0053,3622.4434,2586.7604,5428.2533,3752.1431,1017.3811,1495.8335,2063.7284
2021-05-17,980.1584,1832.6912,1195.0053,3617.1744,2647.3245,5541.6311,3638.3862,1029.1641,1478.0215,2081.7041
2021-05-18,996.8779,1837.2762,1210.7376,3692.2578,2647.9974,5749.8761,3657.3457,1053.4035,1531.0863,2157.666
2021-05-19,958.0163,1738.6986,1188.4501,3510.477,2593.4897,5518.4928,3472.6436,1048.017,1489.154,2157.666
2021-05-20,922.368,1698.4161,1153.7078,3472.2767,2399.0116,5287.1094,3397.4173,1018.7277,1502.1419,2197.6765
2021-05-21,892.0019,1674.1811,1124.8651,3369.531,2289.3233,5074.2367,3359.4983,1021.0843,1525.149,2184.9196
2021-05-24,877.2575,1628.986,1132.0757,3407.7313,2318.9324,4923.8376,3251.2458,1009.9746,1476.5372,2162.8848
2021-05-25,872.5672,1610.9735,1139.2864,3448.5661,2366.0378,4896.0716,3229.8399,1004.5881,1432.3784,2117.0757
2021-05-26,842.4755,1528.4435,1130.1092,3393.2416,2347.8686,4602.2147,3068.3785,1001.8948,1432.3784,2109.5375
2021-05-27,876.0267,1577.5685,1119.6209,3356.3585,2405.741,4842.8534,3171.7382,1016.0344,1400.0942,2076.4854
2021-05-28,886.0668,1615.5585,1127.4871,3464.3732,2423.9102,4919.2099,3258.5849,1043.3038,1472.0842,2164.0445
2021-05-31,904.228,1646.3435,1147.8081,3540.7738,2378.1507,5118.1996,3274.4864,1060.4733,1525.8912,2253.3433
2021-06-01,938.8827,1679.4211,1171.4067,3543.4083,2519.4669,5412.0564,3325.2489,1088.416,1557.8043,2253.3433
2021-06-02,933.4191,1638.156,1145.1861,3495.9872,2501.9706,5407.4288,3244.5182,1086.1927,1557.8043,2252.1835
2021-06-03,961.654,1685.9711,1151.7412,3522.3323,2528.2151,5525.4343,3357.6635,1083.545,1577.8427,2251.6037
2021-06-04,935.5947,1689.5736,1148.4636,3534.1875,2489.8578,5407.4288,3323.4141,1048.4455,1619.404,2276.5377
2021-06-07,903.8032,1624.0735,1123.554,3463.0559,2426.602,5173.7316,3212.1036,1050.2942,1604.9318,2270.1593
2021-06-08,923.4171,1638.811,1122.8985,3469.6422,2493.2225,5317.1892,3234.1211,1046.5322,1590.4595,2237.1071
2021-06-09,940.4195,1648.9635,1149.7747,3472.2767,2518.121,5437.5086,3281.8256,1072.5245,1596.7679,2237.1071
2021-06-10,940.8989,1692.5211,1149.7747,3482.8147,2510.0458,5451.3916,3331.9765,1073.8925,1577.4717,2194.7772
2021-06-11,981.9174,1742.9561,1162.2295,3581.6086,2668.1855,5770.7006,3431.0551,1121.4311,1601.9631,2192.4578
2021-06-15,969.4685,1692.5211,1154.3633,3485.4492,2631.847,5671.2058,3324.6373,1106.7249,1561.144,2151.2876
2021-06-16,958.3618,1642.086,1143.2195,3416.9521,2627.8094,5541.6311,3229.2283,1083.8106,1523.2936,2118.8153
2021-06-17,984.18,1670.5786,1125.5206,3492.0355,2704.5239,5661.9504,3284.8836,1087.2307,1535.5393,2117.0757
2021-06-18,966.5078,1657.4786,1116.9989,3456.4697,2631.1741,5567.0833,3270.2052,1088.2567,1472.8264,2093.3014
2021-06-21,924.3535,1601.1485,1099.2999,3453.8352,2607.6213,5187.6146,3161.9527,1081.7586,1498.06,2119.3952
2021-06-22,935.9475,1599.8385,1096.6779,3536.822,2649.3433,5270.9126,3151.5556,1110.1449,1509.1925,2139.6903
2021-06-23,964.6097,1615.886,1116.3434,3538.1393,2741.5353,5428.2533,3151.5556,1119.379,1519.5828,2168.1036
2021-06-24,963.9482,1615.5585,1103.233,3660.6437,2752.9752,5388.9181,3155.8367,1136.4792,1506.5949,2189.5585
2021-06-25,979.837,1659.1161,1116.9989,3743.6306,2752.3023,5483.7853,3234.1211,1145.7133,1555.9489,2208.114
2021-06-28,967.6476,1660.4261,1138.6309,3697.5268,2662.129,5534.6896,3256.7501,1138.5313,1532.1996,2230.1488
2021-06-29,939.3853,1649.291,1137.9754,3700.1613,2615.6966,5335.6999,3250.6342,1132.3752,1535.5393,2205.7946
2021-06-30,946.6546,1685.6436,1139.9419,3708.0648,2617.0424,5391.2319,3319.7445,1151.1854,1550.7537,2207.5342
2021-07-01,936.918,1685.3161,1141.9085,3664.5955,2570.6099,5395.8596,3319.7445,1132.0332,1492.8648,2107.2181
2021-07-02,950.4025,1678.1111,1141.9085,3734.4099,2614.3507,5472.2161,3313.6286,1116.661,1483.9589,2106.6382
2021-07-05,969.3207,1710.2061,1162.885,3705.4303,2652.035,5668.8919,3360.1099,1138.8883,1496.5757,2125.7736
2021-07-06,970.6851,1737.0611,1154.3633,3769.9757,2623.0988,5696.6579,3427.3855,1153.9519,1536.6526,2151.8674
2021-07-07,977.5459,1781.2736,1145.1861,3769.9757,2600.2191,5756.8176,3527.6873,1152.3649,1545.5586,2165.7841
2021-07-08,944.4299,1766.2086,1164.196,3822.6658,2463.6134,5495.3544,3516.6785,1172.1853,1506.2238,2112.4368
2021-07-09,939.6544,1777.6711,1172.0622,3810.8105,2498.6059,5381.9766,3544.2004,1186.0944,1530.7153,2119.975
2021-07-12,951.7025,1778.9811,1167.4736,3876.6731,2533.5985,5499.9821,3564.3831,1185.0512,1529.602,2125.1938
2021-07-13,967.3714,1787.4961,1166.8181,3957.0255,2637.2305,5668.8919,3588.2353,1194.4398,1512.5322,2098.5201
2021-07-14,976.4308,1827.4512,1173.3732,4045.2814,2687.0276,5643.4398,3668.966,1226.4306,1577.4717,2220.871
2021-07-15,986.043,1816.3162,1196.9718,3968.8808,2673.5689,5710.5409,3646.337,1245.5556,1603.0763,2260.3016
2021-07-16,1001.3175,1820.5737,1216.6373,4046.5986,2738.8436,5742.9346,3640.221,1285.1964,1643.1533,2302.0517
2021-07-19,994.3898,1823.5212,1226.47,4003.1293,2746.2459,5668.8919,3624.3195,1284.5009,1625.3413,2289.8746
2021-07-20,1008.0082,1834.3287,1216.6373,3983.3705,2791.3325,5705.9133,3650.0065,1273.7214,1604.1896,2284.0759
2021-07-21,993.2988,1821.2287,1198.9383,3959.66,2812.8664,5432.8809,3619.4267,1267.4623,1567.8235,2238.2669
2021-07-22,989.9492,1849.7212,1195.6608,4026.8398,2806.137,5266.2849,3637.163,1280.3282,1569.3078,2216.2321
2021-07-23,994.1443,1857.2537,1206.8045,4003.1293,2847.186,5201.4976,3650.0065,1334.9212,1598.6234,2237.1071
2021-07-26,1008.7481,1862.4937,1206.149,3913.5562,2898.3291,5259.3434,3663.4616,1351.6121,1622.0016,2240.5863
2021-07-27,993.5349,1838.2587,1187.7946,3788.4172,2873.4305,5134.3964,3605.9716,1324.4895,1614.2088,2240.5863
2021-07-28,1013.7606,1852.9962,1195.0053,3898.1286,2959.5661,5263.9711,3595.5745,1329.7054,1667.2736,2318.2878
2021-07-29,1021.1335,1884.1087,1195.6608,3930.9985,3036.2806,5157.5347,3733.1836,1373.8666,1660.5941,2307.8503
2021-07-30,1009.8604,1878.8687,1202.8714,3936.2479,3118.3787,4752.6139,3772.9374,1390.5575,1680.6326,2295.6732
2021-08-02,989.2263,1773.0861,1171.4067,3839.421,3080.6943,4877.5609,3535.0264,1348.4826,1672.8399,2274.2183
2021-08-03,971.2562,1718.3936,1156.1304,3717.9894,2993.0351,4905.4331,3429.8319,1301.5892,1657.9478,2260.5231
2021-08-04,1006.7477,1786.1861,1170.6618,3794.3958,3106.6786,4907.5278,3579.673,1314.9681,1667.3181,2261.9203
2021-08-05,994.0778,1759.6586,1181.2168,3657.9558,3107.8463,4632.8633,3506.2814,1306.4654,1654.9545,2249.0184
2021-08-06,1009.8225,1761.6236,1190.3291,3702.981,3221.5474,4656.2969,3530.1337,1320.1305,1665.9074,2270.9905
2021-08-09,1004.2057,1745.5761,1184.9369,3771.201,3324.8538,4435.1878,3514.2322,1265.6556,1670.8327,2279.1386
2021-08-10,1027.2638,1780.6186,1199.0914,3913.0986,3308.0024,4437.7891,3581.5077,1279.4512,1702.6581,2296.0168
2021-08-11,1043.1689,1803.5436,1218.6381,3904.9122,3384.9327,4534.0366,3609.0296,1269.9004,1712.5088,2272.7365
2021-08-12,1018.9307,1763.5886,1218.6381,3713.8962,3344.6358,4359.7506,3533.1916,1290.7707,1715.9187,2275.6466
2021-08-13,1025.3298,1775.6132,1221.3342,3716.625,3335.922,4377.9596,3525.8525,1272.0228,1715.9187,2265.1705
2021-08-16,1024.4856,1735.6154,1224.0304,3748.0062,3373.5466,4424.7827,3487.9335,1266.7168,1698.4905,2226.758
2021-08-17,1040.2472,1740.2433,1245.5992,3767.1078,3472.1196,4338.9404,3502.0002,1282.6348,1714.0243,2293.6888
2021-08-18,1023.3664,1677.1129,1228.7485,3731.6334,3430.7296,4229.6865,3407.2028,1264.2407,1728.8004,2313.477
2021-08-19,1041.808,1635.7068,1232.1187,3648.405,3573.7093,3966.9569,3363.7795,1230.6361,1742.8187,2319.8791
2021-08-20,1024.572,1662.7675,1231.4446,3645.6762,3497.1409,4044.9954,3401.2607,1233.8197,1761.7624,2314.641
2021-08-23,1053.6829,1663.4196,1230.7706,3782.1162,3783.1002,3938.3427,3412.6682,1238.7719,1826.5498,2363.5296
2021-08-24,1055.624,1706.7819,1243.5771,3739.8198,3851.8554,4253.098,3489.814,1242.3093,1797.7554,2263.4244
2021-08-25,1074.6286,1707.108,1252.3394,3704.3454,4045.6201,4175.0595,3467.8364,1253.9825,1837.1582,2279.7206
2021-08-26,1055.6134,1665.3758,1238.8589,3562.4478,3963.5827,4245.2942,3363.8449,1242.663,1872.7724,2275.6466
2021-08-27,1049.0152,1702.5435,1232.1187,3602.0154,3942.4873,4370.1557,3421.7564,1241.2481,1901.5668,2304.1649
2021-08-30,1047.9921,1745.5798,1253.6875,3651.1338,3898.734,4344.1429,3510.1803,1282.2811,1988.7077,2426.3863
2021-08-31,1015.3602,1730.5823,1242.9031,3548.8038,3844.0423,4203.6736,3464.7229,1305.6274,1989.0866,2518.3434
2021-09-01,1007.6729,1709.0642,1238.8589,3567.9054,3924.5172,3979.9633,3419.8883,1242.3093,2013.3345,2529.9836
2021-09-02,1053.8122,1719.1712,1260.4277,3573.363,4170.6297,4024.1851,3469.0818,1259.6943,2049.7064,2552.6818
2021-09-03,1044.6041,1763.1856,1269.8641,3750.735,4086.2482,4089.2172,3601.7177,1322.1604,1973.9316,2540.4597
2021-09-06,1047.2669,1784.3778,1275.2563,3671.5998,4340.9551,3761.4555,3625.3805,1384.9533,1986.8133,2527.6555
2021-09-07,1128.3181,1791.2244,1306.9355,3704.3454,4543.3142,3969.5581,3624.7578,1371.6142,2021.6697,2560.8299
2021-09-08,1094.8395,1777.5311,1325.1342,3547.4394,4461.2768,3886.3171,3596.7361,1367.2975,2032.2782,2549.7718
2021-09-09,1130.9446,1852.5186,1332.5485,3465.5755,4765.2061,3797.8734,3669.5924,1379.1683,2135.7107,2597.4963
2021-09-10,1055.6469,1838.8252,1336.5926,3498.3211,4416.7421,3810.8799,3647.7978,1381.6863,2103.8853,2566.068
2021-09-13,1017.7024,1839.4773,1323.7861,3312.7627,4319.0784,3673.0119,3614.7945,1358.3045,2161.853,2658.6071
2021-09-14,994.6646,1790.5724,1302.8913,3243.1783,4222.9774,3699.0247,3542.5609,1343.1963,2170.9459,2741.834
2021-09-15,1039.2123,1799.0492,1342.6588,3207.7039,4287.0448,3602.7772,3545.6744,1400.0321,2283.4714,2878.6056
2021-09-16,1004.8676,1806.548,1358.1614,3151.7635,4193.2876,3488.3208,3576.1869,1461.5443,2273.9995,2904.2139
2021-09-17,983.2197,1786.0079,1324.4602,3221.3479,4208.1325,3272.4142,3535.0884,1545.3592,2309.2348,2907.124
2021-09-22,1038.7091,1844.0418,1393.2108,3260.9155,4575.3479,3477.9156,3587.3955,1546.0786,2471.7716,3131.1966
2021-09-23,1070.2023,1827.4141,1433.6523,3202.2463,4690.9817,3470.1118,3494.6127,1519.0996,2736.2254,3462.3584
2021-09-24,1014.7418,1782.7476,1424.2159,3063.0775,4375.3327,3561.1567,3431.7196,1430.2486,2688.1084,3109.0803
2021-09-27,1029.4721,1814.0467,1522.6237,3072.6283,4459.7141,3657.4042,3482.1586,1424.1334,2797.224,3390.7716
2021-09-28,1071.3942,1836.869,1568.4574,3124.4755,4675.3555,3527.34,3531.3522,1441.7597,3006.3623,3639.2885
2021-09-29,1068.7142,1844.3678,1582.6119,3043.9759,4706.6079,3610.5811,3547.5425,1416.5792,3018.8651,3476.9086
2021-09-30,1113.0057,1860.3434,1639.2301,3058.9843,5141.7973,3753.6516,3557.5058,1420.8959,3224.9724,3698.6532
2021-10-08,1089.8403,1874.6888,1641.9262,3165.4075,4933.1876,3966.9569,3619.7761,1477.7317,3094.261,3638.1245
2021-10-11,1164.5365,1893.5988,1762.5767,3312.7627,5326.9676,4149.0467,3632.2302,1442.2554,3368.1866,3751.0338
2021-10-12,1166.1263,1813.3947,1781.4495,3221.3479,5415.2555,4003.3748,3502.0851,1436.8297,3289.3809,3590.3999
2021-10-13,1158.0154,1767.424,1647.9924,3341.4151,5430.1004,3803.076,3498.9716,1438.2359,2960.8974,3259.2381
2021-10-14,1159.0266,1781.7695,1579.2418,3282.7459,5424.6313,3829.0888,3528.2387,1444.1607,3063.9511,3383.2055
2021-10-15,1207.6277,1798.0711,1549.5847,3229.5343,5647.3044,3764.0568,3574.3188,1496.3192,3027.5792,3450.7183
2021-10-18,1258.3269,1767.7501,1596.0924,3136.7551,6011.3946,3699.0247,3535.7111,1491.1403,2976.0524,3469.3425
2021-10-19,1241.5004,1808.1781,1598.7885,3262.2799,5827.0056,3678.2144,3571.8279,1473.0143,3195.7991,3596.802
2021-10-20,1129.0767,1729.2782,1488.2484,3146.3059,5377.7527,3693.8221,3456.0051,1452.2989,2832.0804,3265.6401
2021-10-21,1017.6143,1622.3394,1395.9069,2968.9339,4858.1819,3384.2694,3280.4027,1474.494,2740.7719,3255.164
2021-10-22,954.662,1597.5609,1378.3822,2813.3924,4492.5291,3587.1695,3305.3108,1473.3842,2671.8169,3067.7578
2021-10-25,974.9838,1573.1085,1374.338,2735.6216,4641.7592,3581.9669,3225.6047,1457.8477,2455.1011,2908.87
2021-10-26,980.4149,1603.1035,1317.7199,2764.274,4610.5069,3717.2337,3260.4761,1499.6484,2386.1461,2960.0866
2021-10-27,899.4032,1517.6829,1227.4005,2668.766,4224.54,3678.2144,3133.4446,1452.2989,2116.0092,2695.2735
2021-10-28,835.392,1536.2668,1286.7147,2555.5208,3911.2349,3555.9541,3152.7484,1427.5144,2156.1698,2840.1932
2021-10-29,784.3748,1514.7486,1229.4226,2466.8348,3544.0195,3316.6361,3115.3862,1411.6079,2133.4374,2851.8333
2021-11-01,754.4152,1470.0821,1219.7166,2380.8776,3382.2885,3217.7873,3005.1677,1395.3315,2079.6374,2823.897
2021-11-02,752.3493,1379.1189,1169.1647,2219.8785,3445.5745,2942.0513,2865.0593,1380.1903,1925.8147,2680.7233
2021-11-03,785.8978,1429.654,1199.9002,2359.0472,3870.6068,3066.9129,2977.7687,1373.104,2005.3781,2720.2998
2021-11-04,760.8678,1377.8148,1103.7842,2299.0136,3715.9076,3030.4949,2873.1545,1333.4368,1898.5358,2637.0728
2021-11-05,754.1901,1384.6615,1128.5883,2327.666,3734.659,2916.0384,2845.1328,1330.6533,1808.7427,2507.8673
2021-11-08,755.9702,1405.8536,1147.8655,2303.1068,3719.0328,2968.0641,2842.0193,1332.9548,1800.4075,2511.3593
2021-11-09,734.3434,1387.9218,1166.6034,2311.2932,3609.6495,2918.6397,2803.4117,1321.0637,1795.4821,2543.3697
2021-11-10,712.7247,1384.3355,1193.4296,2198.0481,3501.0475,2791.1769,2779.1262,1344.8459,1706.8257,2499.1372
2021-11-11,753.9675,1448.5639,1226.0524,2333.1236,3684.6552,2968.0641,2924.2162,1330.6533,1790.1779,2555.0098
2021-11-12,714.3823,1385.3136,1172.8044,2338.5812,3436.9801,2843.2025,2831.4333,1311.4741,1714.7821,2517.7614
2021-11-15,680.983,1349.1239,1151.9096,2307.2,3060.389,2804.1833,2760.4451,1313.7756,1655.6778,2361.2016
2021-11-16,672.6574,1345.8636,1126.8359,2327.666,2927.5664,2811.9871,2721.8375,1335.2563,1634.8397,2362.9476
2021-11-17,675.9806,1374.5545,1121.0393,2278.5476,2968.9758,2801.582,2771.0311,1341.7772,1623.0946,2341.9954
2021-11-18,654.2119,1359.2309,1131.2844,2278.5476,2883.813,2661.1127,2698.1748,1300.7337,1542.7734,2275.6466
2021-11-19,676.1785,1403.3631,1207.9885,2348.132,2899.4392,2788.5756,2779.1262,1326.4339,1575.7354,2293.1068
2021-11-22,682.0275,1404.8981,1193.6992,2361.776,2899.4392,2903.032,2743.0094,1329.5025,1608.3186,2305.9109
2021-11-23,693.2744,1415.7896,1187.3634,2329.0304,2998.6655,3053.9065,2754.2181,1349.0653,1710.2356,2439.1905
2021-11-24,736.265,1493.9379,1219.9862,2420.4452,3358.0679,3207.3822,2863.8139,1392.0267,1777.2962,2479.349
2021-11-25,733.298,1499.5767,1222.5475,2447.7332,3403.3838,3181.3693,2867.5502,1375.5326,1777.2962,2474.6929
2021-11-26,695.5614,1446.3603,1164.8509,2449.0976,3140.8638,2994.0769,2828.3198,1330.6533,1641.6595,2304.7469
2021-11-29,701.1512,1460.8098,1183.0496,2524.1396,3200.2434,3196.977,2822.7155,1317.2278,1679.5468,2397.286
2021-11-30,704.6492,1467.1535,1153.2577,2485.9364,3297.907,3170.9642,2856.9642,1296.8979,1634.082,2424.6403
2021-12-01,723.326,1517.5505,1169.7039,2610.0968,3298.6883,3246.4014,2939.1611,1308.4054,1709.4778,2463.0528
2021-12-02,710.4448,1511.2068,1123.9729,2630.0187,3194.0707,3125.5639,2930.9534,1290.1205,1630.6636,2394.7421
2021-12-03,722.2429,1545.0398,1137.7743,2651.6757,3296.8283,3120.2677,2979.3143,1293.3812,1656.9514,2407.7783
2021-12-06,715.0884,1536.2291,1153.2032,2624.9089,3223.974,3117.9389,2954.3695,1275.3571,1645.1484,2360.9071
2021-12-07,736.6673,1568.3,1156.7447,2579.5577,3375.3602,3350.5454,3007.7142,1280.4742,1642.9605,2349.5169
2021-12-08,724.174,1533.0573,1123.1073,2480.0293,3401.0064,3345.465,2938.9145,1261.5509,1579.9132,2320.4747
2021-12-09,717.4248,1512.969,1122.9712,2482.7561,3381.9786,3264.178,2883.7449,1240.2623,1580.6594,2345.451
2021-12-10,714.6421,1523.1893,1122.2902,2425.4932,3200.8012,3248.9367,2883.7449,1241.0507,1583.2708,2350.0978
2021-12-13,731.1024,1555.965,1128.5547,2493.6633,3366.26,3396.2693,2943.4579,1260.3682,1582.5247,2369.2657
2021-12-14,726.963,1544.335,1128.208,2504.5705,3333.9955,3304.8215,2953.1937,1254.0605,1584.8383,2369.2657
2021-12-15,734.2574,1565.1281,1102.771,2430.9468,3368.7419,3297.2009,2991.4878,1269.8299,1562.2949,2300.9671
2021-12-16,754.209,1596.1417,1112.2285,2465.0319,3539.9918,3419.1312,3062.8837,1270.6183,1571.4109,2293.789
2021-12-17,753.5394,1587.6835,1140.925,2488.2097,3587.1475,3436.9128,3037.5706,1261.1567,1580.6744,2299.3469
2021-12-20,746.6183,1577.1107,1133.1254,2428.22,3597.0751,3421.6715,3002.5217,1260.3682,1601.9944,2396.5024
2021-12-21,754.6879,1576.4058,1152.5559,2490.9365,3686.4228,3566.4638,2984.9973,1269.0414,1602.7425,2413.8516
2021-12-22,748.3046,1564.0709,1143.7985,2448.671,3671.5316,3523.2801,2958.3861,1281.2627,1532.0498,2340.985
2021-12-23,754.8955,1578.5204,1163.229,2458.2149,3722.8238,3518.1997,2975.2615,1310.8303,1544.3929,2323.0575
2021-12-24,772.1076,1592.6175,1161.587,2387.3179,3850.2271,3624.8888,2996.0312,1330.9362,1579.5523,2410.9601
2021-12-27,728.2786,1517.9029,1127.3784,2422.7664,3622.7212,3469.9356,2864.2733,1318.3207,1579.1782,2381.4665
2021-12-28,723.6204,1522.1321,1162.5448,2381.8643,3583.8384,3421.6715,2883.0959,1332.9074,1579.9263,2373.3702
2021-12-29,721.8804,1520.7224,1160.9028,2398.2251,3616.9301,3368.3269,2892.1826,1331.7247,1632.6653,2445.6585
2021-12-30,719.3581,1509.0923,1161.9975,2365.5035,3630.1668,3401.3497,2862.9752,1356.5615,1587.407,2396.5024
2021-12-31,723.8961,1520.7224,1138.5988,2324.6014,3687.2501,3454.6943,2862.9752,1350.2537,1554.4919,2364.6956
2022-01-04,740.4631,1548.9165,1173.7652,2321.8746,3866.773,3500.4182,2920.0919,1358.5327,1545.8891,2325.949
2022-01-05,755.6805,1566.1854,1152.8296,2362.7767,3894.901,3525.8203,2964.8766,1350.0609,1545.515,2328.8406
2022-01-06,766.6013,1583.8068,1152.9664,2462.3051,3861.8092,3642.6703,3010.3104,1332.998,1566.087,2388.4061
2022-01-07,765.3204,1595.0844,1161.587,2527.7484,3768.325,3652.8312,3035.6235,1337.0067,1594.5137,2408.6469
2022-01-10,760.9377,1583.1019,1130.5256,2582.2845,3781.5617,3553.7627,3006.4161,1366.2178,1617.7039,2449.7066
2022-01-11,769.0073,1617.2873,1143.9353,2621.8232,3797.2803,3675.6931,3062.8837,1388.6806,1615.4597,2438.7188
2022-01-12,777.0303,1632.4417,1164.05,2677.7227,3889.1099,3746.8192,3083.6534,1423.9792,1635.6576,2452.0199
2022-01-13,769.8015,1632.7941,1163.229,2647.7278,3812.9989,3688.3942,3075.8648,1393.8951,1691.3889,2473.4172
2022-01-14,769.0003,1643.7194,1200.8584,2819.5165,3804.7259,3668.0725,3097.2836,1418.3635,1727.6704,2482.6701
2022-01-17,743.5096,1604.6,1173.3547,2819.5165,3635.1306,3581.7051,3027.8348,1383.466,1665.9545,2351.3945
2022-01-18,753.5021,1620.8116,1185.1225,2842.6944,3825.4083,3632.5094,3056.3932,1432.4027,1697.7475,2375.1051
2022-01-19,764.9121,1660.9883,1192.5115,2905.4109,3734.4059,3734.1181,3125.1929,1421.5725,1698.4956,2397.6591
2022-01-20,769.5285,1660.9883,1210.7105,2898.5939,3825.4083,3769.6811,3125.1929,1505.8079,1717.9455,2396.5024
2022-01-21,762.8489,1660.2834,1211.8052,2985.8517,3650.8492,3838.2669,3129.7362,1484.1473,1686.5265,2327.684
2022-01-24,755.6724,1644.0718,1187.175,2910.8645,3583.8384,3759.5202,3097.9326,1423.1769,1662.5882,2343.8765
2022-01-25,766.5894,1664.1601,1189.9117,2889.0501,3658.2948,3894.1517,3144.0154,1370.229,1624.0625,2327.684
2022-01-26,766.2146,1654.2922,1207.5633,2910.8645,3646.7127,3942.4158,3118.7023,1385.0705,1628.1769,2317.2744
2022-01-27,760.9677,1646.8912,1210.3,3024.0269,3769.1523,3906.8528,3112.2118,1381.8615,1622.9404,2323.6358
2022-01-28,790.6042,1701.8698,1195.6587,3054.0218,3774.9433,4211.6788,3209.5698,1399.1097,1691.763,2415.5866
2022-02-07,790.6033,1708.2135,1268.0441,3194.4523,3824.581,4150.7136,3232.2867,1434.0072,1745.9981,2440.4537
2022-02-08,814.6667,1731.1212,1265.0338,3168.5476,4086.8332,4171.0353,3284.86,1452.2375,1745.9981,2439.8754
2022-02-09,787.6646,1706.8038,1249.0241,3100.3775,3838.645,3967.818,3232.2867,1461.3271,1699.9917,2405.7553
2022-02-10,807.8491,1746.2756,1277.8962,3216.2667,3874.2186,4173.5755,3290.0525,1474.4468,1731.4107,2409.8035
2022-02-11,799.7652,1728.6543,1241.0877,2957.2202,3891.5918,4089.7484,3266.6865,1468.564,1680.9159,2329.9972
2022-02-14,794.6408,1697.6407,1221.5204,3058.112,4013.204,3944.956,3198.5359,1505.2781,1681.29,2327.684
2022-02-15,770.7562,1666.2747,1192.5115,2969.4908,3993.349,3551.2225,3143.3664,1504.0678,1668.1987,2340.4067
2022-02-16,793.8373,1702.9271,1200.1743,2974.9444,4033.0591,3657.9116,3205.6755,1541.9922,1710.8388,2362.3824
2022-02-17,779.3473,1651.4728,1160.0818,2829.0604,4034.7137,3477.5562,3130.3853,1501.647,1708.5946,2339.8284
2022-02-18,807.3648,1684.2485,1183.6173,2799.0655,4232.437,3480.0964,3184.9058,1512.1368,1784.8978,2404.0204
2022-02-21,826.5153,1707.5086,1174.9967,2799.0655,4378.8681,3591.866,3218.6566,1513.7506,1780.0354,2441.032
2022-02-22,806.2581,1668.3892,1164.4605,2733.6222,4290.3476,3477.5562,3147.9097,1515.7679,1734.403,2423.6828
2022-02-23,826.8896,1686.7155,1168.976,2758.1634,4437.606,3556.3029,3191.3963,1472.1951,1752.7308,2446.8151
2022-02-24,804.0922,1634.2038,1172.1232,2685.9031,4359.8403,3571.5442,3118.0533,1482.2814,1743.3799,2430.0442
2022-02-25,771.5536,1627.1553,1163.229,2578.1943,4155.4986,3457.2345,3112.8608,1440.3224,1642.0162,2346.1898
2022-02-28,796.9304,1653.9397,1167.7445,2586.3747,4325.9212,3584.2453,3214.1132,1413.2911,1686.9005,2427.731
2022-03-01,828.1385,1704.6892,1185.3962,2635.4572,4507.0987,3746.8192,3296.543,1416.5187,1742.6318,2459.5379
2022-03-02,837.123,1712.795,1220.8363,2624.55,4596.4464,3835.7267,3334.8372,1420.0738,1749.3644,2450.8633
2022-03-03,859.6558,1719.8436,1235.2039,2604.0989,4769.3509,4051.6451,3406.8821,1491.4434,1749.3644,2460.6945
2022-03-04,863.6406,1727.2446,1222.0678,2639.5474,4746.1867,4127.8516,3381.569,1512.071,1721.3118,2456.6463
2022-03-07,912.4002,1795.263,1255.5922,2688.6299,5188.7891,4419.9765,3491.9081,1660.2947,1848.4839,2506.3807
2022-03-08,888.4233,1746.628,1257.5079,2640.9108,5058.0766,4290.4255,3388.0595,1785.6076,1881.399,2519.6817
2022-03-09,883.5306,1729.3591,1262.5707,2560.4701,5139.1514,4127.8516,3323.8032,1696.3881,1853.7204,2521.995
2022-03-10,881.8472,1725.4824,1245.1928,2733.6222,5096.1321,4102.4495,3314.7165,1575.9417,1854.0944,2564.7897
2022-03-11,875.9027,1732.8834,1252.8555,2732.2588,5026.6394,4176.1157,3334.1881,1556.0701,1873.1702,2571.151
2022-03-14,824.2854,1654.6446,1228.2253,2594.5551,4630.3655,3858.5887,3212.8151,1564.1809,1816.6908,2554.9584
2022-03-15,820.1163,1675.0854,1198.3954,2570.0139,4593.9646,3840.8072,3201.1321,1601.0854,1743.0058,2504.0675
2022-03-16,851.2882,1728.3018,1227.1306,2628.6402,4826.4342,4084.6679,3297.192,1675.7054,1767.6922,2572.8859
2022-03-17,847.5766,1727.597,1237.2564,2618.0,4790.0333,4115.1505,3280.3167,1601.0854,1745.6241,2544.5489
2022-03-18,873.5157,1745.5708,1241.6351,2620.083,5048.1491,4234.5407,3328.9957,1614.8739,1746.3722,2534.7177
2022-03-21,864.1555,1734.9979,1219.3311,2545.6666,4995.2022,4229.4603,3330.9428,1599.8688,1714.9532,2521.995
2022-03-22,849.7581,1733.2358,1237.6669,2549.9388,4834.7072,4059.2658,3351.0635,1600.2743,1749.3644,2502.9108
2022-03-23,857.0704,1756.1436,1233.1513,2596.2532,4864.4898,4178.6559,3367.9389,1648.9395,1746.3722,2471.104
2022-03-24,860.2305,1742.7513,1238.0774,2613.4557,4959.6286,4155.794,3357.554,1753.1642,1747.1202,2476.8871
2022-03-25,887.5793,1766.7164,1252.3082,2759.0152,5139.1514,4348.8504,3428.3009,1710.5821,1821.5533,2526.0431
2022-03-28,896.4387,1782.5756,1265.4443,2720.6404,5130.0512,4465.7004,3442.58,1642.4508,1854.0944,2534.7177
2022-03-29,909.3962,1777.4934,1271.3281,2737.8429,5283.9279,4465.7004,3410.7764,1644.073,1849.606,2547.4405
2022-03-30,916.7617,1783.5738,1275.1595,2811.946,5248.3542,4636.2653,3416.6179,1681.383,1843.6214,2506.3807
2022-03-31,918.8854,1793.9673,1264.6233,2793.4202,5271.5185,4644.9747,3410.1274,1637.1788,1867.1857,2501.7542
2022-04-01,931.5287,1828.876,1293.6321,2805.3296,5367.4846,4784.8002,3469.1912,1644.8841,1923.665,2498.8627
2022-04-06,933.6976,1815.0531,1270.3146,2698.1449,5338.0625,4797.0475,3442.2881,1688.8716,1943.7907,2564.6228
2022-04-07,921.7736,1796.977,1266.1005,2665.0631,5242.1916,4659.841,3420.9341,1652.0714,1947.9131,2492.2126
2022-04-08,920.8462,1778.9009,1254.4169,2699.4681,5259.4873,4755.6267,3400.7187,1624.6727,2009.6947,2546.6853
2022-04-11,884.092,1725.0271,1239.8072,2682.2656,5138.168,4496.7466,3301.1393,1570.4072,1920.8059,2487.1712
2022-04-12,925.0767,1784.5719,1263.8837,2745.7825,5478.6111,4789.2811,3394.1845,1591.1615,1955.4218,2498.1178
2022-04-13,901.7277,1742.0399,1247.6047,2671.6795,5406.5596,4576.9994,3332.5912,1611.5088,1944.8865,2489.4758
2022-04-14,929.194,1773.5844,1251.9823,2673.0028,5601.9991,4667.6074,3381.0796,1611.1019,1965.2045,2507.9121
2022-04-15,937.5212,1789.5339,1241.8591,2635.9512,5677.6532,4740.0939,3405.979,1611.1019,2055.8831,2544.2085
2022-04-18,934.9635,1794.496,1256.7702,2687.5587,5686.6596,4773.7483,3398.116,1586.6851,2057.882,2581.3661
2022-04-19,901.6369,1776.0655,1239.8072,2753.7221,5430.877,4592.5322,3383.7006,1648.9479,2007.8893,2554.3833
2022-04-20,909.9441,1809.7366,1256.2666,2733.8731,5418.268,4649.4858,3422.3602,1618.02,2032.1803,2560.4592
2022-04-21,911.864,1792.7238,1245.0128,2737.8429,5517.3387,4680.5514,3375.8376,1624.1242,2032.2556,2552.792
2022-04-22,890.0304,1759.4071,1217.3232,2667.7097,5404.7583,4561.4666,3324.7283,1630.2284,2009.384,2546.5057
2022-04-25,834.8412,1693.4825,1175.9146,2481.1288,5151.6777,4113.6041,3203.5074,1554.9432,1866.9896,2420.7806
2022-04-26,840.7463,1711.5586,1184.4919,2426.8748,5243.5433,4188.6793,3215.3018,1564.71,1882.4833,2429.3527
2022-04-27,840.0346,1723.9638,1199.5713,2432.1679,5113.8507,4279.2874,3242.167,1591.1615,1838.9534,2434.496
2022-04-28,841.6295,1719.0017,1193.6225,2471.8659,5121.0558,4408.7274,3243.4775,1583.0226,1837.8467,2442.4967
2022-04-29,848.532,1740.2677,1191.8241,2490.3917,5138.168,4501.9242,3273.6189,1575.6975,1837.8467,2439.0679
2022-05-05,846.7379,1744.8753,1205.105,2494.3615,5005.7735,4512.2794,3286.0686,1587.092,1798.3747,2449.3545
2022-05-06,811.4198,1677.8874,1201.2314,2454.6634,4908.5041,4271.521,3164.8477,1526.7323,1704.3058,2396.7785
2022-05-09,796.9818,1649.5328,1187.5354,2414.9654,4776.1096,4175.7353,3111.1174,1572.5926,1686.5988,2364.7757
2022-05-10,781.7849,1632.8744,1175.2229,2369.9742,4701.3562,4033.3513,3078.355,1532.1536,1610.237,2314.4857
2022-05-11,798.6453,1659.1025,1195.9744,2401.7327,4796.8243,4250.8106,3128.8091,1548.9664,1626.8374,2331.0585
2022-05-12,781.3361,1634.6466,1189.8873,2344.8321,4581.5707,4121.3705,3099.3229,1532.7818,1586.9965,2301.3417
2022-05-13,793.6729,1655.2037,1195.006,2352.7717,4636.5099,4261.1658,3123.5671,1527.8704,1604.7035,2328.2011
2022-05-16,804.2723,1658.3936,1199.848,2391.1465,4863.4719,4320.7082,3128.1539,1550.3812,1630.8953,2365.9187
2022-05-17,800.4543,1648.115,1191.2707,2369.9742,4884.1867,4292.2314,3125.5329,1524.5961,1653.0291,2394.4926
2022-05-18,773.7421,1606.2919,1170.796,2336.8925,4658.1253,4095.4825,3063.9396,1493.0809,1604.3346,2365.9187
2022-05-19,785.3649,1622.9503,1176.053,2393.7931,4712.1639,4235.2777,3089.4942,1506.1781,1618.7216,2353.9176
2022-05-20,802.4959,1643.8618,1166.9224,2403.0559,4809.4333,4362.129,3125.5329,1536.0561,1626.8374,2362.4898
2022-05-23,800.3394,1631.8111,1159.3135,2343.5089,4623.9009,4470.8586,3099.9782,1506.1781,1617.9838,2402.4933
2022-05-24,778.7924,1583.6082,1151.843,2317.0435,4464.4871,4299.9978,3020.0379,1494.7181,1626.0996,2404.7792
2022-05-25,791.7238,1609.4818,1138.8387,2350.1252,4488.8045,4411.3162,3061.9738,1502.0852,1632.7397,2411.6369
2022-05-26,781.2007,1596.7222,1137.8703,2330.2762,4453.6794,4318.1194,3035.1086,1484.0766,1608.0236,2352.7747
2022-05-27,797.8763,1621.887,1130.9532,2313.0737,4609.4906,4470.8586,3078.355,1497.9924,1648.9712,2410.494
2022-05-30,810.7462,1637.8365,1160.5586,2331.5994,4763.5006,4545.9338,3101.2887,1526.2332,1681.8031,2426.4953
2022-05-31,822.7286,1660.1658,1164.9856,2348.8019,4854.4655,4621.009,3137.9826,1497.1738,1696.1901,2419.6376
2022-06-01,836.0233,1670.0899,1164.1555,2355.4183,5007.5748,4688.3179,3155.6743,1500.4481,1723.1196,2409.9225
2022-06-02,852.5742,1697.0268,1176.053,2355.4183,5067.0172,4843.6459,3196.9549,1514.5747,1731.9731,2437.3534
2022-06-06,849.7,1683.5584,1207.4568,2380.5604,5180.4982,4789.2811,3174.6765,1514.6546,1735.6621,2432.2101
2022-06-07,848.2465,1672.5709,1207.7335,2421.5817,5145.3732,4807.4027,3151.7428,1512.3495,1759.2715,2452.2119
2022-06-08,859.3372,1699.5079,1216.3108,2437.4609,5303.8863,4797.0475,3189.7472,1541.1145,1826.4109,2463.0699
2022-06-09,851.2847,1698.0901,1191.9624,2360.7113,5174.1937,4786.6923,3193.0234,1526.1804,1800.588,2473.928
2022-06-10,850.269,1698.799,1186.0137,2334.246,5157.9822,4734.9163,3197.6101,1537.381,1802.8014,2469.9277
2022-06-13,841.2426,1662.6468,1159.0368,2332.9227,5168.7899,4677.9626,3132.0853,1476.815,1731.6042,2383.063
2022-06-14,830.8307,1636.4187,1139.1154,2232.3543,5121.0558,4667.6074,3077.6998,1462.2957,1682.172,2371.6335
2022-06-15,803.3673,1611.6084,1130.6765,2235.0008,4811.2346,4488.9802,3048.8689,1446.532,1637.1665,2355.0606
2022-06-16,795.8625,1597.0766,1107.7116,2232.3543,4699.5549,4491.569,3020.0379,1451.51,1627.2063,2329.9156
2022-06-17,766.6399,1543.2028,1099.6877,2252.2033,4641.0131,4253.3994,2917.8193,1433.6721,1597.3256,2296.7699
2022-06-20,713.4195,1470.5439,1072.2958,2266.7593,4182.5859,3862.4905,2765.1465,1441.1391,1533.5064,2237.3361
2022-06-21,721.5766,1497.1264,1058.3232,2187.3631,4212.3071,3878.0233,2811.6691,1454.8287,1530.5552,2246.4798
2022-06-22,701.6011,1463.1008,1021.1089,2146.3418,4127.6466,3673.508,2748.7653,1432.8424,1509.1591,2205.3334
2022-06-23,725.6265,1501.0252,1043.5205,2192.6562,4302.3714,3880.6121,2807.7376,1458.1474,1547.5245,2217.3344
2022-06-24,711.4828,1484.7213,1006.5829,2174.1305,4121.3421,3810.7145,2785.4592,1394.6775,1532.0308,2199.6186
2022-06-27,735.0205,1514.8481,1005.0612,2176.777,4308.6759,4012.6409,2843.121,1380.1583,1571.5028,2275.0537
2022-06-28,754.9387,1541.4306,1026.9193,2191.333,4531.1347,4188.6793,2882.4359,1394.6775,1594.3744,2275.6252
2022-06-29,750.9208,1545.3294,1012.3933,2201.9191,4486.1025,4160.2025,2871.2967,1378.9138,1581.0941,2280.7685
2022-06-30,744.1559,1551.7092,1016.1286,2175.4537,4221.3135,4095.4825,2890.9541,1399.2407,1545.3111,2255.052
2022-07-01,721.1933,1511.6582,991.9186,2138.4022,4107.8325,3870.2569,2824.774,1358.5868,1519.8571,2255.6234
2022-07-04,700.9794,1477.2782,967.8469,2111.9368,3976.3386,3725.284,2742.868,1354.1476,1460.8336,2200.1901
2022-07-05,713.8801,1502.0885,943.4986,2105.3205,4074.5087,3844.3689,2792.6669,1374.3627,1447.9222,2200.7616
2022-07-06,714.7399,1504.5695,943.3602,2097.3809,4099.7267,3867.6681,2776.9409,1372.6146,1481.8607,2236.1932
2022-07-07,713.5074,1491.8099,926.6207,2065.6224,4097.9254,3916.8553,2753.352,1377.7208,1466.367,2211.6196
2022-07-08,708.882,1487.2023,900.889,2039.1571,3973.6367,3911.6777,2755.973,1387.5525,1478.1717,2228.1925
2022-07-11,691.3937,1435.1006,910.573,2024.6011,3950.22,3836.6025,2653.0991,1382.8504,1465.2603,2211.0482
2022-07-12,667.6445,1385.8344,868.5167,2041.8036,3785.4023,3660.564,2565.9511,1372.5912,1446.4466,2145.3282
2022-07-13,671.6149,1385.8344,860.9079,2062.9759,3815.1235,3790.004,2566.6063,1384.9877,1411.0324,2102.4674
2022-07-14,652.741,1358.543,860.9079,2021.9546,3761.9856,3601.0216,2484.7003,1369.599,1373.7738,2083.6086
2022-07-15,612.9435,1272.0613,831.0258,2021.9546,3538.6261,3339.5527,2343.1668,1322.5778,1327.2927,1996.7439
2022-07-18,646.4807,1339.758,875.4339,2047.0967,3774.5946,3515.5912,2480.1136,1345.2334,1376.3561,2038.4618
2022-07-19,633.9264,1337.6314,874.7421,1975.6402,3556.639,3399.0952,2460.4562,1342.6686,1374.1427,2021.889
2022-07-20,641.2848,1357.4797,891.62,1949.1748,3462.9721,3445.6936,2503.7025,1353.3553,1419.5171,2053.8917
2022-07-21,637.7818,1357.8341,873.9121,1881.6881,3354.895,3401.684,2496.4948,1342.2412,1391.112,2035.6044
2022-07-22,646.84,1369.176,894.5252,1860.5158,3466.5747,3525.9464,2503.7025,1331.982,1405.8679,2064.1783
2022-07-25,654.1418,1367.7583,895.6319,1908.1535,3523.3152,3681.2744,2527.2915,1345.2334,1370.4537,2019.0316
2022-07-26,667.5716,1378.0368,906.8377,1916.0931,3562.0429,3875.4345,2538.4307,1341.3862,1420.2549,2054.4632
2022-07-27,667.8689,1387.961,908.2211,1924.0327,3579.1551,3854.7241,2538.4307,1325.1426,1449.0289,2052.7488
2022-07-28,702.7338,1438.2905,936.8581,1954.4679,3914.1943,4108.4265,2633.4416,1349.0806,1466.367,2096.7526
2022-07-29,692.7391,1416.3156,952.2142,1976.9634,3843.0435,4048.8841,2600.6792,1349.0806,1473.0072,2094.4667
2022-08-01,704.9252,1450.6957,944.467,1950.4981,3895.2808,4074.7721,2648.5123,1390.9722,1519.8571,2124.755
2022-08-02,713.614,1454.5944,945.7216,2008.185,4062.2716,4172.2773,2655.7201,1394.05,1494.2853,2112.9541
2022-08-03,704.3578,1440.0627,929.395,2023.1298,3975.034,4071.2451,2634.0969,1385.5781,1483.6413,2114.8061
2022-08-04,680.4504,1410.6447,919.2983,2030.2161,3812.1784,3905.5068,2592.8163,1390.3668,1438.0871,2057.8291
2022-08-05,688.795,1430.493,910.9849,2027.1185,3791.0231,4086.8479,2624.2682,1386.7647,1429.7187,2043.7688
2022-08-08,707.3168,1465.9363,943.2182,2072.309,3942.3796,4168.8109,2685.8615,1358.2395,1422.2274,2047.2328
2022-08-09,701.1711,1449.2779,937.9176,2068.4356,3998.2494,4086.8479,2653.0991,1348.5848,1447.6979,2081.873
2022-08-10,694.4412,1441.126,928.4625,2009.0423,3888.5414,4095.3268,2639.3389,1336.297,1452.5672,2093.4197
2022-08-11,701.9829,1456.0122,928.3192,2054.2328,3953.5536,4188.5951,2657.6858,1351.2179,1490.0238,2115.3585
2022-08-12,706.7292,1470.8984,921.7293,2027.1185,4038.8821,4129.2426,2677.9985,1349.0237,1471.2955,2130.9465
2022-08-15,694.8348,1462.392,900.3837,1974.181,3962.6959,3999.2322,2646.5466,1346.3906,1471.2955,2120.6712
2022-08-16,702.4141,1471.9617,892.5045,1958.6871,4028.7239,4072.7163,2653.7543,1343.7575,1445.825,2125.2852
2022-08-17,672.7682,1415.2523,879.7544,1914.7877,3887.5256,3866.3955,2558.7434,1347.7071,1393.0112,2070.8609
2022-08-18,667.4232,1432.2651,868.0071,1886.3822,3836.7348,3835.3061,2565.9511,1305.1387,1377.654,2053.3504
2022-08-19,652.7252,1392.5686,874.1673,1859.2679,3802.1971,3807.0429,2507.634,1310.4049,1389.2656,2016.5087
2022-08-22,663.6879,1421.2777,898.2348,1918.6612,3984.028,3903.1376,2557.4329,1312.1603,1437.5846,2008.4496
2022-08-23,669.8638,1436.1639,887.6336,1895.4204,3978.949,3985.1006,2588.8848,1318.3042,1448.8216,2048.1696
2022-08-24,673.8003,1448.2146,910.6984,1901.8761,3957.6168,4047.2795,2626.2339,1323.5704,1458.1857,2077.5278
2022-08-25,669.3326,1436.1639,903.6787,1882.5088,3983.0122,3987.9269,2620.9919,1337.6136,1487.7764,2124.7313
2022-08-26,684.7985,1452.1134,927.7462,1896.7115,4164.8432,4154.6794,2660.962,1356.4841,1546.5833,2136.82
2022-08-29,663.8188,1405.3282,904.395,1881.2176,3989.1071,4035.9742,2595.4373,1346.3906,1489.2747,2045.867
2022-08-30,644.947,1373.4292,894.6533,1837.3182,3795.0864,3855.0902,2545.6384,1333.2251,1472.4192,2064.2878
2022-08-31,645.1273,1382.2854,894.7966,1885.0911,3797.118,3872.0481,2573.8141,1370.0885,1463.0551,2037.8078
2022-09-01,638.9931,1374.4719,902.8191,1859.2679,3693.5048,3818.3482,2552.1909,1350.3402,1431.217,1998.0878
2022-09-02,634.8044,1369.9477,890.069,1845.0652,3758.517,3773.1272,2537.4849,1373.1632,1449.57,1977.3644
2022-09-05,644.5593,1388.4168,917.4315,1885.0911,3804.2287,3911.6165,2555.6875,1390.4167,1480.36,1986.5748
2022-09-06,643.7151,1389.1691,917.5748,1901.8761,3770.7068,3908.7902,2571.218,1438.2095,1459.9969,1985.4235
2022-09-07,637.9031,1381.6459,911.4147,1891.5469,3702.6472,3843.785,2567.1151,1436.1694,1448.3942,1972.7592
2022-09-08,648.3319,1398.9494,922.3024,1919.9524,3790.0073,3990.7532,2595.1001,1450.0346,1495.8641,1976.2131
2022-09-09,658.6039,1426.0331,939.6367,1956.1048,3866.1934,4072.7163,2619.6724,1492.5248,1553.0523,2076.3765
2022-09-13,665.2169,1427.1616,937.058,1953.5225,3999.2653,4117.9373,2637.419,1524.7279,1545.5768,2096.5243
2022-09-14,657.0292,1407.2249,908.6927,1938.0286,3972.8541,4072.7163,2593.735,1486.2631,1522.4025,2075.2252
2022-09-15,660.7451,1400.0779,901.3865,1932.8639,4088.657,4084.0216,2578.7187,1482.685,1521.6549,2065.4391
2022-09-16,657.0004,1386.536,899.3809,1916.0789,4089.6728,4041.6269,2565.0674,1467.9252,1505.2086,2076.9522
2022-09-19,659.9359,1390.2976,881.9033,1931.5728,4136.4003,3987.9269,2559.6069,1470.6088,1539.2225,2089.0409
2022-09-20,654.3048,1376.3796,878.6083,1917.37,4093.7361,3934.227,2528.2091,1483.1322,1538.1012,2102.8565
2022-09-21,659.4285,1378.2604,872.0184,1909.6231,4177.033,3976.6217,2530.9393,1509.9682,1548.1932,2117.2478
2022-09-22,674.8728,1416.2529,892.5045,1948.3578,4230.8712,4058.5847,2599.8781,1509.5209,1596.0369,2143.7278
2022-09-23,674.363,1416.629,873.8808,1948.3578,4226.8079,4064.2374,2606.7037,1488.9467,1558.2852,2128.7608
2022-09-26,672.4129,1416.2529,874.4538,1954.8136,4219.6972,4016.1901,2603.9735,1472.8451,1572.8626,2126.4582
2022-09-27,684.6754,1443.3366,868.8667,1983.2191,4331.4369,4061.4111,2651.0702,1484.474,1568.0035,2125.8826
2022-09-28,678.7396,1438.0703,871.3021,1980.6368,4260.3298,4021.8427,2641.5144,1472.8451,1528.0091,2110.34
2022-09-29,683.7052,1442.9604,883.6224,1952.2313,4278.6145,4084.0216,2646.9748,1482.2377,1551.931,2131.6391
2022-09-30,679.8829,1429.0424,885.9145,1944.4844,4280.6461,4078.3689,2621.7201,1498.3393,1582.2071,2137.9713
2022-10-10,700.7623,1457.6308,894.0803,2006.46,4507.173,4180.1162,2652.4353,1473.2924,1652.4776,2174.813
2022-10-11,683.4841,1419.6383,891.3584,1978.0545,4420.8287,4075.5426,2581.4489,1459.9067,1623.1912,2118.3991
2022-10-12,677.163,1412.1151,885.3415,1984.5103,4353.7848,4038.8006,2573.2582,1462.7929,1631.3683,2091.9191
2022-10-13,666.071,1398.9494,864.8554,1949.649,4301.9783,3934.227,2540.4952,1465.6969,1595.2961,2084.4356
2022-10-14,674.6271,1413.9959,863.9959,1970.3075,4406.6072,3970.9691,2567.7977,1530.2393,1590.4664,2095.373
2022-10-17,653.5825,1382.3982,840.9312,1927.6993,4192.2702,3880.5271,2517.2881,1538.4517,1559.5576,2085.5869
2022-10-18,651.4541,1383.5267,845.2289,1919.9524,4139.4478,3883.3534,2518.6532,1538.4517,1558.7944,2070.0443
2022-10-19,649.2012,1371.8656,849.67,1885.0911,4149.6059,3889.006,2501.5892,1556.7014,1569.4789,2044.14
2022-10-20,636.6591,1351.929,848.3806,1885.0911,4071.3882,3770.3009,2465.4134,1572.6699,1542.386,2010.1765
2022-10-21,642.3585,1365.4709,839.6418,1882.5088,4124.2106,3824.0008,2492.0333,1558.5264,1549.2547,2011.9035
2022-10-24,643.0768,1362.4616,843.9396,1848.9387,4164.8432,3840.9587,2495.4461,1569.02,1559.5576,2016.5087
2022-10-25,631.2405,1344.4058,833.3384,1816.6597,3994.1862,3784.4324,2472.9216,1596.3946,1528.2672,2018.2357
2022-10-26,627.5767,1346.6627,824.3131,1811.4951,3976.9173,3744.8641,2475.6518,1578.1448,1533.9185,1996.9365
2022-10-27,620.7454,1340.268,821.5912,1788.2542,3947.4587,3637.4642,2466.7785,1566.7388,1534.402,1987.7261
2022-10-28,609.5552,1312.8081,811.4198,1806.3304,3910.8893,3530.0643,2409.4433,1532.9768,1541.6964,2004.9957
2022-10-31,594.5369,1277.825,791.9365,1737.899,3788.9915,3428.3171,2359.6163,1510.6209,1523.4792,1960.0948
2022-11-01,609.8375,1310.9273,819.8721,1753.3929,3944.4112,3549.8485,2425.1422,1526.1331,1547.7422,1964.1244
2022-11-02,611.8921,1310.9273,828.3244,1748.2283,3985.0438,3555.5011,2434.0156,1520.5489,1574.3532,1995.7852
2022-11-03,616.1632,1318.0744,837.6362,1749.5195,4010.4392,3586.5906,2440.8412,1512.7035,1610.7476,2057.9556
2022-11-04,634.7847,1339.8918,849.0969,1798.5835,4195.3176,3744.8641,2484.5251,1525.7208,1651.0555,2099.4026
2022-11-07,632.1323,1329.7354,838.639,1768.8868,4200.3967,3739.2114,2469.5088,1503.1586,1639.3153,2091.3435
2022-11-08,641.0199,1343.2773,836.6334,1784.3807,4244.0768,3843.785,2487.9379,1502.6918,1637.75,2083.86
2022-11-09,646.0005,1350.4244,838.639,1797.2923,4254.2349,3877.7007,2515.923,1501.7582,1644.4027,2090.7678
2022-11-10,632.9725,1330.8639,823.3103,1783.0896,4128.2738,3818.3482,2475.6518,1511.0945,1624.4445,2062.5609
2022-11-11,654.7678,1368.104,846.5183,1798.5835,4320.2629,4004.8848,2539.1301,1555.4424,1651.4468,2115.5208
2022-11-14,657.3449,1372.2418,839.9283,1799.8746,4312.1364,4016.1901,2560.2895,1512.9618,1632.2712,2102.8565
2022-11-15,666.423,1388.793,844.3694,1826.989,4388.3226,4064.2374,2580.0838,1543.3051,1663.5783,2114.9452
2022-11-16,674.4415,1407.6011,849.2402,1826.989,4402.544,4149.0267,2600.5606,1564.7788,1680.4058,2123.0043
2022-11-17,673.9747,1401.5825,836.3469,1780.5073,4408.6389,4182.9425,2594.4176,1523.2318,1669.8397,2128.7608
2022-11-18,678.3822,1397.8209,839.4986,1763.7222,4456.3822,4259.2529,2598.513,1519.0305,1696.842,2140.2739
2022-11-21,664.9617,1380.8936,833.0519,1771.4692,4325.342,4214.0319,2563.7023,1530.2341,1629.1405,2093.6461
2022-11-22,654.5424,1383.1505,829.3272,1761.1399,4234.9344,4098.1531,2563.0197,1548.4401,1581.0059,2035.5052
2022-11-23,661.2977,1388.4168,832.6221,1780.5073,4341.5951,4140.5478,2575.9884,1547.0396,1588.05,2039.5348
2022-11-24,664.4509,1384.6552,861.9903,1789.5454,4383.2435,4137.7215,2583.4966,1553.5751,1635.0106,2118.9748
2022-11-25,680.3068,1405.3441,876.7459,1845.0652,4475.6827,4284.6897,2617.6247,1564.7788,1663.9696,2129.3365
2022-11-28,678.5977,1406.0965,846.0885,1817.9509,4444.1924,4270.5582,2624.4503,1554.9756,1646.7507,2120.1261
2022-11-29,691.1688,1416.2529,854.684,1815.3685,4563.0428,4355.3476,2648.34,1572.2479,1640.8807,2129.3365
2022-11-30,687.9189,1409.8581,855.9734,1789.5454,4536.6316,4346.8686,2636.0539,1565.2456,1643.2287,2129.9121
2022-12-01,682.646,1412.1233,860.4144,1786.9631,4412.7021,4332.7371,2643.562,1573.6483,1621.3138,2132.7904
2022-12-02,694.4188,1430.6979,877.1505,1800.904,4478.4698,4455.3019,2676.5726,1577.1988,1667.4176,2153.3284
2022-12-05,698.1612,1427.3764,887.2102,1822.4773,4539.2241,4487.0422,2694.1376,1606.385,1660.4644,2140.2773
2022-12-06,692.3661,1430.547,878.901,1839.0522,4491.8323,4488.7691,2694.9745,1607.5083,1654.2033,2151.7212
2022-12-07,686.1368,1420.7796,870.6323,1810.2638,4428.9482,4413.5042,2684.8005,1608.0731,1631.4788,2143.3769
2022-12-08,701.2712,1442.1928,876.2014,1816.294,4529.6344,4557.7363,2714.387,1612.2987,1659.7795,2154.4043
2022-12-09,718.0303,1482.0137,895.1934,1874.1839,4643.994,4699.0838,2773.56,1635.3047,1686.4859,2186.3257
2022-12-12,717.4396,1478.257,886.0544,1853.6812,4798.1308,4629.8524,2777.0003,1640.4693,1677.7166,2181.6826
2022-12-13,716.7404,1479.0083,895.9074,1886.2443,4818.0194,4664.4681,2774.248,1637.1828,1681.7027,2194.4511
2022-12-14,723.0842,1497.4161,904.3324,1898.3046,4933.6221,4664.4681,2799.7062,1649.39,1705.6188,2208.9609
2022-12-15,735.0149,1534.2316,914.8993,1964.6368,4965.9411,4788.5078,2854.7508,1646.573,1707.2132,2229.6369
2022-12-16,727.9789,1521.0832,913.6142,1905.5409,4895.0879,4736.5842,2824.4762,1619.3414,1688.8775,2200.945
2022-12-19,704.2554,1475.2516,891.7663,1866.9476,4612.918,4577.9288,2739.1571,1567.2257,1619.5207,2113.944
2022-12-20,704.8602,1479.7596,896.0502,1868.1537,4578.1129,4641.391,2749.478,1542.8112,1606.3668,2096.9695
2022-12-21,720.1831,1515.4482,904.618,1885.0382,4744.6801,4782.7385,2799.0181,1545.1587,1612.3459,2123.7344
2022-12-22,708.2868,1488.0244,888.9103,1862.1235,4563.1964,4716.3917,2769.4316,1534.36,1647.0243,2169.1183
2022-12-23,712.3993,1504.5538,883.7696,1875.3899,4573.1407,4759.6614,2783.1928,1531.5429,1592.0172,2149.3356
2022-12-26,716.367,1504.9295,897.4781,1901.9228,4719.8194,4776.9692,2785.257,1553.1404,1603.178,2173.1912
2022-12-27,723.424,1527.4696,904.3324,1964.6368,4791.9156,4823.1235,2815.5315,1571.4513,1629.0872,2178.4278
2022-12-28,719.0881,1522.9061,904.1075,2022.7687,4662.5336,4825.8375,2814.7815,1597.0053,1654.2182,2099.0808
2022-12-29,721.4258,1522.154,897.0822,2011.7754,4627.9047,4880.7094,2823.7568,1605.1264,1701.5749,2151.9941
2022-12-30,727.3151,1543.5875,897.9424,2027.6546,4611.827,4984.6772,2860.3482,1607.0373,1732.1935,2162.6893
2023-01-03,719.603,1527.7944,906.8315,2042.3123,4517.8343,4918.2533,2829.9704,1610.859,1714.6388,2129.4778
2023-01-04,714.0313,1514.2575,894.5015,2030.0975,4378.082,4889.3734,2816.8527,1618.4048,1680.7543,2123.8487
2023-01-05,711.4115,1510.4972,891.4907,2038.6479,4430.0253,4851.8295,2812.0199,1586.3191,1678.7131,2116.5309
2023-01-06,724.1024,1544.3395,915.7206,2066.7419,4509.1771,4938.4693,2876.2276,1595.7699,1680.7543,2118.2196
2023-01-09,716.3248,1539.0752,912.8532,2048.4197,4594.5126,4753.6377,2862.4194,1625.6413,1721.9873,2146.365
2023-01-10,721.8514,1550.732,913.1399,2020.3257,4558.647,4848.9415,2876.2276,1624.2099,1728.5193,2148.0537
2023-01-11,732.1028,1564.645,918.3013,2050.8627,4656.3499,4895.1494,2894.8685,1604.6468,1733.01,2155.9344
2023-01-12,732.7446,1555.2443,919.305,2038.6479,4588.3289,4941.3573,2887.274,1611.804,1733.4182,2159.3119
2023-01-13,744.0528,1569.1573,927.4772,2052.0841,4669.9541,5088.6449,2901.0821,1616.0984,1744.0327,2165.5038
2023-01-16,724.5676,1539.0752,930.6314,2030.0975,4620.4843,4808.5095,2853.4442,1630.8899,1735.8677,2136.7956
2023-01-17,728.6911,1548.8519,930.9181,2041.0908,4594.5126,4822.9495,2863.8003,1640.91,1757.0966,2191.9605
2023-01-18,736.0761,1566.1491,942.2446,2098.5003,4679.8481,4860.4934,2896.9397,1643.2958,1750.9729,2186.8943
2023-01-19,742.4116,1577.8059,951.1337,2114.3796,4689.7421,4924.0293,2916.271,1641.3872,1769.7522,2202.0928
2023-01-20,743.5206,1571.4134,960.0228,2132.7017,4665.0071,4996.2291,2900.3917,1643.2958,1755.4636,2159.8748
2023-01-30,748.9119,1579.686,939.3771,1998.3391,4618.0108,5045.325,2916.9615,1642.3415,1736.6842,2164.9409
2023-01-31,739.1498,1557.8765,912.9966,1964.1377,4532.6753,5002.0051,2867.9427,1656.1788,1699.5337,2122.7229
2023-02-01,731.4847,1535.6909,907.6918,1951.9229,4423.8416,5007.7811,2825.1376,1657.6102,1675.4471,2094.0146
2023-02-02,718.8701,1519.8978,891.2039,1909.1711,4453.5235,4860.4934,2800.9734,1598.8223,1656.319,2103.0211
2023-02-03,723.8259,1524.7862,892.6377,1928.7148,4481.9687,4929.8053,2819.6143,1615.0429,1658.8493,2091.2001
2023-02-06,724.5274,1522.53,893.928,1915.2785,4540.0958,4929.8053,2827.2088,1615.6159,1664.6589,2088.9485
2023-02-07,717.9977,1510.8732,891.634,1881.0771,4522.7813,4854.7174,2809.2583,1603.6029,1663.6744,2083.3194
2023-02-08,724.5222,1524.7862,890.9172,1870.0838,4559.8837,4898.0374,2848.6113,1602.6495,1664.498,2099.6437
2023-02-09,731.261,1536.067,896.222,1867.6409,4564.8307,4984.6772,2872.0851,1595.9758,1673.1458,2118.7825
2023-02-10,727.6464,1531.9307,895.5051,1879.8557,4551.2265,4987.5652,2858.9674,1584.5351,1643.9079,2080.5049
2023-02-13,713.0049,1501.4726,886.9028,1862.755,4425.0783,4860.4934,2818.2335,1575.4779,1617.5527,2073.1871
2023-02-14,720.5474,1514.2575,898.5159,1866.4194,4484.4422,4947.1332,2852.7538,1572.141,1638.3493,2094.0146
2023-02-15,726.8458,1528.9225,901.9569,1876.1912,4514.1241,4999.1171,2880.37,1569.2809,1635.8691,2103.5841
2023-02-16,739.3721,1559.0046,908.1219,1878.6342,4614.3005,5082.869,2919.7231,1572.6177,1643.6526,2118.2196
2023-02-17,746.961,1566.9011,908.6954,1863.9764,4692.2156,5137.7408,2927.3175,1575.9546,1626.3882,2086.6968
2023-02-20,751.8117,1573.2936,918.158,1876.1912,4761.4733,5163.7328,2943.8872,1582.1516,1640.1113,2099.0808
2023-02-21,768.4788,1599.6154,929.7712,1900.6208,4885.148,5308.1325,2973.5747,1599.3127,1677.5378,2139.0472
2023-02-22,764.571,1593.223,924.323,1885.9631,4848.0456,5253.2606,2957.0049,1613.6135,1700.4095,2137.3585
2023-02-23,769.7731,1589.8387,927.9073,1887.1845,4997.6919,5247.4846,2958.3858,1599.3127,1710.3899,2132.8552
2023-02-24,772.5344,1588.3346,934.3591,1861.5335,5069.4232,5253.2606,2965.9802,1595.0224,1704.1521,2105.8357
2023-02-27,763.7199,1575.9257,920.5953,1857.869,5105.2888,5114.6369,2952.8625,1573.5711,1665.4781,2078.8161
2023-02-28,758.9189,1569.5333,913.8568,1856.6476,4980.3774,5131.9648,2941.1256,1571.1877,1660.9038,2084.4452
2023-03-01,770.169,1585.3264,917.2977,1866.4194,5029.8473,5247.4846,2971.5035,1553.0732,1693.34,2111.4648
2023-03-02,769.6369,1588.7106,915.7206,1879.8557,4991.5082,5270.5885,2982.5499,1542.3903,1692.5083,2109.2131
2023-03-03,774.7205,1606.3839,922.6025,1890.849,4956.8793,5308.1325,3017.7606,1559.7579,1689.5974,2105.8357
2023-03-06,759.7422,1583.0702,918.7315,1927.4933,4897.5154,5181.0607,2986.002,1555.6506,1649.6758,2080.5049
2023-03-07,763.0945,1597.3592,926.3302,1939.7081,4881.4377,5253.2606,2998.4292,1543.4158,1649.6758,2074.8758
2023-03-08,761.8023,1597.7353,925.9001,1934.8222,4907.4094,5267.7005,2997.0484,1517.1103,1648.4283,2076.5645
2023-03-09,763.3969,1621.8009,907.6918,1920.1645,4862.8865,5293.6925,3039.1631,1515.6755,1638.8637,2085.0081
2023-03-10,759.8956,1622.177,903.1039,1938.4866,4836.9149,5256.1486,3035.0207,1503.2402,1615.992,2070.3725
2023-03-13,772.7113,1643.6105,914.8604,1988.5673,4997.6919,5365.8923,3078.5162,1497.0225,1626.8041,2065.8693
2023-03-14,765.4659,1644.3625,908.552,1978.7954,4867.8335,5313.9084,3084.0395,1504.675,1620.9822,2069.8096
2023-03-15,761.6068,1628.9454,896.6521,1980.0169,4731.7914,5351.4524,3064.0177,1504.1967,1618.0712,2060.2402
2023-03-16,740.6236,1581.1901,878.8739,1892.0704,4584.6186,5209.9407,2975.6459,1494.6311,1605.1799,2038.8497
2023-03-17,749.6633,1602.6236,883.6052,1911.6141,4636.562,5285.0285,3009.4757,1487.9351,1626.3882,2065.8693
2023-03-20,733.7388,1577.0538,878.3004,1899.3993,4609.3535,5100.1969,2972.1939,1480.2826,1618.9029,2073.75
2023-03-21,726.3553,1562.7648,877.1534,1915.2785,4481.9687,5077.093,2950.1009,1474.5432,1622.2297,2063.6176
2023-03-22,721.233,1561.6368,880.451,1934.8222,4546.2795,4999.1171,2959.0762,1467.369,1625.1407,2047.8562
2023-03-23,710.3649,1530.4266,866.6872,1980.0169,4498.0464,4932.6933,2914.1998,1453.0206,1638.032,2043.353
2023-03-24,718.8876,1544.3395,878.8739,1991.0102,4596.9861,5004.8931,2936.2928,1470.2387,1680.8646,2062.4918
2023-03-27,719.5363,1543.5875,886.4726,2000.782,4561.1204,5045.325,2916.9615,1454.4554,1682.9438,2070.3725
2023-03-28,724.1316,1555.2443,894.7882,2039.8694,4495.5729,5094.4209,2937.6736,1470.717,1675.4585,2073.1871
2023-03-29,725.0215,1560.8847,898.2292,2038.6479,4532.6753,5143.5168,2948.7201,1442.4983,1629.715,2033.7836
2023-03-30,728.3651,1566.9011,896.9388,2048.4197,4535.1488,5230.1566,2950.7913,1419.0625,1623.4773,2028.7174
2023-03-31,730.8427,1564.645,900.6665,2006.8894,4600.6963,5238.8206,2963.2186,1408.5403,1633.0418,2035.4723
2023-04-03,710.6718,1520.6499,896.5087,2011.7754,4401.5802,5143.5168,2886.5836,1416.6711,1627.6358,2032.0948
2023-04-04,701.0549,1509.4989,890.1138,1989.3214,4343.4659,5088.5617,2854.0007,1395.107,1619.4648,2031.6477
2023-04-06,693.9034,1495.5385,884.2619,2020.0829,4295.0479,5056.2951,2832.8092,1380.5093,1596.0638,2003.6561
2023-04-07,701.5505,1514.9734,894.0761,2042.5579,4304.6345,5093.5809,2870.176,1412.0677,1610.6847,2008.4014
2023-04-10,687.9782,1485.9272,884.6022,2041.7712,4136.6764,4990.7816,2824.6397,1399.3433,1597.9205,1994.1443
2023-04-11,695.2129,1497.337,883.3098,2024.541,4171.0057,5128.8792,2842.9861,1432.661,1607.6278,1995.2773
2023-04-12,689.6946,1483.265,875.8423,2024.541,4118.1914,5061.4362,2820.4059,1428.7981,1609.7381,2002.6421
2023-04-13,681.2607,1477.9404,866.3645,2039.3097,4061.4161,4939.3965,2792.1807,1430.7295,1610.5823,2007.7407
2023-04-14,681.7458,1481.7437,865.2156,2097.1538,4094.425,4936.1849,2812.644,1440.8697,1619.0235,1986.213
2023-04-17,683.0873,1493.914,874.1191,2167.305,4156.4818,4981.1469,2833.8129,1467.9102,1588.2131,1966.3849
2023-04-18,689.9927,1502.2812,887.4743,2178.3815,4211.9367,5035.7436,2848.6311,1465.9787,1633.3735,2012.8394
2023-04-19,686.6137,1493.5337,891.0644,2188.2273,4181.5685,4993.9932,2828.8735,1475.1531,1638.8603,2032.101
2023-04-20,677.7461,1488.5895,890.3464,2276.8395,4028.4072,4891.2229,2803.4708,1485.2933,1604.6734,2020.7707
2023-04-21,655.0814,1449.0358,890.0592,2223.9183,3925.4194,4692.1055,2739.964,1475.636,1570.9086,1960.1532
2023-04-24,641.6674,1412.5246,876.4168,2260.8401,3926.7398,4634.2972,2662.3446,1439.904,1555.2924,1957.3206
2023-04-25,634.6978,1401.4952,873.5447,2271.9166,3891.0901,4566.8542,2647.5264,1452.4585,1551.4938,1949.3894
2023-04-26,637.2324,1414.4262,868.5185,2231.3027,3809.2281,4602.1815,2660.9334,1451.0099,1553.6041,1948.8228
2023-04-27,633.926,1403.7772,860.7639,2157.4592,3740.5695,4582.9121,2639.0588,1463.5644,1542.6305,2012.2729
2023-04-28,629.2377,1391.9871,865.2156,2206.6882,3657.3871,4586.1237,2625.6518,1477.5675,1543.4747,2030.968
2023-05-04,619.3458,1374.8725,859.7587,2138.9984,3500.2647,4486.565,2584.7252,1495.9163,1527.0143,2020.7707
2023-05-05,622.1591,1377.5348,849.9936,2159.9207,3570.2436,4480.1418,2593.8984,1490.3006,1535.611,2008.8608
2023-05-08,643.8707,1419.3705,859.7587,2129.1526,3730.0067,4634.2972,2689.8642,1496.4176,1542.7834,2005.9046
2023-05-09,634.033,1403.7772,853.4401,2062.6935,3568.9232,4586.1237,2663.0503,1491.3578,1527.8846,1993.0253
2023-05-10,635.79,1402.6362,845.6854,2087.308,3568.9232,4650.3551,2653.1714,1501.9658,1528.9495,1980.918
2023-05-11,619.8248,1369.1676,838.0744,2081.1543,3531.9532,4486.565,2577.6689,1471.1738,1523.5963,1977.4858
2023-05-12,620.3521,1361.1808,835.4895,2071.3086,3570.2436,4476.9302,2569.907,1472.6401,1542.5383,1974.0537
2023-05-15,637.8467,1394.6494,843.1006,1980.235,3666.6296,4656.7782,2633.4138,1475.5727,1546.2444,1980.918
2023-05-16,633.8593,1384.3806,838.7924,1961.7741,3652.1056,4647.1435,2616.4786,1438.9155,1526.8906,1959.7531
2023-05-17,649.7545,1412.9049,841.2337,2007.3109,3770.9377,4801.2989,2663.7559,1445.7582,1533.4791,1973.4816
2023-05-18,646.5421,1402.2559,848.7011,1997.4651,3714.1624,4794.8758,2653.8771,1450.1571,1552.0093,1985.4941
2023-05-19,635.4941,1386.2822,830.3198,1947.0054,3551.7586,4727.4328,2626.3575,1443.3144,1557.7743,1967.2593
2023-05-22,620.085,1357.3776,815.9594,1826.3945,3463.2947,4598.9699,2573.4352,1433.0504,1510.4193,1952.2871
2023-05-23,618.242,1364.6038,817.539,1814.0872,3500.2647,4541.1617,2576.2577,1417.41,1507.5368,1943.7665
2023-05-24,601.011,1318.2042,809.6408,1820.2408,3452.7318,4383.7947,2505.6946,1417.41,1494.3597,1937.1536
2023-05-25,595.8644,1305.2732,818.4006,1831.3174,3345.783,4374.16,2492.2876,1440.3818,1496.8304,1937.7343
2023-05-26,607.5953,1328.4729,826.4425,1815.318,3335.2201,4557.2195,2544.5043,1450.6458,1487.7712,1927.8627
2023-05-29,610.7906,1335.3188,823.714,1799.3185,3308.813,4618.2394,2552.2662,1448.202,1506.3014,1939.4763
2023-05-30,601.9924,1315.9222,816.103,1742.7052,3226.9509,4544.3732,2520.5129,1453.0896,1489.8301,1924.9593
2023-05-31,601.5171,1317.0632,814.8105,1734.0902,3241.4748,4566.8542,2526.8635,1432.5616,1457.7111,1902.8934
2023-06-01,618.9172,1348.6301,829.6018,1782.0884,3324.6573,4772.3948,2585.4309,1470.6851,1482.418,1910.4422
2023-06-02,624.5839,1367.6464,839.3669,1915.0066,3369.5494,4788.4526,2626.3575,1483.1477,1503.6306,1923.7979
2023-06-05,630.3943,1383.62,818.257,1884.2385,3331.2591,4875.1651,2656.6996,1469.9771,1504.5984,1920.8945
2023-06-06,633.5458,1384.7609,823.1396,1854.7011,3362.9476,4923.3386,2656.6996,1478.4421,1500.557,1924.3786
2023-06-07,630.4067,1377.1545,812.0821,1879.3156,3353.7051,4945.8196,2625.6518,1482.5979,1472.3613,1897.0865
2023-06-08,638.6404,1389.7052,812.5129,1913.7759,3348.4237,5080.7056,2646.1151,1481.6065,1473.6401,1893.6025
2023-06-09,652.2906,1411.3837,817.9698,1935.9289,3403.8787,5215.5916,2697.6262,1485.572,1500.9218,1907.5388
2023-06-12,636.7427,1388.9445,813.3745,1918.6988,3373.5105,5045.3783,2655.2883,1494.9901,1478.3291,1892.4411
2023-06-13,651.4834,1422.7934,816.103,1985.1579,3494.9832,5148.1486,2715.2669,1489.0418,1492.3963,1902.3127
2023-06-14,653.0981,1422.0327,826.5861,2028.2332,3530.6329,5167.418,2714.5613,1503.9124,1510.2999,1898.8286
2023-06-15,659.9122,1430.0195,822.8524,2004.8495,3642.8632,5238.0726,2724.4401,1489.5375,1512.005,1908.1195
2023-06-16,664.3243,1444.8522,834.6279,1987.6193,3698.3181,5234.861,2751.2541,1502.9211,1531.1875,1933.0888
2023-06-19,658.7375,1426.977,831.6122,1858.3933,3612.495,5199.5338,2718.0894,1476.6497,1535.024,1932.5081
2023-06-20,656.0296,1423.554,832.3303,1859.624,3584.7675,5180.2643,2706.7994,1461.2834,1538.0079,1908.7002
2023-06-21,649.8523,1401.8755,834.9151,1858.3933,3571.5639,5122.4561,2671.5178,1468.7187,1548.6649,1931.3468
2023-06-26,642.4802,1394.6494,820.9855,1836.2403,3414.4415,5119.2445,2649.6433,1456.3265,1512.005,1910.4422
2023-06-27,659.0206,1417.8492,828.1657,1841.1632,3520.07,5292.6693,2706.0937,1462.2748,1533.7452,1929.6047
2023-06-28,660.6945,1418.9901,826.7297,1851.0089,3500.2647,5334.4197,2699.0374,1461.2834,1528.6989,1926.1206
2023-06-29,660.1582,1415.9475,835.0587,1853.4704,3506.8665,5334.4197,2691.9811,1448.3956,1523.6108,1929.6047
2023-06-30,659.2162,1415.1869,838.5052,1867.0084,3567.6028,5283.0346,2699.0374,1459.3007,1506.4484,1915.6684
2023-07-03,658.0256,1432.6818,835.6332,1870.7005,3514.7886,5260.5536,2722.3232,1457.8136,1499.1319,1918.9291
2023-07-04,657.1413,1433.0621,836.9256,1922.3909,3475.1779,5273.3999,2727.9683,1457.0196,1494.3158,1921.1858
2023-07-05,657.1216,1426.5966,830.0326,1927.3138,3458.0133,5318.3619,2717.3838,1460.5918,1485.1213,1904.0283
2023-07-06,659.4193,1429.2589,832.043,1928.5446,3533.2736,5327.9966,2723.7345,1470.9215,1485.5592,1904.2521
2023-07-07,645.4664,1396.1707,839.2233,1963.0048,3461.9743,5218.8032,2657.4052,1462.074,1487.3105,1924.9569
2023-07-10,638.4029,1389.7052,842.957,1951.9283,3476.4983,5109.6098,2651.0545,1457.5967,1483.8078,1916.0834
2023-07-11,646.5571,1399.2133,846.6907,1997.4651,3591.3693,5183.4759,2668.6953,1472.5209,1512.7047,1950.3943
2023-07-12,655.8939,1413.2853,852.4348,1998.6958,3674.5517,5299.0925,2694.8036,1472.0235,1518.8343,1956.9015
2023-07-13,657.9451,1417.4688,858.6098,1990.0808,3685.1146,5324.785,2701.8599,1480.4805,1514.8938,1956.3099
2023-07-14,669.6175,1435.3441,867.0825,2065.1549,3764.3359,5453.2479,2733.6133,1481.4755,1531.9692,1973.4653
2023-07-17,655.2404,1402.2559,843.675,2055.3091,3671.911,5347.266,2675.046,1461.079,1486.4348,1923.7738
2023-07-18,672.2393,1425.836,857.461,2102.0767,3893.7309,5427.5553,2716.6782,1480.4805,1492.5645,1948.6196
2023-07-19,667.2287,1422.7934,867.5133,2150.0749,3926.7398,5356.9007,2711.7388,1487.4451,1521.4613,1975.8316
2023-07-20,689.6465,1439.1473,863.9232,2089.7694,4050.8533,5456.4595,2742.7865,1527.243,1534.1584,1982.3388
2023-07-21,684.6041,1453.98,862.918,2081.1543,3965.0301,5437.19,2775.2455,1526.248,1524.9639,1982.3388
2023-07-24,678.5272,1442.5702,852.2912,2020.8489,3888.4494,5414.709,2764.6611,1542.6647,1499.1319,1975.24
2023-07-25,686.6714,1466.911,863.3488,2061.4628,3918.8176,5501.4215,2834.5185,1542.6647,1515.3317,1985.8882
2023-07-26,693.7966,1464.6291,875.6987,2108.2303,4040.2904,5562.4413,2858.51,1546.6445,1531.5314,2007.1846
2023-07-27,682.9146,1468.4323,880.4377,2116.8453,3945.2248,5450.0363,2878.9732,1513.8112,1525.4018,2001.8605
2023-07-28,675.3257,1464.6291,902.8399,2072.5393,3921.4584,5360.1123,2905.0816,1511.3239,1513.5803,1997.128
2023-07-31,675.7739,1463.1078,903.4144,2114.3839,3860.722,5405.0743,2881.7958,1523.7607,1535.9097,1998.9027
2023-08-01,677.4977,1468.8126,896.3778,2238.687,3962.3894,5385.8049,2884.6183,1526.248,1529.3422,2004.8184
2023-08-02,671.7069,1445.6128,902.6584,2227.901,3995.3186,5339.3774,2843.6917,1536.8002,1560.4282,2036.7629
2023-08-03,652.5466,1417.8492,882.2988,2200.6014,3824.0182,5193.0227,2811.2327,1521.8614,1528.0287,2004.2268
2023-08-04,655.3605,1420.8918,888.7318,2242.5037,3876.3563,5226.0672,2815.4665,1532.1244,1550.7959,2021.3822
2023-08-07,651.5103,1419.3705,882.6227,2165.9354,3871.0424,5187.6552,2811.2327,1518.8679,1542.4771,2023.7485
2023-08-08,645.2751,1404.1575,887.0422,2144.9748,3802.2925,5162.4199,2785.83,1519.8648,1545.542,2020.1991
2023-08-09,649.8427,1407.2001,894.5982,2153.359,3871.0424,5212.8905,2797.1201,1524.3512,1561.3039,2042.6786
2023-08-10,642.2528,1396.1707,884.7612,2150.5643,3854.2057,5151.6048,2766.778,1520.3633,1548.1689,2036.1714
2023-08-11,651.3098,1403.7772,883.7632,2221.8305,3953.8229,5328.2519,2778.0681,1540.801,1548.1689,2046.8196
2023-08-14,640.5239,1384.7609,869.5067,2205.062,3871.0424,5227.3107,2744.1978,1570.7098,1517.5208,2005.4099
2023-08-15,647.1046,1404.9181,872.358,2182.704,3928.5678,5335.462,2768.8949,1569.7128,1508.3264,2017.2413
2023-08-16,643.3894,1412.1443,864.6594,2172.9223,3835.9659,5324.6468,2770.3061,1568.2174,1493.4401,2003.0437
2023-08-17,654.6394,1417.0885,874.3539,2216.241,3934.1801,5540.9493,2768.8949,1571.7067,1497.8184,1990.0292
2023-08-18,655.235,1407.2001,887.8976,2199.4725,3967.8535,5562.5796,2755.4879,1581.1778,1504.8237,2000.0858
2023-08-21,658.5153,1394.2691,895.0259,2323.8391,4046.4249,5602.2351,2737.1415,1590.649,1509.202,1998.9027
2023-08-22,675.5034,1415.9475,895.8813,2253.9702,4181.1186,5807.7224,2763.9554,1607.0988,1518.3965,2006.0015
2023-08-23,681.7971,1415.9475,901.7265,2260.9571,4268.1084,5890.6384,2778.0681,1601.6155,1523.6504,2016.0581
2023-08-24,674.0352,1402.6362,904.2926,2256.765,4207.7768,5847.3779,2740.6696,1579.6824,1517.083,2005.4099
2023-08-25,682.1445,1413.2853,906.0034,2260.9571,4234.4349,5962.7392,2763.9554,1579.1839,1527.1531,2018.5411
2023-08-28,671.4811,1394.6494,892.6023,2196.6777,4200.7615,5847.3779,2722.3232,1577.6885,1516.4367,1999.9709
2023-08-29,666.8306,1398.833,879.0586,2205.062,4113.7718,5843.7729,2715.2669,1563.2326,1505.9442,1987.5582
2023-08-30,681.3561,1412.1443,898.3049,2397.9001,4263.8992,5977.1594,2730.7908,1565.725,1526.2469,2007.8914
2023-08-31,692.6953,1422.4131,890.4638,2470.5638,4311.6032,6121.3611,2773.8343,1576.6915,1547.3221,2045.7204
2023-09-01,699.585,1436.8654,910.9932,2532.0484,4562.7509,6096.1258,2809.8214,1580.6794,1558.8853,2065.817
2023-09-04,703.2037,1434.4313,928.8139,2442.6162,4700.2508,6088.9157,2794.8317,1581.6758,1569.1637,2069.3635
2023-09-05,707.2139,1425.2476,931.6652,2455.1926,4808.2864,6103.3359,2787.8811,1574.207,1559.7418,2066.9992
2023-09-06,709.9544,1430.5191,933.5186,2485.9349,4843.3629,6153.8065,2789.3021,1580.1786,1569.5919,2074.6832
2023-09-07,703.5351,1423.5413,929.2416,2438.4241,4783.0314,6031.235,2769.0806,1569.834,1563.168,2107.1925
2023-09-08,687.2466,1394.2828,916.4107,2360.1709,4607.6489,5966.3443,2718.4093,1547.4646,1540.0416,2093.0066
2023-09-11,710.9501,1410.0374,921.2579,2442.6162,4881.2455,6139.3863,2748.3839,1556.4123,1562.7397,2116.0587
2023-09-12,721.1295,1422.0409,925.5349,2469.1664,5007.5209,6193.4619,2770.508,1537.5226,1570.8767,2133.1999
2023-09-13,716.1389,1416.7893,910.2804,2368.5552,4924.7404,6204.277,2749.0975,1522.6097,1555.4592,2085.3226
2023-09-14,726.1293,1423.1662,911.706,2395.1054,5072.0617,6225.9073,2760.5164,1532.0545,1580.2986,2093.0066
2023-09-15,734.4835,1434.4195,919.9748,2385.3237,5114.1535,6337.6636,2777.6448,1535.5342,1605.5662,2115.4676
2023-09-18,744.9984,1441.1715,910.9932,2386.7211,5303.5666,6283.588,2785.4953,1540.0081,1619.2707,2117.2408
2023-09-19,739.4496,1437.0453,924.9646,2399.2975,5265.684,6218.6972,2806.9057,1530.5633,1622.2686,2113.6943
2023-09-20,751.2822,1441.1715,915.2702,2396.5027,5401.7808,6298.0081,2806.192,1538.5168,1633.4034,2105.4193
2023-09-21,730.2002,1411.1627,899.1603,2351.7867,5171.679,6157.4115,2742.6744,1506.2055,1617.1294,2064.6349
2023-09-22,740.5842,1417.5396,898.59,2434.2319,5222.1891,6283.588,2756.948,1507.6968,1617.5576,2085.9137
2023-09-25,727.61,1393.9076,890.6064,2362.9657,5140.8116,6088.9157,2720.5503,1497.7548,1602.5684,2066.9992
2023-09-26,711.8835,1378.5281,880.0565,2347.5945,4971.0414,6063.6804,2682.7253,1486.8187,1605.9945,2085.3226
2023-09-27,716.0609,1381.1539,872.0728,2365.7604,5006.1179,6103.3359,2688.4347,1463.9522,1611.9902,2076.4564
2023-09-28,721.3788,1384.1548,874.9242,2330.826,5188.5157,6142.9913,2708.4178,1471.4087,1602.1401,2058.7241
2023-10-09,710.4366,1364.6491,856.5332,2409.0791,5224.9952,5969.9493,2669.1653,1456.9928,1571.7284,2026.3252
2023-10-10,695.9141,1354.146,842.4192,2287.5073,4865.8119,5905.0586,2651.3233,1445.4667,1552.7922,2010.5902
2023-10-11,693.983,1357.522,845.4131,2269.3414,4799.8681,5966.3443,2653.4644,1455.3,1534.5293,1997.0907
2023-10-12,699.1951,1360.5229,850.8306,2311.2627,4895.2761,6034.8401,2662.7422,1470.8887,1530.8386,1993.535
2023-10-13,697.1318,1357.8971,848.9772,2284.7125,4858.7966,6070.8905,2659.8875,1467.7123,1514.946,1977.5155
2023-10-16,715.8068,1371.7762,851.5434,2295.8915,5011.7301,6215.0922,2692.0031,1481.1138,1514.087,1985.8219
2023-10-17,714.5592,1368.0251,843.7023,2280.5204,5000.5056,6243.9325,2687.721,1467.216,1510.6508,1979.8888
2023-10-18,704.9881,1356.0216,837.1443,2298.6863,4858.7966,6207.8821,2674.1611,1460.7634,1492.181,1976.3289
2023-10-19,707.4185,1366.8997,846.5536,2360.1709,4827.9293,6283.588,2687.0073,1463.2452,1493.8992,1972.769
2023-10-20,690.8828,1354.146,853.5393,2295.8915,4776.0161,6049.2602,2661.3148,1443.3911,1488.3153,1962.6827
2023-10-23,684.6878,1339.8918,857.1035,2244.1886,4693.2355,6020.4199,2644.9002,1439.9166,1504.6374,1964.4626
2023-10-24,704.7704,1361.6482,854.6799,2263.7519,4846.169,6233.1174,2679.1569,1456.7926,1511.5098,1967.4292
2023-10-25,721.6644,1377.7779,863.0912,2280.5204,5039.7913,6287.193,2707.7041,1462.2524,1517.9527,1991.755
2023-10-26,721.8337,1382.2792,867.9384,2267.944,5011.7301,6319.6384,2708.4178,1452.8218,1520.5299,1994.7216
2023-10-27,734.9272,1396.9085,871.36,2276.3283,5109.9443,6413.3695,2743.3881,1447.3619,1521.8185,2016.0809
2023-10-30,740.6721,1402.9103,868.9364,2276.3283,5160.4545,6489.0754,2751.9523,1467.216,1531.2681,2014.301
2023-10-31,737.2493,1400.2845,868.2236,2295.8915,5093.1076,6478.2602,2746.9565,1446.8655,1515.3756,1998.8748
2023-11-01,742.4523,1406.2863,869.6492,2270.7387,5091.7045,6629.672,2758.3754,1421.5516,1511.6334,2002.9339
2023-11-02,741.7743,1408.912,867.9384,2323.8391,5066.4495,6680.1426,2753.3796,1434.4592,1509.3204,2000.5394
2023-11-03,752.1519,1427.2924,880.0565,2343.4024,5258.6687,6665.7224,2782.6405,1446.482,1523.9161,2020.5331
2023-11-06,754.9236,1427.2924,881.0545,2333.6207,5316.1941,6669.3274,2779.7858,1452.7538,1516.4126,2017.0506
2023-11-07,756.3995,1422.0409,871.0749,2361.5683,5363.8982,6658.5123,2775.5037,1443.7858,1564.2015,2026.0634
2023-11-08,766.6694,1443.4221,875.9221,2358.7735,5491.5766,6741.4283,2811.9014,1445.2824,1569.0689,2038.6812
2023-11-09,767.0789,1445.2977,874.639,2379.7342,5511.2195,6770.2686,2821.1793,1441.7902,1573.4938,2032.0719
2023-11-10,778.5577,1455.0505,869.6492,2444.0136,5609.4337,6932.4955,2844.0171,1437.3002,1582.7861,2034.4753
2023-11-13,779.1674,1452.4248,857.1035,2385.3237,5654.3316,6968.5459,2827.6024,1411.358,1579.6886,2027.8659
2023-11-14,774.2874,1446.423,866.9405,2336.4155,5624.8673,6961.3358,2819.7519,1400.3824,1589.8659,2022.4583
2023-11-15,776.7759,1470.43,871.36,2354.5814,5582.7755,7004.5963,2854.7223,1410.8591,1592.9633,2042.8872
2023-11-16,789.9079,1489.9357,874.9242,2382.529,5843.7447,6957.7308,2888.9789,1406.8679,1596.5033,2044.0889
2023-11-17,776.8206,1473.806,863.6615,2400.6949,5737.1121,6863.9997,2863.2864,1386.9124,1576.1487,2004.4328
2023-11-20,784.5415,1494.0619,857.3886,2462.1795,5793.2345,6979.361,2888.2653,1384.9168,1538.5371,1982.2014
2023-11-21,782.8652,1494.0619,843.2746,2448.2057,5626.2704,7055.0669,2866.8548,1371.9457,1519.51,1968.9827
2023-11-22,790.8846,1500.8139,841.9915,2416.066,5692.2142,7163.2182,2896.8294,1360.4712,1511.9877,1958.7683
2023-11-23,785.3807,1475.6816,829.0181,2439.8214,5654.3316,7040.6468,2864.7138,1351.4912,1513.7577,1962.9742
2023-11-24,802.87,1491.4362,841.2787,2420.2582,5871.8059,7112.7476,2893.261,1366.4579,1517.2976,1958.7683
2023-11-27,810.6229,1485.0593,840.1382,2439.8214,6092.0863,7069.4871,2893.9747,1361.9679,1522.165,1949.1547
2023-11-28,786.1349,1460.3021,835.7187,2438.4241,5960.1986,6856.7896,2864.0001,1377.4335,1515.5276,1943.747
2023-11-29,779.98,1461.4274,834.293,2523.6641,5850.76,6889.235,2859.0044,1392.4002,1508.0053,1934.1335
2023-11-30,783.5195,1467.8043,839.7105,2499.9087,5864.7906,6990.1762,2859.718,1379.9279,1506.6778,1926.3224
2023-12-01,782.2878,1471.5553,832.8673,2680.1704,5939.1527,7033.4367,2872.5643,1366.4579,1492.5182,1911.3012
2023-12-04,759.2715,1450.9071,815.8204,2650.2889,5598.6682,6902.0312,2837.7569,1357.9792,1493.8456,1925.1207
2023-12-05,751.0198,1450.5334,809.5571,2600.7552,5534.7861,6947.3083,2833.1968,1313.9239,1468.1812,1902.8893
2023-12-06,762.1165,1469.7836,815.0815,2633.628,5614.9303,7093.2859,2870.142,1328.0688,1472.6061,1896.28
2023-12-07,778.6259,1490.7121,821.3898,2724.701,5845.756,7249.2385,2931.1628,1327.0734,1491.6332,1899.8851
2023-12-08,780.5678,1502.2334,830.7802,2664.6074,5712.3109,7336.8081,2956.0998,1337.0252,1530.1298,1941.3437
2023-12-11,774.415,1495.9153,829.5374,2596.3191,5613.3033,7272.0828,2936.8627,1330.059,1515.0851,1943.1462
2023-12-12,785.2243,1508.9232,832.5755,2567.6381,5802.7092,7382.4966,2960.3747,1345.4843,1512.8727,1950.9572
2023-12-13,763.6544,1465.0678,826.2231,2502.0813,5448.2905,7218.7795,2891.2637,1344.4891,1490.7482,1925.1207
2023-12-14,758.6446,1458.7497,826.085,2504.8129,5398.0692,7173.0911,2883.4264,1346.4795,1502.2529,1929.3267
2023-12-15,758.6426,1455.0331,836.5802,2478.8633,5474.1186,7119.7878,2873.4516,1360.412,1524.3774,1950.3564
2023-12-18,753.7438,1461.7229,827.466,2426.9643,5410.9833,7066.4846,2867.0392,1366.3831,1520.395,1947.953
2023-12-19,749.3852,1458.7497,827.8802,2441.9877,5413.8531,7028.4109,2871.3141,1373.8469,1502.6954,1935.3352
2023-12-20,757.2542,1464.3245,836.4421,2472.0345,5474.1186,7150.2468,2891.2637,1381.8084,1508.8903,1943.1462
2023-12-21,774.6708,1482.164,840.9993,2586.7588,5606.1288,7371.0745,2919.0506,1387.2819,1522.165,1960.5708
2023-12-22,782.7028,1488.1105,841.5517,2609.9768,5649.1756,7439.6072,2935.4378,1384.7939,1519.51,1971.987
2023-12-25,774.8876,1485.8806,844.3136,2556.7119,5597.5194,7390.1113,2942.5626,1403.2048,1519.0675,1966.5793
2023-12-26,779.8901,1495.172,838.0993,2560.8092,5575.996,7489.103,2946.125,1390.2674,1486.7658,1941.3437
2023-12-27,780.6932,1495.172,830.6421,2578.5642,5489.9024,7504.3325,2947.55,1397.2337,1492.9606,1965.3776
2023-12-28,771.2805,1485.1373,819.3183,2582.6615,5392.3297,7355.845,2918.3381,1395.2433,1478.322,1944.9487
2023-12-29,776.1084,1487.3672,811.8612,2612.7083,5416.7228,7454.8367,2931.1628,1361.4072,1472.5125,1915.6291
2024-01-02,792.0403,1504.0917,817.5231,2567.6381,5538.6888,7629.9758,2953.9624,1376.3349,1481.0153,1913.1058
2024-01-03,798.9857,1507.065,820.9755,2683.7281,5662.0896,7748.0044,2963.9372,1390.964,1490.0422,1936.5305
2024-01-04,787.8364,1503.7201,813.5184,2608.611,5410.9833,7736.5823,2954.6748,1381.4085,1477.3888,1927.5192
2024-01-05,775.5451,1478.8191,804.266,2566.2723,5297.6267,7614.7463,2906.2259,1356.323,1472.5892,1924.515
2024-01-08,767.8672,1468.0411,807.7184,2530.7624,5126.8744,7557.6357,2886.2763,1355.4276,1464.2991,1905.2879
2024-01-09,767.3416,1465.4395,800.9517,2541.6885,5126.8744,7569.0579,2884.8513,1357.9146,1462.1175,1905.2879
2024-01-10,750.7974,1444.6268,796.3946,2413.3066,5047.9552,7325.386,2852.7895,1359.4068,1453.391,1901.6828
2024-01-11,761.7305,1459.1213,804.4041,2440.6219,5175.6607,7435.7998,2879.1515,1391.7381,1463.4265,1907.0904
2024-01-12,748.7852,1450.2016,804.6803,2375.0652,5132.6139,7222.5869,2868.4642,1387.7589,1461.6812,1907.6912
2024-01-15,744.6469,1447.9717,809.5136,2364.1391,5154.1373,7104.5583,2862.0518,1377.8108,1460.3722,1909.4938
2024-01-16,748.5748,1449.0866,811.9993,2390.0886,5161.3118,7146.4394,2870.6016,1382.2874,1462.1175,1909.4938
2024-01-17,738.2283,1433.8487,809.0993,2368.2364,5098.1765,7051.2551,2844.9522,1399.6966,1449.9005,1910.0946
2024-01-18,754.5422,1454.2898,809.7898,2396.9174,5212.968,7222.5869,2871.3141,1405.6654,1459.4996,1921.5107
2024-01-19,757.1909,1455.0331,810.8945,2401.0147,5230.1867,7287.3123,2872.7391,1414.1213,1456.009,1926.9184
2024-01-22,753.2084,1450.2016,805.3707,2492.521,5201.4888,7249.2385,2870.6016,1400.6914,1447.2825,1914.3006
2024-01-23,758.1396,1461.3513,817.385,2470.6688,5241.6658,7352.0376,2884.8513,1425.5616,1444.6646,1901.6828
2024-01-24,769.1,1469.8994,820.8374,2532.1282,5317.7152,7454.8367,2906.9384,1428.0486,1461.6812,1908.2921
2024-01-25,773.5657,1474.3592,819.3183,2525.2994,5266.059,7515.7546,2919.0506,1422.0798,1469.535,1910.6955
2024-01-26,773.783,1476.5892,813.7945,2525.2994,5103.9161,7534.7915,2922.613,1410.6395,1476.0798,1934.1285
2024-01-29,777.5765,1474.7309,820.285,2545.7858,5108.2207,7603.3242,2915.4882,1408.1524,1488.2969,1943.7421
2024-01-30,766.0447,1454.2898,805.5088,2511.6417,5024.9969,7458.644,2881.2889,1398.2044,1476.5162,1928.7209
2024-01-31,752.9061,1437.937,800.6755,2514.3732,4890.1169,7313.9639,2853.502,1380.7952,1450.3368,1905.2879
2024-02-01,749.9532,1437.5653,800.6755,2428.33,4953.2523,7371.0745,2852.7895,1364.3808,1436.3745,1886.6616
2024-02-02,733.7416,1421.5841,802.6088,2410.5751,4903.031,7165.4763,2826.4276,1358.7124,1436.368,1880.6574
2024-02-05,732.8198,1424.5573,799.8469,2428.33,4901.5961,7180.7058,2829.2775,1356.0297,1443.2556,1876.2144
2024-02-06,731.2145,1425.6723,806.7517,2455.6453,4921.6846,7150.2468,2826.4276,1353.7457,1435.4595,1875.1332
2024-02-07,730.6223,1427.1589,814.2088,2488.4237,4880.0727,7188.3205,2827.1401,1344.4055,1433.2813,1873.0912
2024-02-08,735.6828,1432.3621,813.7945,2473.4003,5010.648,7336.8081,2838.5398,1354.8365,1455.4326,1894.3224
2024-02-19,723.6693,1415.2659,798.3279,2376.431,4726.5391,7245.4311,2809.3279,1358.8097,1448.7949,1887.7282
2024-02-20,716.6663,1394.8249,803.1612,2304.0454,4725.1042,6925.6118,2767.2913,1361.7895,1450.1224,1891.325
2024-02-21,726.3837,1408.9478,806.6136,2279.4617,5017.8225,6799.9685,2790.0908,1365.7626,1462.0703,1894.3224
2024-02-22,731.8792,1411.1777,807.166,2312.24,5146.9629,6803.7759,2780.1161,1377.682,1473.5757,1905.1128
2024-02-23,729.0424,1408.5761,811.585,2314.9716,5068.0437,6845.657,2782.2535,1397.5476,1470.9206,1904.5133
2024-02-26,712.8262,1393.3382,805.785,2294.4851,4885.8123,6662.9031,2758.7415,1384.635,1466.4955,1901.516
2024-02-27,732.0699,1421.2124,815.4517,2343.6526,5079.5229,6834.2348,2805.053,1403.5073,1468.708,1903.9139
2024-02-28,728.0303,1416.0093,812.6898,2243.9518,5086.6973,6769.5095,2792.9408,1400.5275,1471.3631,1907.5107
2024-02-29,730.6989,1407.8328,820.5612,2246.6833,5141.2233,6792.3537,2786.5284,1404.9973,1475.3458,1908.7096
2024-03-01,720.0059,1398.5414,822.2183,2254.8779,5109.6556,6636.2514,2768.0038,1386.1249,1474.4607,1907.5107
2024-03-04,723.6541,1398.1698,822.6326,2253.5121,5135.4837,6777.1242,2770.1413,1379.6686,1462.9553,1890.7255
2024-03-05,712.259,1383.6752,815.5898,2237.123,4993.4293,6697.1694,2748.0542,1368.2458,1462.9553,1886.5293
2024-03-06,711.424,1379.587,820.1469,2245.3175,4936.0335,6712.3989,2738.7919,1361.7895,1458.9727,1883.5319
2024-03-07,714.2395,1378.1003,812.2755,2207.0761,4961.8616,6777.1242,2745.2043,1367.2526,1458.0877,1883.5319
2024-03-08,711.5663,1371.7822,815.5898,2209.8077,4963.2965,6678.1325,2736.6545,1379.1719,1458.5302,1880.5346
2024-03-11,683.9241,1340.1914,809.2374,2146.9825,4793.9791,6327.8542,2683.9306,1354.8365,1438.617,1861.951
2024-03-12,690.9742,1351.3411,818.3517,2182.4924,4887.2472,6331.6616,2710.2925,1361.7895,1443.4847,1866.7468
2024-03-13,675.9175,1331.6433,811.8612,2151.0798,4699.2761,6148.9077,2685.3556,1359.8029,1440.8296,1864.3489
2024-03-14,662.8179,1303.0258,809.2374,2145.6167,4588.7893,6076.5676,2636.9066,1346.8903,1435.0769,1853.5585
2024-03-15,653.8359,1297.0793,818.9041,2189.3212,4489.7817,5950.9243,2630.4942,1354.3399,1423.129,1834.9749
2024-03-18,667.5197,1305.6274,817.5231,2095.0834,4565.831,6114.6413,2654.0062,1369.2391,1433.7493,1846.9643
2024-03-19,683.2905,1327.9268,821.8041,2121.0329,4679.1876,6297.3952,2698.8928,1365.266,1449.2374,1851.1606
2024-03-20,681.3889,1326.8118,832.2993,2097.8149,4702.1459,6270.7436,2701.0302,1359.8029,1444.3697,1844.5664
2024-03-21,694.2673,1343.908,826.3612,2123.7645,4753.8021,6468.727,2726.6797,1358.313,1449.2374,1851.7601
2024-03-22,693.4774,1342.4214,820.0088,2090.9861,4779.6301,6426.8459,2723.1173,1350.3668,1441.7146,1854.7574
2024-03-25,689.6766,1332.3867,812.1374,2033.624,4727.974,6411.6164,2711.7175,1332.9843,1442.5996,1856.5558
2024-03-26,668.2271,1300.4242,803.2993,2036.3555,4623.2268,6202.2109,2661.1311,1324.0448,1415.6062,1830.7786
2024-03-27,659.6135,1292.9911,804.4041,2013.1375,4502.6957,6133.6782,2648.3063,1335.9642,1409.8535,1828.3808
2024-03-28,657.9135,1293.7344,805.0946,1987.188,4507.0004,6068.9528,2630.4942,1339.9373,1411.1811,1834.3754
2024-03-29,640.0627,1268.0902,799.7088,2009.0402,4268.8081,5874.7768,2582.7577,1334.4742,1417.3763,1826.5824
2024-04-01,645.48,1284.443,803.1612,2030.8924,4222.8915,6068.4836,2641.894,1330.0045,1434.1918,1825.3834
2024-04-02,644.1345,1287.5542,799.8121,2002.345,4146.6324,6075.345,2658.1971,1336.649,1437.2982,1832.0866
2024-04-03,635.7312,1272.0913,796.2313,2006.5375,4194.6942,5951.6449,2639.9989,1338.8222,1437.5711,1838.6453
2024-04-08,657.6347,1304.6225,801.915,2105.7427,4270.4759,6291.4318,2686.681,1359.9758,1449.3546,1859.3641
2024-04-09,678.0204,1317.3511,801.8018,2131.4582,4384.3059,6482.2017,2713.5847,1365.0081,1457.4918,1873.8607
2024-04-10,675.0809,1313.3192,803.4186,2137.0895,4343.6729,6466.3042,2695.571,1374.8566,1453.01,1863.1935
2024-04-11,690.1953,1324.3154,805.7091,2101.8937,4483.1797,6565.6635,2709.982,1373.3793,1450.3209,1871.4902
2024-04-12,705.3618,1329.8136,803.9576,2111.7486,4629.4586,6704.7665,2722.9518,1372.3945,1461.0773,1883.9352
2024-04-15,710.2186,1325.4151,801.8018,2073.7371,4713.4336,6720.664,2723.6724,1382.7354,1465.111,1888.6761
2024-04-16,705.3184,1322.4827,793.583,2052.6196,4729.6868,6565.6635,2721.5107,1366.9778,1461.5255,1888.0835
2024-04-17,730.8647,1349.6068,797.7598,2066.6979,4840.7505,6915.4083,2761.8614,1382.243,1476.3155,1902.899
2024-04-18,734.6404,1349.6068,797.7598,2128.6425,4852.9404,6947.2032,2771.2286,1406.8644,1501.4138,1933.1225
2024-04-19,733.5747,1347.041,792.9094,2115.9721,4882.738,6923.357,2763.3025,1418.6826,1500.0692,1936.6782
2024-04-22,729.4713,1345.2083,796.9514,2149.76,4848.8771,6887.5877,2750.3327,1405.8795,1513.9629,1994.1623
2024-04-23,714.5861,1334.5786,793.0441,2132.866,4698.5348,6748.4846,2735.9217,1395.0461,1475.8673,1987.0508
2024-04-24,735.5262,1349.2403,795.3346,2184.9558,4846.1682,7058.4857,2763.3025,1411.2962,1497.3801,2097.2779
2024-04-25,736.6349,1344.8418,797.3556,2215.9282,4888.1557,6990.9213,2757.5381,1416.2205,1513.5147,2147.6505
2024-04-26,738.7464,1350.7064,805.4396,2225.783,4923.371,7030.6651,2761.8614,1417.6978,1505.4474,2203.3567
2024-04-29,736.7084,1347.041,803.4186,2208.889,4898.9912,6951.1776,2749.6121,1407.8492,1503.6547,2319.51
2024-04-30,720.895,1340.0767,798.164,2158.207,4892.219,6947.2032,2740.9655,1406.3719,1548.0248,2344.9926
2024-05-06,740.2706,1369.0335,799.5113,2248.3083,5073.7133,7122.0756,2793.5656,1421.1448,1542.6538,2355.6597
2024-05-07,743.1047,1364.635,812.7153,2258.1631,5019.5359,7046.5626,2784.1984,1404.4022,1548.349,2399.5135
2024-05-08,723.5925,1346.6745,811.2332,2235.6378,4815.0162,6883.6133,2743.8477,1389.137,1542.9563,2452.8492
2024-05-09,719.8387,1344.8418,810.829,2269.4258,4793.3453,6879.6389,2743.1272,1397.0158,1571.3275,2481.8875
2024-05-10,720.1196,1342.276,806.5175,2272.2414,4750.0034,6943.2289,2742.4066,1407.3568,1566.9408,2603.3744
2024-05-13,724.7144,1351.073,814.1973,2270.8336,4705.307,7058.4857,2752.4943,1397.5083,1577.0303,2699.9713
2024-05-14,709.2897,1330.5466,812.4458,2215.9282,4507.5595,6879.6389,2717.1874,1395.5385,1565.1861,2529.8897
2024-05-15,696.8782,1327.2478,817.8352,2215.9282,4507.5595,6820.0233,2719.3491,1386.1824,1577.0303,2434.478
2024-05-16,716.8058,1357.3042,820.1256,2239.8613,4660.6106,7002.8445,2766.9053,1390.1218,1615.1949,2455.2197
2024-05-17,718.9847,1362.0692,848.285,2303.2138,4671.4461,7086.3063,2773.3902,1415.2356,1605.9827,2464.7016
2024-05-20,729.6123,1369.0335,860.0069,2306.0294,4721.5602,7110.1525,2784.919,1423.6069,1622.2136,2641.302
2024-05-21,732.6147,1373.0655,851.6534,2332.7782,4703.9526,7217.4606,2790.6834,1428.5312,1603.7894,2586.1884
2024-05-22,746.7485,1392.8587,860.0069,2356.7114,4874.6114,7320.7943,2817.3436,1467.4329,1602.4733,2612.2637
2024-05-23,738.8502,1383.6952,862.971,2335.5939,4838.0416,7205.5375,2809.4176,1430.5009,1568.6955,2603.967
2024-05-24,744.2952,1388.4602,872.4024,2415.8404,4913.89,7217.4606,2812.2998,1441.8267,1623.091,2660.2658
2024-05-27,738.6522,1379.2967,870.2467,2405.9855,4743.2312,7145.9219,2794.2861,1448.2282,1619.5816,2769.9003
2024-05-28,729.7719,1372.6989,864.992,2376.421,4613.2054,7014.7676,2788.5217,1446.751,1592.8225,2791.2346
2024-05-29,737.8156,1375.6313,869.3035,2472.1536,4675.5094,7082.3319,2795.0067,1455.1222,1599.4026,2837.4588
2024-05-30,727.5063,1369.7666,877.5223,2411.6169,4549.547,6875.6645,2783.4779,1446.2585,1716.0897,2843.9776
2024-05-31,719.6884,1358.4038,884.6632,2384.868,4525.1672,6875.6645,2761.8614,1438.8721,1778.3813,2780.5674
2024-06-03,706.1804,1343.3756,846.9377,2341.2252,4595.5978,6704.7665,2738.0833,1426.5615,1629.2324,2556.5575
2024-06-04,697.0824,1336.4113,851.9228,2359.5271,4527.876,6629.2534,2729.4368,1420.6523,1605.1054,2550.6313
2024-06-05,690.7113,1331.2797,846.1293,2367.974,4475.0531,6557.7147,2724.3929,1398.9855,1573.0822,2467.6647
2024-06-06,697.5289,1343.3756,844.243,2448.2205,4435.7744,6672.9715,2758.2587,1401.4477,1601.596,2487.8137
2024-06-07,696.4073,1339.7102,847.0724,2417.2482,4434.42,6672.9715,2747.4505,1402.4325,1601.596,2525.1487
2024-06-11,681.5967,1318.4508,839.3926,2346.8566,4340.964,6406.6886,2713.5847,1388.6446,1604.6667,2505.5923
2024-06-12,684.6069,1322.4827,841.0094,2345.4487,4410.0402,6442.4579,2719.3491,1390.6143,1587.9971,2507.9628
2024-06-13,684.8552,1327.2478,835.62,2310.2529,4385.6604,6494.1248,2729.4368,1372.8869,1557.7287,2336.1033
2024-06-14,693.7719,1333.1124,837.3716,2310.2529,4491.3063,6577.5866,2742.4066,1371.902,1560.3607,2258.4703
2024-06-17,682.6131,1324.3154,826.4581,2241.2691,4418.1668,6462.3298,2723.6724,1363.0384,1540.1817,2253.1367
2024-06-18,688.0165,1326.1481,824.5719,2214.5203,4374.8249,6521.9454,2731.5984,1361.5611,1548.0779,2367.5121
2024-06-19,688.5106,1324.682,831.578,2234.23,4377.5337,6549.766,2727.9957,1371.902,1562.1154,2356.845
2024-06-20,687.1793,1318.4508,829.1528,2234.23,4300.331,6553.7404,2720.7902,1376.3339,1561.2381,2360.9933
2024-06-21,677.2664,1305.9883,821.3382,2222.9673,4225.837,6450.4067,2704.2176,1364.5156,1543.2525,2346.1778
2024-06-24,669.1579,1294.6256,812.7153,2159.6149,4179.7862,6323.2267,2686.9244,1370.4248,1516.4934,2293.4348
2024-06-25,670.7871,1294.6255,819.8561,2183.548,4189.2672,6366.9448,2681.16,1370.9171,1513.8613,2315.9542
2024-06-26,683.1835,1305.9883,818.7782,2191.995,4282.7232,6565.6634,2704.2175,1374.8566,1517.3707,2276.8414
2024-06-27,673.0668,1295.7251,812.9847,2152.5756,4216.3559,6510.0222,2691.2477,1378.796,1509.9132,2206.9124
2024-06-28,678.6332,1299.024,815.5446,2196.2184,4262.4067,6557.7147,2698.4531,1383.2278,1511.2293,2260.2481
2024-07-01,687.3735,1305.6218,820.6645,2183.548,4342.3184,6676.9459,2709.2614,1392.0915,1529.2149,2231.2097
2024-07-02,686.8563,1305.6218,824.5718,2221.5594,4366.6982,6700.7921,2707.0997,1393.0764,1531.4082,2230.6171
2024-07-03,700.745,1326.5146,825.2455,2228.5986,4419.5212,6867.7157,2744.5682,1397.5082,1542.3751,2249.5809
2024-07-04,698.0703,1325.4151,814.7363,2215.9282,4377.5337,6871.6902,2738.8039,1396.031,1539.3044,2259.0629
2024-07-05,682.2035,1302.3229,810.1553,2145.5365,4217.7104,6720.664,2708.5409,1401.4477,1512.1067,2248.9884
2024-07-08,668.3876,1283.9958,801.9365,2103.3016,4215.0015,6561.6891,2670.3518,1400.9552,1495.4371,2209.2829
2024-07-09,671.3552,1288.3943,804.9007,2115.9721,4233.9636,6629.2534,2673.9545,1379.7809,1478.3288,2174.3184
2024-07-10,659.0089,1274.8323,794.5262,2061.0666,4147.2798,6462.3298,2652.3381,1371.902,1463.4139,2100.241
2024-07-11,667.0276,1288.0278,797.3556,2062.4744,4225.837,6581.561,2668.1902,1365.9929,1480.5222,2125.131
2024-07-12,666.7148,1291.3267,797.7598,2073.7371,4255.6346,6573.6122,2672.5135,1369.4399,1465.6073,2098.0531
2024-07-15,674.7648,1301.5898,784.2864,2049.8039,4281.3689,6629.2534,2690.5272,1371.4096,1469.994,2083.8774
2024-07-16,668.6938,1299.0241,787.52,2046.9883,4255.6346,6549.766,2688.3655,1375.349,1466.4846,2089.5659
2024-07-17,655.5804,1278.1312,793.0441,2025.8708,4215.0016,6398.7398,2642.971,1360.5762,1463.4139,2045.3792
2024-07-18,658.2925,1279.9639,790.7536,2054.0274,4236.6725,6450.4067,2646.5737,1362.5459,1468.2393,2057.4345
2024-07-19,653.1193,1275.1988,786.1727,2031.5021,4181.1407,6394.7655,2640.8093,1360.5762,1454.2018,2099.3409
2024-07-22,647.6185,1264.9357,787.3853,2010.3846,4082.2669,6347.073,2618.4723,1364.0232,1462.5366,2083.2672
2024-07-23,635.317,1245.1424,773.3729,1979.4123,4014.5452,6156.3031,2581.7244,1382.243,1459.0272,2049.3976
2024-07-24,636.5789,1242.9432,779.0318,2008.9768,4033.5073,6164.2518,2574.5189,1385.1976,1475.6968,2091.3041
2024-07-25,628.5008,1220.2176,771.6214,1987.8593,3992.8742,6076.8157,2534.8887,1355.6519,1480.9609,2078.1007
2024-07-26,636.3201,1235.6123,773.2382,1956.887,4029.444,6192.0725,2562.9901,1365.0081,1481.8382,2044.2311
2024-07-29,634.6536,1232.68,766.771,1887.9032,4001.0008,6203.9956,2539.212,1373.8718,1491.9277,1995.4359
2024-07-30,617.9874,1209.9544,756.3965,1894.9424,3918.3803,6009.2513,2484.4504,1369.4399,1446.7443,1943.7704
2024-07-31,623.9753,1219.1179,767.7141,1935.7695,3957.6589,6104.3,2506.7874,1386.6749,1461.2206,1944.9185
2024-08-01,627.4009,1229.7477,765.6931,1896.3502,3876.3928,6236.8988,2525.5216,1389.137,1470.4327,1935.7336
2024-08-02,631.0602,1238.5447,768.0737,1928.5132,3865.5573,6332.0633,2539.9326,1390.3181,1517.2041,1948.937
2024-08-05,630.2789,1234.1462,764.6956,1904.6478,3857.6342,6313.417,2540.6531,1385.5945,1532.4609,1943.7704
2024-08-06,620.6829,1211.7871,756.0498,1881.5167,3801.384,6203.6538,2512.5517,1369.9568,1535.9836,1901.864
2024-08-07,617.6818,1211.054,755.5785,1858.802,3767.2461,6089.8253,2508.2284,1366.5186,1504.2982,1888.6606
2024-08-08,605.0466,1192.7269,749.8386,1831.7845,3667.9405,5931.2784,2460.6723,1361.1154,1439.2811,1843.8838
2024-08-09,609.4924,1201.1574,747.2296,1854.7494,3625.9266,6028.8457,2471.4805,1360.133,1445.5156,1879.4756
2024-08-12,599.4891,1180.9976,738.7502,1843.9424,3534.2599,5967.8661,2431.1298,1348.8354,1435.7185,1865.1241
2024-08-13,594.0837,1163.0371,727.2704,1787.2057,3460.4173,5971.9314,2403.0284,1343.4322,1426.3668,1887.5124
2024-08-14,580.1042,1135.913,731.184,1748.0303,3371.2969,5797.1234,2338.8996,1332.6258,1413.4524,1875.4571
2024-08-15,581.3225,1143.2438,719.1824,1739.9251,3426.0423,5719.8826,2321.6065,1338.029,1405.882,1849.0503
2024-08-16,576.0645,1128.2156,719.8346,1722.3638,3418.4034,5667.0336,2277.653,1341.4674,1401.8741,1851.3466
2024-08-19,582.2864,1156.8058,729.0967,1722.3638,3428.5886,5788.9928,2288.4612,1349.3266,1406.3273,1822.6435
2024-08-20,581.5386,1162.6705,730.6622,1749.3812,3378.9358,5776.7968,2318.0037,1341.4674,1408.1086,1818.0511
2024-08-21,600.662,1185.7626,744.751,1787.2057,3494.7923,6032.911,2386.4558,1358.1682,1419.2416,1839.8654
2024-08-22,590.0675,1163.4036,733.5321,1707.5041,3420.9497,5935.3437,2339.6202,1346.8706,1408.9992,1808.8661
2024-08-23,582.5315,1156.0728,722.9655,1689.9428,3345.8339,5849.9723,2319.4448,1348.8354,1405.4366,1788.1999
2024-08-26,604.294,1196.3924,738.4893,1687.241,3465.5099,6102.0212,2397.9846,1356.6946,1423.2495,1817.477
2024-08-27,607.0716,1190.8942,739.5329,1708.855,3522.8016,6163.0007,2398.7051,1366.5186,1423.6948,1822.6435
2024-08-28,606.3058,1196.3924,733.9235,1691.2937,3518.9821,6134.5436,2392.9407,1360.133,1428.1481,1838.7172
2024-08-29,606.9465,1194.5596,733.2712,1703.4515,3531.7136,6179.2619,2385.7352,1362.0978,1429.484,1842.7357
2024-08-30,603.5771,1180.9976,728.7054,1707.5041,3489.6997,6130.4783,2379.2503,1361.6066,1426.8121,1840.4394
2024-09-02,585.3484,1164.8698,713.5729,1591.329,3380.2089,5882.4948,2338.6976,1332.2406,1387.6238,1804.8477
2024-09-03,569.6647,1135.4755,705.7458,1544.0484,3348.3802,5719.8826,2290.8036,1329.0038,1379.3684,1796.8108
2024-09-04,560.9198,1123.9848,700.1364,1518.3819,3199.4219,5606.0541,2260.0278,1318.6061,1374.3519,1777.8668
2024-09-05,553.3069,1112.9265,695.3096,1521.0836,3152.3154,5516.6174,2227.888,1321.7445,1364.4807,1769.2559
2024-09-06,552.3849,1099.869,698.9623,1517.031,3135.7645,5561.3357,2206.5072,1320.2737,1354.4742,1771.5521
2024-09-09,553.3412,1109.6024,704.1804,1510.2766,3133.2182,5569.4664,2237.8658,1301.6438,1342.2125,1753.1822
2024-09-10,549.5088,1110.3233,696.4837,1467.0487,3125.5793,5488.1603,2235.015,1297.7217,1336.5196,1733.6641
2024-09-11,564.2901,1130.8715,703.1368,1471.1013,3213.4265,5642.6418,2272.0752,1300.6632,1352.2846,1748.5897
2024-09-12,573.0621,1148.1753,704.0499,1415.7155,3265.6256,5748.3397,2311.9862,1311.9393,1357.9775,1750.3119
2024-09-13,565.2919,1149.9777,694.7878,1379.2419,3231.2506,5642.6418,2312.6989,1308.9977,1347.9054,1720.4607
2024-09-18,558.6272,1135.558,678.6118,1391.3997,3213.4265,5488.1603,2277.7768,1310.9587,1346.5917,1700.3686
2024-09-19,575.8299,1155.7457,689.9611,1444.0838,3287.2691,5634.5112,2315.5497,1319.7834,1362.7946,1753.1822
2024-09-20,568.2449,1140.9654,682.134,1402.2067,3243.9821,5528.8133,2300.583,1310.4685,1346.1538,1733.09
2024-09-23,555.3648,1112.8468,676.9159,1434.6277,3133.2182,5354.0052,2257.1086,1285.4651,1326.8855,1711.8498
2024-09-24,583.6924,1159.7111,702.8759,1506.224,3317.8247,5687.3602,2351.8972,1303.6048,1353.5983,1743.9972
2024-09-25,590.514,1162.5951,706.3981,1525.1362,3372.5701,5764.6009,2356.1733,1312.4295,1369.3633,1769.8299
2024-09-26,604.0997,1182.7828,716.182,1544.0484,3468.0562,5919.0825,2388.9574,1314.3906,1371.9908,1773.2743
2024-09-27,622.0954,1204.4124,724.9223,1629.1535,3569.9081,6097.9559,2444.5477,1321.2542,1407.8999,1808.8661
2024-09-30,673.0854,1280.1163,756.4917,1742.6269,3936.5748,6679.2943,2596.3519,1365.868,1487.6006,1911.0489
2024-10-08,644.4369,1256.6841,740.4461,1637.2587,3772.3386,6370.3312,2566.4187,1369.7881,1452.1294,1821.4954
2024-10-09,644.4263,1249.4743,727.9227,1603.4869,3731.5979,6321.5476,2545.0378,1363.7174,1445.5607,1832.4026
2024-10-10,638.926,1240.8224,726.0963,1552.1537,3657.7553,6305.2864,2550.0267,1362.4438,1450.3778,1830.1063
2024-10-11,648.5137,1250.1952,729.749,1599.4343,3778.7044,6415.0496,2564.9933,1364.8858,1462.2015,1833.5507
2024-10-14,656.8822,1262.4521,731.9667,1656.171,3815.6257,6508.5516,2589.9377,1370.2517,1449.064,1827.236
2024-10-15,648.4703,1249.8347,734.8366,1748.0304,3745.6025,6435.3761,2567.8441,1357.5687,1460.4498,1828.9582
2024-10-16,640.6312,1242.6249,731.7058,1769.6443,3646.297,6362.2006,2556.4409,1368.7883,1435.9265,1803.6995
2024-10-17,610.4942,1189.6322,709.7898,1599.4343,3412.0377,6065.4334,2448.8238,1344.3979,1398.2658,1757.2006
2024-10-18,619.1113,1202.61,711.2248,1661.5744,3440.0469,6183.3272,2502.276,1343.9101,1409.2137,1769.8299
2024-10-21,623.2054,1210.5408,700.1364,1683.1884,3475.6951,6256.5027,2507.2649,1352.6906,1393.8866,1758.9228
2024-10-22,618.8419,1207.2964,704.8326,1708.855,3413.3108,6195.5232,2489.4475,1329.7636,1382.9387,1753.7562
2024-10-23,610.3074,1195.4001,703.1368,1695.3463,3382.7552,6065.4334,2477.3317,1317.5685,1382.5008,1754.3303
2024-10-24,614.9128,1200.447,707.3112,1822.3284,3404.3988,6138.6089,2482.3206,1330.7393,1377.6837,1756.0525
2024-10-25,625.2465,1217.0297,716.8342,1822.3284,3450.2321,6256.5027,2522.9442,1334.1539,1441.6194,1807.718
2024-10-28,642.6347,1244.0668,726.3572,1907.4334,3589.0053,6370.3312,2576.3964,1340.4954,1443.3711,1835.8469
2024-10-29,632.7302,1233.6125,710.9639,1846.6441,3478.2414,6321.5476,2543.6124,1328.788,1430.2336,1820.3473
2024-10-30,637.9634,1240.8224,713.7034,1849.3459,3507.5238,6386.5924,2557.1536,1331.2271,1433.299,1825.5138
2024-10-31,634.7979,1235.415,714.8775,1833.1354,3468.0562,6354.07,2556.4409,1318.0563,1436.3645,1836.421
2024-11-01,625.1292,1223.1581,706.7894,1843.9424,3404.3988,6264.6333,2536.4855,1321.4709,1424.1028,1820.3473
2024-11-04,634.334,1234.694,714.6166,1806.1179,3478.2414,6333.7435,2554.3029,1322.0541,1414.0307,1843.8838
2024-11-05,635.7253,1237.5779,709.9203,1873.6616,3457.871,6431.3108,2559.2917,1318.3624,1409.2137,1841.0135
2024-11-06,628.8189,1222.7977,703.2672,1868.2581,3354.746,6354.07,2537.1982,1310.417,1391.2591,1830.1063
2024-11-07,637.2847,1238.6594,712.3989,1870.9598,3412.0377,6500.4209,2558.579,1323.4296,1415.3445,1863.4019
2024-11-08,625.499,1213.7853,703.5281,1827.7319,3367.4775,6309.3517,2523.6569,1317.1643,1390.8212,1831.8285
2024-11-11,616.1656,1200.8075,695.9619,1791.2583,3311.4589,6195.5232,2501.5633,1307.5253,1382.5008,1794.5146
2024-11-12,615.8669,1205.4939,697.9187,1776.3987,3259.2598,6228.0456,2505.1268,1295.9586,1381.187,1803.6995
2024-11-13,615.1574,1202.9705,697.5273,1804.767,3275.8108,6199.5885,2503.7014,1291.1391,1390.8212,1818.6251
2024-11-14,609.9909,1194.3186,692.7006,1731.8199,3231.2506,6146.7395,2483.0333,1281.9821,1380.3112,1795.6627
2024-11-15,600.0235,1165.1185,689.0479,1699.3989,3210.8802,5984.1273,2437.4207,1278.6084,1371.115,1771.5521
2024-11-18,610.5835,1182.0618,689.3088,1673.7323,3250.3478,6187.3925,2473.7682,1282.946,1390.3833,1781.3112
2024-11-19,618.8286,1197.563,690.3525,1698.048,3292.3617,6309.3517,2490.8729,1284.8738,1393.8866,1792.2183
2024-11-20,617.4678,1196.4815,689.0479,1689.9428,3265.6256,6297.1557,2486.5967,1285.8377,1398.2658,1810.0142
2024-11-21,624.3741,1201.168,692.4397,1723.7146,3352.1997,6321.5476,2492.2983,1287.2835,1410.5274,1816.3289
2024-11-22,613.6055,1181.3408,683.0471,1675.0832,3269.445,6252.4374,2457.3762,1273.789,1398.2658,1814.0326
2024-11-25,617.6561,1188.5507,687.3521,1679.1358,3241.4358,6354.07,2468.0666,1274.7529,1390.8212,1818.6251
2024-11-26,609.7147,1190.7136,684.3517,1677.7849,3241.4358,6366.2659,2473.7682,1262.2222,1391.2591,1828.3841
2024-11-27,614.1541,1192.8766,683.1776,1679.1358,3203.2413,6439.4414,2475.1936,1258.8486,1393.8866,1835.2729
2024-11-28,610.79,1193.9581,679.264,1683.1884,3162.5006,6394.723,2475.9063,1260.7764,1393.0108,1840.4394
2024-11-29,615.7171,1196.1211,679.3945,1706.1533,3171.4126,6484.1597,2486.5967,1253.5471,1383.3766,1827.236
2024-12-02,619.4503,1201.5285,673.1328,1748.0304,3140.8571,6553.2699,2508.6903,1250.1735,1409.6516,1836.9951
2024-12-03,616.0567,1208.3481,665.1435,1732.8875,3131.7522,6617.0229,2525.3363,1259.2202,1396.1371,1819.5867
2024-12-04,614.1249,1202.5737,657.1334,1689.2528,3046.5973,6598.0789,2511.2843,1255.0875,1394.0281,1808.6046
2024-12-05,602.1003,1180.5118,657.9811,1640.1677,2989.0223,6505.8206,2467.9226,1238.2003,1380.2657,1793.9072
2024-12-06,600.2798,1170.592,649.0659,1643.8583,2979.6317,6474.339,2456.1874,1237.3428,1387.5116,1802.1007
2024-12-09,604.1149,1177.3094,649.3118,1617.5374,2944.634,6582.4526,2462.5451,1244.0363,1386.6255,1783.382
2024-12-10,608.4692,1202.7647,656.9349,1666.59,2997.734,6682.2497,2507.0489,1256.4671,1389.7266,1803.2352
2024-12-11,609.7806,1206.6537,662.5907,1666.59,3046.0067,6669.7751,2515.5258,1254.5547,1407.8901,1814.5798
2024-12-12,614.4191,1211.9569,666.7711,1692.9108,3082.2112,6757.0976,2516.2322,1259.3358,1395.9288,1814.0126
2024-12-13,601.4291,1187.9158,660.7464,1645.0547,2998.9408,6628.1929,2466.0771,1249.2955,1389.2836,1789.0543
2024-12-16,600.9808,1188.6229,661.73,1630.6979,2949.4613,6673.9333,2467.4899,1243.0801,1412.3202,1790.1888
2024-12-17,599.7952,1189.3299,657.4267,1641.4655,2918.0841,6624.0347,2467.4899,1241.6458,1397.2578,1787.9199
2024-12-18,589.8341,1170.9455,655.9513,1642.6619,2833.6068,6474.339,2437.1143,1234.4742,1383.9675,1768.0667
2024-12-19,584.5274,1162.1069,650.6643,1672.572,2769.6455,6474.339,2415.2156,1230.1712,1387.0686,1765.7978
2024-12-20,581.3957,1159.2785,653.8611,1642.6619,2801.0228,6395.333,2408.8579,1233.0398,1376.4363,1752.7514
2024-12-23,585.6176,1163.1675,658.9021,1641.4655,2788.9546,6486.8137,2414.5092,1246.4269,1378.6513,1749.9152
2024-12-24,588.8019,1171.6526,657.4267,1670.1792,2782.9205,6511.7629,2423.6925,1245.9488,1382.6384,1753.3186
2024-12-25,586.7207,1166.703,653.7381,1636.6799,2782.9205,6453.548,2419.4541,1239.7334,1381.7524,1747.0791
2024-12-26,587.3984,1168.4707,651.7709,1610.359,2753.9569,6457.7062,2421.5733,1244.0363,1377.7653,1732.8982
2024-12-27,581.8801,1155.3895,648.0823,1598.395,2751.5433,6316.3269,2401.7938,1236.8647,1368.0191,1726.6587
2024-12-30,590.1174,1172.7133,654.8447,1607.9662,2793.7819,6449.3897,2425.1053,1244.9925,1378.2083,1730.6293
2024-12-31,589.8617,1169.8849,650.4184,1587.6273,2801.0228,6478.4972,2414.5092,1234.9523,1385.7395,1727.2259
2025-01-02,587.5044,1168.8243,643.9019,1600.7878,2833.6068,6503.4465,2418.7476,1218.2185,1395.0428,1735.1672
2025-01-03,576.8649,1156.8037,632.5903,1605.5734,2772.0592,6353.7508,2385.5464,1215.2636,1382.6525,1727.2259
2025-01-06,573.4885,1149.7328,633.2051,1598.395,2790.1614,6249.7955,2372.1246,1220.983,1384.6764,1720.9863
2025-01-07,570.0233,1145.1367,625.4591,1597.1986,2722.5797,6237.3208,2361.5284,1223.8389,1366.7166,1710.2089
2025-01-08,566.9377,1135.2374,623.0,1548.146,2662.2388,6216.5298,2345.9874,1239.2339,1372.9701,1709.6417
2025-01-09,568.4511,1133.1161,632.5903,1578.0561,2647.757,6274.7448,2340.3361,1250.1418,1395.8456,1718.1502
2025-01-10,568.0095,1132.0554,630.746,1566.0921,2615.1729,6266.4283,2339.6297,1244.925,1402.8842,1782.8148
2025-01-13,577.6438,1148.6721,640.3363,1629.5015,2702.0638,6391.1747,2371.4182,1256.7814,1400.6847,1798.1301
2025-01-14,584.267,1160.6927,643.9019,1664.1972,2726.2001,6511.7629,2408.1515,1250.616,1409.4829,1838.4036
2025-01-15,585.2618,1163.1675,648.6971,1664.1972,2720.166,6507.6047,2413.8028,1248.719,1428.8391,1904.2027
2025-01-16,597.1141,1176.2487,657.3037,1718.0353,2810.6773,6628.1929,2434.9951,1254.8844,1425.3198,1890.5891
2025-01-17,601.8098,1192.1583,654.8447,1739.5706,2837.2273,6682.2497,2461.1322,1263.421,1431.9185,1911.5768
2025-01-20,597.3636,1185.7945,649.0659,1695.3037,2749.1296,6657.3004,2452.6553,1230.6972,1406.8435,1918.3836
2025-01-21,600.4837,1185.7945,652.1397,1685.7324,2784.1273,6690.5661,2449.8297,1248.719,1421.3606,1877.5428
2025-01-22,598.7823,1179.7842,650.2954,1671.3756,2759.991,6657.3004,2437.1143,1249.1933,1394.086,1907.0389
2025-01-23,599.6387,1185.0874,634.1887,1659.4115,2733.441,6665.6169,2442.0592,1238.7596,1394.9658,1900.7993
2025-01-24,602.8336,1193.9261,636.2789,1671.3756,2729.8206,6707.199,2453.3617,1236.8626,1398.925,1951.8503
2025-01-27,605.4077,1195.6938,647.7134,1629.5015,2739.4751,6740.4647,2461.8387,1264.3695,1416.0816,1942.7746
2025-02-05,589.8279,1173.7739,634.8034,1588.8237,2651.3774,6661.4586,2413.0964,1268.1636,1389.6868,1925.1904
2025-02-06,601.644,1186.8551,635.1723,1599.5914,2718.9592,6798.6797,2438.5271,1274.9224,1420.7154,2068.1332
2025-02-07,604.3717,1185.0874,643.0412,1605.5734,2784.1273,6794.5215,2436.4079,1271.6813,1442.0968,2073.8055
2025-02-10,603.6643,1177.6629,640.8281,1612.7518,2768.4387,6873.5276,2427.2246,1267.9581,1423.4554,2036.3681
2025-02-11,591.376,1157.8643,642.5494,1582.8417,2708.0979,6752.9394,2392.6105,1256.0542,1401.3553,1890.0219
2025-02-12,595.213,1163.8746,648.3282,1581.6453,2721.3728,6890.1604,2412.39,1255.0917,1402.6823,1828.7607
2025-02-13,588.9818,1154.3289,638.1232,1520.6288,2651.3774,6719.6736,2392.6105,1259.9041,1389.4119,1826.4917
2025-02-14,587.5028,1153.2682,642.9183,1508.6647,2618.7934,6740.4647,2385.5464,1259.9041,1384.1037,1802.1007
2025-02-17,588.0051,1163.1675,648.82,1520.6288,2628.4479,6707.199,2406.0323,1255.5729,1381.892,1814.5798
2025-02-18,594.7023,1171.2991,649.0659,1531.3964,2641.7229,6802.8379,2422.9861,1257.4979,1379.6803,1836.702
2025-02-19,596.7194,1172.0062,648.0823,1523.0216,2621.207,6823.629,2422.9861,1263.2729,1377.0262,1842.3743
2025-02-20,609.3017,1187.2087,650.4184,1546.9496,2705.6842,6960.85,2449.8297,1274.8228,1379.6803,1852.5845
2025-02-21,611.1189,1188.2693,647.0987,1515.8431,2727.4069,6973.3247,2451.2425,1273.379,1373.9297,1837.2692
2025-02-24,604.971,1180.8448,646.1151,1517.0395,2674.307,6923.4261,2423.6925,1277.7103,1373.9297,1841.2398
2025-02-25,593.3912,1157.1572,640.7052,1479.951,2618.7934,6761.2558,2384.84,1263.7541,1367.2945,1806.0713
2025-02-26,598.4846,1180.4913,635.2952,1464.3978,2626.0343,6752.9394,2424.3989,1267.1228,1366.4098,1812.3109
2025-02-27,597.8505,1176.9558,638.1232,1476.3618,2648.9638,6694.7244,2416.6284,1271.9353,1365.5252,1799.8318
2025-02-28,596.6325,1176.6023,636.8936,1493.1115,2638.1025,6648.984,2419.4541,1273.379,1357.5629,1795.8611
2025-03-03,590.0938,1165.2888,642.7953,1467.987,2664.6524,6482.6554,2410.2707,1275.304,1357.5629,1797.5628
2025-03-04,585.3503,1160.3391,637.5084,1472.7726,2633.2752,6495.1301,2400.381,1274.8228,1350.9277,1800.399
2025-03-05,578.9294,1152.2076,628.164,1438.0769,2562.073,6411.9658,2384.84,1281.079,1343.8502,1802.6679
2025-03-06,580.5557,1160.3391,631.3608,1442.8625,2582.5889,6428.5987,2398.9682,1291.6664,1346.9466,1810.6092
2025-03-07,579.1546,1149.7328,628.287,1414.1488,2613.9661,6436.9151,2375.6566,1288.2977,1345.1772,1817.416
2025-03-10,573.534,1138.4193,624.8443,1367.4891,2566.9002,6395.333,2365.7669,1298.4039,1331.9068,1799.2645
2025-03-11,574.1994,1134.5303,622.1393,1379.4531,2560.8662,6441.0733,2364.3541,1300.3289,1336.7726,1803.2352
2025-03-12,574.7241,1140.5405,616.9753,1372.2747,2589.8298,6399.4912,2375.6566,1305.6226,1325.7139,1793.025
2025-03-13,580.8286,1151.1469,619.1885,1377.0603,2635.6888,6486.8137,2410.9771,1307.5476,1323.0598,1788.4871
2025-03-14,585.0089,1155.036,623.123,1391.4172,2626.0343,6603.2437,2432.1694,1310.435,1337.2149,1791.3233
2025-03-17,575.9081,1137.3586,622.7541,1402.1848,2562.073,6474.339,2391.9041,1313.8038,1339.869,1755.5876
2025-03-18,572.9645,1128.1664,615.6229,1385.4352,2530.6957,6461.8644,2380.6015,1295.5164,1331.4644,1752.1842
2025-03-19,567.4855,1117.9136,617.959,1406.9704,2476.3889,6320.4851,2365.0605,1298.8851,1323.0598,1732.8982
2025-03-20,568.6189,1122.8632,618.4508,1403.3812,2488.4571,6337.118,2371.4182,1292.6289,1327.9257,1731.7638
2025-03-21,564.6727,1115.7923,617.2212,1403.3812,2437.7708,6299.694,2367.1797,1284.929,1321.7328,1722.1208
2025-03-24,575.6024,1132.7625,634.3116,1483.5402,2486.0435,6482.6555,2398.9682,1288.7789,1331.9068,1736.3016
2025-03-25,574.6334,1138.4193,630.3771,1507.4683,2478.8026,6453.548,2391.9041,1285.4102,1327.4833,1732.331
2025-03-26,575.9735,1134.5303,629.2706,1470.3798,2475.1821,6486.8137,2391.9041,1290.7039,1331.4644,1743.1084
2025-03-27,579.4789,1134.1767,630.6231,1478.7546,2498.1117,6561.6615,2388.372,1293.5914,1327.4833,1738.5706
2025-03-28,576.1589,1130.2877,629.2706,1432.0949,2471.5617,6532.554,2383.4271,1302.7351,1330.5797,1723.2553
2025-03-31,567.656,1116.8529,624.4754,1412.9524,2385.8777,6428.5987,2360.822,1286.3727,1320.8481,1721.5536
2025-04-01,572.5862,1120.742,626.9345,1477.5582,2432.9435,6586.6108,2372.831,1303.6976,1323.5022,1743.1084
2025-04-02,571.8307,1119.0597,623.704,1467.7481,2421.5269,6583.2842,2367.476,1305.3294,1317.9986,1743.3327
2025-04-03,569.5815,1116.4298,623.3869,1443.5879,2419.4499,6554.2215,2354.9592,1292.8645,1322.5265,1744.6859
2025-04-07,552.6238,1087.375,605.9467,1417.2497,2361.0872,6343.4773,2286.2276,1240.8173,1304.6795,1709.6551
2025-04-08,538.7057,1071.8283,603.6824,1415.8757,2273.3246,6113.2403,2245.6558,1227.5362,1317.6703,1695.0485
2025-04-09,535.3639,1067.335,597.6994,1417.0585,2256.4851,6077.9546,2249.1613,1214.1779,1326.2062,1678.8145
2025-04-10,543.9326,1084.9626,605.4773,1437.167,2268.8341,6236.7401,2282.1135,1217.0404,1325.3077,1695.0485
2025-04-11,541.6876,1082.1975,606.1952,1428.8871,2237.4004,6245.5615,2272.9991,1217.9945,1320.3659,1692.2495
2025-04-14,543.225,1080.4693,607.7508,1426.5214,2236.2778,6227.9187,2272.9991,1221.8112,1316.3226,1690.5701
2025-04-15,544.8673,1080.1236,606.3149,1396.95,2212.7026,6289.6686,2268.7924,1227.0591,1297.0045,1668.1785
2025-04-16,539.6012,1069.0632,604.7593,1401.6814,2168.92,6245.5615,2247.058,1223.2424,1277.2372,1650.2651
2025-04-17,538.2751,1068.7175,602.2465,1379.2072,2134.1185,6236.7401,2237.2424,1225.6279,1270.9476,1651.9445
2025-04-18,535.9341,1063.1873,602.1268,1327.1617,2138.6091,6166.1688,2230.2313,1219.4258,1276.3387,1650.2651
2025-04-21,543.8622,1075.9759,603.6824,1336.6245,2147.5901,6311.7221,2249.8624,1220.3799,1286.2223,1656.9826
2025-04-22,536.727,1062.8416,590.5198,1329.5274,2084.7228,6272.0257,2223.2202,1210.8383,1272.7446,1626.1941
2025-04-23,550.2757,1084.2713,599.0157,1365.013,2161.0616,6417.5791,2266.6891,1220.3799,1281.2805,1649.1456
2025-04-24,545.1952,1073.5565,594.4686,1342.5388,2146.4675,6355.8292,2246.3569,1219.4258,1270.9476,1629.5529
2025-04-25,541.9107,1071.8283,593.631,1325.9788,2146.4675,6254.3829,2246.3569,1209.8841,1266.9043,1622.2756
2025-04-28,545.2349,1081.5062,596.9814,1327.1617,2126.2601,6267.615,2269.4935,1217.9945,1268.7013,1624.5147
2025-04-29,542.32,1071.4826,592.1951,1310.6017,2092.5812,6254.3829,2250.5635,1213.7008,1259.7162,1611.6395
2025-04-30,533.8286,1070.1001,591.3574,1279.8475,2089.2134,6205.8651,2246.3569,1208.9299,1255.6729,1609.9602
2025-05-06,529.97,1063.5329,580.8274,1266.8361,2046.5534,6214.6865,2240.748,1215.132,1212.5442,1556.2202
2025-05-07,536.6961,1070.7914,583.4599,1270.3847,2038.695,6245.5615,2255.4713,1212.9382,1218.9997,1566.8562
2025-05-08,530.2925,1054.8919,579.0325,1250.2762,2007.2614,6117.651,2237.2424,1212.8421,1225.8936,1611.6395
2025-05-09,527.4029,1044.5227,574.9641,1223.0705,1970.2146,6139.7045,2213.4047,1213.4149,1228.1188,1611.6395
2025-05-12,540.2013,1065.2611,578.6735,1236.0819,1997.1577,6338.1863,2257.5746,1229.5912,1248.8138,1641.8683
2025-05-13,537.0091,1064.2242,578.7932,1201.7792,1954.4978,6302.9007,2254.0691,1229.5912,1243.4959,1626.1941
2025-05-14,550.126,1080.8149,596.6225,1237.2648,2008.384,6501.3825,2290.5268,1243.8556,1258.1201,1641.3085
2025-05-15,549.0093,1077.7041,603.2037,1225.4363,1982.5636,6496.9718,2285.619,1235.7725,1254.1317,1644.6672
2025-05-16,541.6612,1065.2611,591.9557,1188.7678,1914.0832,6421.9898,2261.7813,1232.9196,1263.8811,1639.6291
2025-05-19,538.5272,1060.7678,593.3917,1204.1449,1897.2437,6373.472,2248.4602,1231.4932,1260.779,1635.7106
2025-05-20,538.0209,1056.9658,592.1951,1212.4249,1882.6495,6395.5255,2244.9546,1221.0326,1249.257,1617.2374
2025-05-21,540.4176,1058.0027,594.5882,1223.0705,1890.5079,6426.4005,2251.2646,1223.8855,1245.2685,1621.156
2025-05-22,538.5968,1058.0027,589.4429,1204.1449,1857.9517,6413.1684,2250.5635,1224.8364,1245.7117,1678.8145
2025-05-23,530.4866,1052.8181,580.8274,1182.8535,1799.575,6333.7756,2235.8402,1224.361,1221.3381,1600.4437
2025-05-26,523.1525,1038.3012,582.1437,1205.3277,1795.0844,6232.3294,2200.0836,1224.361,1220.0087,1586.4489
2025-05-27,518.3955,1030.0059,573.5282,1219.522,1795.0844,6161.758,2181.1536,1222.459,1208.0434,1571.8943
2025-05-28,514.7283,1024.4757,569.3401,1193.4992,1749.0566,6161.758,2173.4414,1205.8172,1208.0434,1569.0954
2025-05-29,515.2395,1029.3146,567.6649,1165.1107,1704.1515,6236.7401,2180.4525,1206.7682,1179.2383,1547.8233
2025-05-30,509.7098,1023.4387,570.058,1161.5622,1630.0579,6192.633,2156.6148,1206.2927,1173.9204,1533.2687
2025-06-03,504.3364,1012.0326,567.7845,1128.4423,1614.3411,6135.2938,2139.7881,1201.0624,1151.6633,1517.5946
2025-06-04,513.6347,1027.932,578.4342,1168.6593,1724.3588,6214.6865,2171.3381,1209.4279,1165.8935,1539.9862
2025-06-05,509.646,1022.7475,568.0238,1139.0879,1699.6609,6183.8116,2157.3159,1206.5768,1154.4131,1534.3883
2025-06-06,514.7144,1028.2777,573.1692,1179.305,1747.934,6241.1508,2167.8325,1206.4814,1155.2195,1550.0625
2025-06-09,513.1435,1030.3515,576.2803,1189.9506,1751.3019,6201.4544,2169.9359,1201.5436,1171.063,1553.981
2025-06-10,510.928,1027.932,575.5624,1176.9393,1762.5282,6161.758,2165.7292,1183.0291,1171.063,1551.1821
2025-06-11,515.0103,1033.8079,578.1949,1180.4878,1759.1603,6236.7401,2179.0503,1196.3215,1173.3264,1535.5079
2025-06-12,510.4211,1025.8582,577.4769,1160.3793,1720.9909,6210.2758,2159.4192,1194.8973,1169.2523,1518.7142
2025-06-13,511.3972,1026.2039,581.4257,1154.465,1738.953,6201.4544,2160.8214,1191.5742,1175.1371,1532.7089
2025-06-16,515.3897,1033.4623,581.5454,1159.1965,1786.1034,6214.6865,2176.2459,1191.5742,1197.7707,1562.9377
2025-06-17,512.5081,1030.3515,578.3146,1152.0993,1772.6319,6166.1688,2168.5336,1184.928,1191.4333,1549.5027
2025-06-18,513.542,1032.0797,586.2121,1159.1965,1774.8771,6135.2938,2174.8436,1189.2006,1197.318,1555.1006
2025-06-19,514.3289,1032.0797,586.3317,1180.4878,1774.8771,6157.3473,2175.5447,1193.9479,1201.8447,1562.9377
2025-06-20,516.8155,1034.1536,586.6907,1191.1335,1784.9808,6201.4544,2184.6592,1187.3016,1199.5814,1571.8943
2025-06-23,517.9559,1035.1905,585.8531,1191.1335,1811.9239,6227.9187,2181.8547,1176.3828,1203.2028,1570.215
2025-06-24,513.5273,1028.969,579.6308,1200.5963,1760.2829,6201.4544,2172.7403,1181.1301,1196.8654,1555.1006
2025-06-25,517.1215,1028.6233,582.8616,1202.962,1806.3107,6197.0437,2172.0392,1190.6247,1216.3303,1582.5304
2025-06-26,519.9385,1027.5864,582.9813,1201.7792,1839.9896,6223.5079,2175.5447,1199.6446,1218.5936,1588.6881
2025-06-27,528.4162,1035.1905,588.6053,1205.3277,1902.8569,6320.5435,2188.1647,1198.2204,1215.4249,1587.0087
2025-06-30,525.5658,1035.8818,585.0155,1189.9506,1852.3385,6311.7221,2189.5669,1197.271,1209.5402,1579.1716
2025-07-01,520.6662,1037.9556,576.8786,1159.1965,1828.7633,6249.9722,2198.6814,1192.5237,1192.7913,1574.1335
2025-07-02,532.276,1059.3852,589.9215,1244.3619,1893.8758,6373.472,2237.2424,1202.5914,1230.3631,1602.6829
2025-07-03,537.0901,1063.1873,588.007,1228.9848,1921.9416,6466.0968,2249.1613,1206.0124,1219.9516,1598.7643
2025-07-04,535.0973,1061.8047,587.0497,1213.6077,1884.8948,6461.6861,2244.2535,1207.9151,1214.0669,1580.851
2025-07-07,533.0695,1058.0027,585.3745,1205.3277,1874.7911,6448.454,2237.2424,1200.108,1214.0669,1580.2912
2025-07-08,534.6802,1058.694,585.6138,1212.4249,1893.8758,6466.0968,2237.2424,1203.9194,1210.8982,1581.4108
2025-07-09,539.3023,1058.694,593.8703,1224.2534,1956.7431,6496.9718,2236.5413,1207.7308,1220.4043,1600.4437
2025-07-10,554.3117,1079.4323,603.0841,1281.0304,2013.9972,6735.15,2287.0213,1218.2121,1262.0502,1625.6343
2025-07-11,557.0577,1082.8887,595.9045,1284.5789,2049.9213,6739.5607,2294.7335,1211.5421,1235.7952,1608.2808
2025-07-14,560.1284,1084.6169,599.4943,1303.5046,2065.6381,6761.6142,2296.8368,1212.9714,1241.2272,1618.357
2025-07-15,559.3955,1076.3216,595.3062,1266.8361,2046.5534,6766.0249,2284.9179,1207.7308,1243.4906,1618.9168
2025-07-16,559.2427,1073.5565,590.4002,1265.6533,2013.9972,6818.9534,2280.7113,1207.2543,1224.0257,1609.4004
2025-07-17,568.125,1082.8887,592.913,1291.676,2062.2703,6929.2211,2308.0546,1212.9714,1240.7746,1621.7158
2025-07-18,569.7505,1087.7277,590.7591,1278.6647,2079.1097,6924.8104,2320.6745,1212.495,1246.6593,1624.5147
2025-07-21,590.7711,1114.3419,612.4175,1387.4872,2258.7304,7136.5243,2379.5678,1229.6462,1282.8731,1655.3033
2025-07-22,608.2197,1143.03,629.4092,1477.3841,2354.1539,7260.0242,2437.7599,1232.0283,1329.4983,1682.733
2025-07-23,614.0714,1131.6239,616.3663,1432.4356,2549.4914,7162.9886,2410.4166,1229.1698,1319.9922,1662.0208
2025-07-24,623.7432,1138.5367,626.7767,1545.9896,2690.9427,7154.1672,2423.0366,1232.5047,1302.338,1664.8197
2025-07-25,634.1408,1159.9664,642.9307,1611.0465,2826.7809,7079.1852,2458.7932,1241.5568,1395.5885,1795.2511
2025-07-28,594.9932,1122.6373,616.127,1446.6299,2470.9074,6933.6318,2381.6711,1223.4527,1321.8029,1687.2114
2025-07-29,610.5689,1156.8556,621.2723,1405.23,2515.8125,7039.4888,2455.9888,1231.0755,1382.9136,1738.7122
2025-07-30,608.2336,1145.7951,617.3236,1408.7785,2507.9541,6960.0961,2441.9666,1231.0755,1359.8274,1711.8422
2025-07-31,586.9367,1107.7748,603.2037,1321.2474,2347.4181,6871.8819,2376.7633,1220.1177,1289.2105,1664.2599
2025-08-01,581.1943,1107.0835,600.0926,1303.5046,2221.1678,6907.1676,2384.4756,1223.4527,1286.0418,1668.7383
2025-08-04,591.047,1107.4291,596.0689,1289.429,2288.3465,6976.52,2395.6933,1231.5462,1284.6814,1672.1939
2025-08-05,600.6382,1117.4527,603.1974,1284.2765,2364.5381,7062.5992,2423.7377,1234.8765,1294.4375,1685.6635
2025-08-06,608.395,1117.7983,604.467,1286.5129,2444.772,7045.7241,2419.5311,1233.354,1338.5017,1708.3074
2025-08-07,610.3285,1116.7614,602.763,1275.653,2461.7913,7021.3148,2411.8189,1238.7696,1324.5885,1699.0121
2025-08-08,608.123,1110.5399,598.2179,1250.5582,2456.7856,7012.2492,2403.4055,1238.7696,1312.7147,1694.5991
2025-08-11,618.5747,1123.3286,601.1314,1274.6074,2514.8515,7152.7662,2429.3466,1255.3814,1322.3896,1709.493
2025-08-12,634.014,1126.0937,605.2105,1296.5654,2628.9809,7261.5535,2442.6677,1253.0083,1324.1487,1711.6995
2025-08-13,616.4698,1113.6507,602.1803,1269.3793,2492.8265,7207.1598,2419.5311,1246.3636,1312.7147,1699.5637
2025-08-14,604.522,1102.2446,597.169,1275.653,2430.7561,7025.8476,2406.21,1236.3964,1301.2806,1694.5991
2025-08-15,608.814,1101.8989,594.0223,1266.2425,2462.7924,7034.9133,2411.1177,1234.9726,1304.359,1686.3247
2025-08-18,600.7421,1090.4928,589.0109,1267.2881,2377.6959,6998.6508,2397.0955,1234.9726,1292.925,1687.9795
2025-08-19,599.3752,1080.4693,582.8341,1250.5582,2391.7118,6989.5852,2394.9922,1223.107,1248.5082,1631.1619
2025-08-20,592.5168,1082.5431,583.6499,1215.0072,2327.6392,6971.454,2385.1767,1216.9368,1236.1946,1609.6485
2025-08-21,590.1838,1078.7411,583.1837,1208.7335,2296.604,7003.1836,2366.2467,1214.5637,1239.7128,1610.2001
2025-08-22,591.8552,1078.0498,584.9319,1226.509,2326.6381,6980.5196,2356.4312,1210.2921,1240.5923,1608.5452
2025-08-25,608.3585,1085.2605,588.1951,1245.3301,2433.7595,7134.635,2375.651,1222.4134,1248.948,1626.7489
2025-08-26,593.6803,1074.8216,582.601,1226.509,2323.6346,7039.4461,2360.7701,1219.3854,1243.6707,1616.8196
2025-08-27,591.1988,1071.9132,576.7738,1228.6002,2310.6199,7030.3804,2348.9707,1220.6084,1238.8332,1608.5452
2025-08-28,599.3073,1082.0749,576.4242,1227.5546,2352.6676,7166.3646,2371.457,1220.6084,1236.6344,1611.3033
2025-08-29,591.1254,1066.882,571.879,1235.9196,2304.6131,7139.1678,2353.1718,1217.3298,1223.881,1597.5127
2025-09-01,578.3774,1051.689,570.364,1188.8668,2239.5393,6944.2572,2322.9308,1227.6342,1216.4049,1582.0671
2025-09-02,573.7669,1052.3643,569.6647,1185.7299,2227.5257,6994.118,2319.4144,1230.4445,1215.5254,1584.2736
2025-09-03,573.93,1048.6504,568.4993,1186.7755,2214.5109,7043.9789,2320.1176,1225.2923,1213.7663,1580.9638
2025-09-04,576.7901,1052.3643,569.082,1190.958,2191.4848,7175.4302,2329.9635,1220.6084,1208.4891,1580.4122
2025-09-05,589.4961,1061.1424,572.5783,1243.2389,2319.6301,7157.299,2348.9521,1217.7981,1230.9174,1611.855
2025-09-08,588.2323,1057.4286,569.8978,1258.9231,2289.5961,7179.963,2357.3914,1220.1401,1236.6344,1610.7517
2025-09-09,588.6305,1054.39,564.8864,1246.3757,2249.5506,7297.8159,2355.2816,1222.0136,1235.7548,1610.2001
2025-09-10,586.9276,1049.6633,566.0518,1234.8739,2236.5359,7297.8159,2350.3586,1217.3298,1237.5139,1614.6131
2025-09-11,588.7448,1043.9238,569.6647,1239.0564,2285.5915,7211.6926,2344.7324,1215.9246,1237.0742,1610.2001
2025-09-12,592.2274,1055.7405,568.2662,1233.8283,2291.5983,7247.9551,2365.8308,1220.6084,1233.1162,1608.5452
2025-09-15,603.1636,1058.7791,573.5106,1262.06,2377.6959,7216.2254,2370.0505,1232.7864,1253.3457,1628.9554
2025-09-16,618.4105,1068.9077,578.0558,1293.4285,2483.8163,7284.2175,2392.5554,1225.7607,1253.3457,1639.4363
2025-09-17,617.5808,1069.5829,579.5709,1290.2916,2468.7992,7293.2831,2384.116,1223.4187,1267.8581,1652.1238
2025-09-18,608.6958,1062.4929,573.7437,1263.1056,2409.7323,7252.4879,2358.798,1216.8614,1265.6592,1646.6075
2025-09-19,619.8265,1070.9334,576.8904,1271.4705,2466.797,7320.48,2372.8636,1215.9246,1261.2615,1644.9526
2025-09-22,617.7235,1075.3225,575.4919,1253.695,2437.7641,7329.5456,2377.0832,1217.3298,1241.9116,1619.0261
2025-09-23,615.6989,1065.1939,570.0143,1236.9652,2437.7641,7275.1519,2348.9521,1216.8614,1252.9059,1622.3359
2025-09-24,618.0429,1068.2325,573.2775,1293.4285,2451.7799,7284.2175,2360.9078,1217.3298,1262.5033,1631.7136
2025-09-25,622.4208,1069.2453,575.1422,1327.9339,2471.8026,7302.3487,2361.6111,1220.6084,1270.7852,1637.7815
2025-09-26,609.1898,1051.3514,570.7136,1309.1128,2395.7164,7161.8318,2329.9635,1211.2408,1245.3596,1612.9582
2025-09-29,596.7968,1045.6119,570.597,1284.0179,2310.6199,7107.4381,2313.0848,1204.215,1233.9541,1605.2354
2025-09-30,582.1811,1037.1713,563.9541,1265.1968,2254.5563,7075.7085,2287.7668,1201.8731,1210.054,1588.135
2025-10-09,593.1728,1045.2742,555.796,1273.5618,2330.6426,7166.3646,2310.975,1213.1143,1203.8577,1590.8931
2025-10-10,599.6101,1047.6376,551.8335,1262.06,2324.6358,7207.1598,2310.2717,1206.5569,1194.1206,1588.6866
2025-10-13,596.3072,1040.8852,550.2019,1232.7827,2294.6017,7293.2831,2293.393,1193.9106,1187.9243,1584.8252
2025-10-14,591.4163,1033.4575,546.8222,1189.9124,2309.6188,7089.3069,2279.3275,1185.4797,1177.7446,1582.6187
2025-10-15,587.9229,1024.3417,545.074,1180.5018,2304.6131,7039.4461,2258.9324,1185.948,1184.3835,1584.8252
2025-10-16,596.2359,1029.4061,547.0552,1199.323,2373.6914,7012.2492,2263.8553,1189.6951,1207.3984,1587.0317
2025-10-17,593.6358,1025.3546,546.356,1144.9509,2360.6766,6989.5852,2253.3061,1190.6319,1201.6447,1577.1025
2025-10-20,601.2381,1028.0556,547.9876,1140.7684,2434.7606,6953.3228,2261.0422,1189.2267,1202.9725,1582.6187
2025-10-21,594.6628,1028.7308,547.638,1136.5859,2356.6721,6975.9868,2263.8553,1193.4422,1211.3818,1584.8252
2025-10-22,604.2441,1035.8209,549.9688,1143.9052,2421.7459,7016.782,2283.5471,1193.4422,1225.5448,1602.4773
2025-10-23,620.5648,1036.8337,551.2508,1158.5439,2519.8571,7043.9789,2289.8766,1197.1892,1233.5115,1604.6838
2025-10-24,616.3244,1028.3932,548.6869,1141.814,2499.8344,6989.5852,2285.657,1199.9996,1226.43,1591.9964
2025-10-27,627.3688,1046.6247,553.1155,1144.9509,2529.8685,7130.1022,2320.1176,1200.4679,1231.2985,1600.2708
2025-10-28,623.6844,1043.5861,549.6192,1163.772,2486.8197,7184.4958,2324.3373,1195.3157,1231.2985,1596.961
2025-10-29,645.2348,1057.7662,556.4953,1178.4106,2606.9559,7293.2831,2352.4685,1200.9363,1237.9375,1614.0615
2025-10-30,639.9609,1048.6504,555.4464,1140.7684,2578.9241,7275.1519,2333.4799,1195.7841,1228.2004,1611.3033
2025-10-31,637.9417,1048.6504,547.8711,1132.4034,2574.9196,7252.4879,2326.4472,1189.6951,1217.1355,1591.9964
2025-11-03,632.3937,1039.5347,545.4236,1142.8596,2571.9162,7093.8397,2317.3045,1188.29,1222.8892,1598.0643
2025-11-04,619.0526,1027.718,544.2582,1155.407,2508.8446,7030.3804,2296.2062,1181.2642,1219.3485,1587.0317
2025-11-05,621.2752,1020.9655,540.5288,1147.0421,2539.8798,7034.9133,2287.7668,1177.9855,1230.4133,1593.0996
2025-11-06,628.0393,1025.3546,539.5965,1151.2246,2583.9298,7048.5117,2289.8766,1181.2642,1236.1671,1599.1675
2025-11-07,618.4793,1024.3417,537.3821,1140.7684,2542.8832,6894.3963,2282.1406,1177.5171,1222.8892,1588.6866
2025-11-10,618.5056,1027.718,537.7318,1117.7648,2533.873,6935.1915,2287.0635,1181.2642,1236.6097,1605.2354
2025-11-11,607.1092,1021.3032,532.8369,1101.0349,2428.7538,6917.0603,2280.0307,1172.8333,1214.4799,1589.7899
2025-11-12,609.1651,1025.6922,533.8858,1096.8525,2440.7675,7016.782,2289.1734,1169.5546,1214.9225,1589.2383
2025-11-13,606.6315,1028.3932,534.4685,1104.1718,2430.7561,7003.1836,2288.4701,1168.6178,1218.4633,1587.5834
2025-11-14,601.6078,1030.7565,537.0325,1079.077,2386.7062,7003.1836,2289.8766,1159.7185,1214.9225,1585.3769
2025-11-17,612.1038,1045.6119,536.2167,1075.9401,2422.747,7148.2334,2322.2275,1162.9972,1231.7411,1597.5127
2025-11-18,601.3581,1043.2485,526.7767,1063.3927,2320.6312,7179.963,2310.975,1158.3134,1211.3818,1566.6215
2025-11-19,595.5024,1036.4961,523.5135,1055.0278,2281.587,7175.4302,2304.6455,1155.5031,1208.7262,1556.1406
2025-11-20,589.0986,1029.7437,519.3179,1034.1154,2229.5279,7148.2334,2297.6127,1150.8192,1197.2187,1548.4178
2025-11-21,586.412,1032.107,519.3179,1032.0242,2208.5041,7121.0365,2299.7225,1151.2876,1204.3003,1546.2113
2025-11-24,589.2657,1042.0827,523.7898,1056.8483,2194.7475,7171.428,2316.3168,1155.1253,1200.4093,1552.3852
2025-11-25,592.1001,1046.4595,523.3091,1057.4743,2185.4868,7213.0221,2324.192,1161.6679,1199.7053,1553.5976
2025-11-26,591.8641,1043.7079,522.8879,1073.0958,2175.973,7246.4201,2321.0964,1166.057,1192.6461,1548.9778
2025-11-27,589.3726,1040.3562,524.9398,1064.3768,2153.54,7247.2188,2311.6613,1162.9774,1187.5349,1548.7577
2025-11-28,586.7091,1044.3769,529.4255,1077.2672,2129.5091,7200.3416,2316.5932,1158.784,1187.5349,1545.4555
2025-12-01,597.3973,1061.1298,528.6597,1068.9805,2186.8135,7289.4083,2339.1391,1166.239,1204.2793,1579.0284
2025-12-02,592.2672,1061.7999,530.9572,1054.2487,2180.3437,7270.6574,2340.5482,1168.1027,1200.3135,1576.2765
2025-12-03,590.912,1061.7999,526.6903,1035.8339,2152.6157,7284.7206,2341.9573,1169.0346,1199.8729,1581.2299
2025-12-04,594.756,1063.8102,523.1893,1041.3583,2188.6621,7284.7206,2347.5938,1166.7049,1221.9051,1594.9893
2025-12-05,585.5837,1057.7792,516.0778,1026.6264,2107.3267,7209.717,2339.1391,1173.228,1206.0419,1584.5322
2025-12-08,574.8367,1046.3872,517.0624,1023.8642,2021.3699,7130.0258,2318.7069,1176.4896,1199.4323,1578.478
2025-12-09,570.0372,1031.6446,509.185,990.7175,2001.0361,7101.8994,2291.229,1175.5577,1203.3981,1577.3773
2025-12-10,573.8974,1044.3769,504.5899,977.8272,1977.9294,7209.717,2312.3658,1181.1489,1197.229,1575.1758
2025-12-11,562.8249,1028.2941,499.1195,969.5405,1913.2308,7097.2117,2281.3652,1176.4896,1193.7039,1571.8735
2025-12-12,561.5798,1025.2785,489.3822,935.4731,1879.0329,7130.0258,2277.1378,1170.8983,1205.1606,1576.8269
2025-12-15,566.3382,1029.9694,501.4171,956.6501,1961.2926,7059.7099,2277.8424,1162.9774,1215.7361,1584.5322
2025-12-16,568.927,1032.3148,510.8262,955.7294,1973.3081,7134.7135,2287.0017,1148.0674,1207.8045,1578.478
2025-12-17,571.244,1033.3199,512.0297,955.7294,1963.1412,7200.3416,2286.2971,1153.6587,1221.9051,1584.5322
2025-12-18,586.8976,1047.0573,515.0931,977.8272,2082.3715,7289.4083,2308.843,1157.3862,1232.0399,1590.5863
2025-12-19,587.0747,1045.047,508.9662,958.4916,2048.1736,7312.8469,2303.2065,1185.3423,1242.6153,1598.2916
2025-12-22,590.174,1047.3924,502.2923,949.2842,2059.2648,7326.9101,2308.843,1197.4567,1243.4966,1607.0976
2025-12-23,591.723,1048.0625,518.3753,946.522,2080.5229,7298.7838,2311.6613,1202.582,1244.3779,1602.1442
2025-12-24,592.3977,1050.743,523.0799,964.9368,2092.5384,7308.1592,2314.4795,1218.4238,1246.1405,1604.8961
2025-12-25,591.6913,1047.7274,520.4541,964.016,2077.7501,7298.7838,2310.9567,1211.2497,1254.0721,1608.7487
2025-12-26,593.0675,1044.7119,528.6597,973.2235,2062.0376,7340.9733,2313.0704,1208.549,1249.6656,1607.0976
2025-12-29,595.7532,1048.7326,522.6422,967.699,2011.203,7467.5418,2315.8886,1204.3656,1250.5469,1613.1517
2025-12-30,596.1987,1050.0729,526.2527,1000.8457,2069.4318,7397.2259,2312.3658,1222.1931,1266.8508,1635.1667
2025-12-31,594.4384,1046.0522,525.7057,1000.8457,2061.1134,7401.9137,2303.9111,1226.8296,1249.6656,1629.1126
2026-01-05,591.417,1040.0211,521.2199,995.3212,1997.339,7472.2295,2288.4108,1224.0477,1239.0902,1616.454
2026-01-06,594.029,1042.3665,538.1782,1005.4494,2025.9912,7509.7313,2298.9792,1252.3306,1272.5791,1628.5622
2026-01-07,615.5004,1067.8309,543.9768,1057.0109,2151.6914,7762.8683,2347.5938,1300.5507,1291.0862,1651.1276
2026-01-08,613.1123,1061.4648,536.6465,1070.822,2199.7533,7622.2366,2337.0254,1268.0948,1248.7844,1621.4073
2026-01-09,612.4386,1053.4234,535.7712,1053.3279,2209.9202,7636.2998,2320.8205,1285.2501,1240.8528,1624.7096
2026-01-12,622.1106,1060.4597,540.4757,1052.4072,2288.4828,7711.3033,2332.7981,1284.7864,1255.394,1631.8645
2026-01-13,613.6746,1058.1143,534.7865,1009.1324,2201.6018,7683.177,2327.1616,1278.7589,1251.8689,1628.0118
2026-01-14,615.3047,1059.4545,533.6925,1009.1324,2211.7687,7697.2402,2329.2753,1291.2776,1253.6314,1629.1126
2026-01-15,611.1239,1058.7844,532.5984,999.9249,2195.1319,7622.2366,2329.9798,1336.7157,1236.0057,1615.3532
2026-01-16,607.2631,1059.7895,525.4868,1015.5775,2164.6312,7612.8612,2335.6163,1323.7334,1227.1928,1603.7953
2026-01-19,601.5552,1052.0832,525.268,985.1931,2171.101,7444.1032,2324.3433,1326.5153,1222.3457,1598.2916
2026-01-20,590.9512,1042.3665,525.9245,972.3027,2077.7501,7401.9137,2308.1385,1330.2245,1223.227,1584.9913
2026-01-21,589.3236,1044.3769,518.9224,956.6501,2086.9928,7350.3487,2315.1841,1364.9986,1224.1083,1581.6979
2026-01-22,590.219,1046.7223,530.5196,973.2235,2091.6141,7373.7873,2315.8886,1358.5075,1236.0057,1588.9321
2026-01-23,597.7088,1052.7533,538.397,979.6686,2138.7517,7453.4786,2328.5707,1365.4623,1245.2592,1600.6474
2026-01-26,594.7802,1053.0884,542.5545,1000.8457,2143.373,7355.0364,2326.457,1358.6002,1240.852,1592.994
2026-01-27,590.1576,1047.3924,537.3029,981.5101,2063.8862,7387.8505,2317.2977,1349.9784,1234.4988,1590.2607
2026-01-28,590.13,1046.3872,537.5217,982.4309,2097.1597,7340.9733,2310.9567,1343.8643,1239.618,1594.0873
2026-01-29,600.5938,1057.7792,535.5524,1000.8457,2153.54,7486.2927,2330.6844,1356.0759,1261.5322,1619.7808
2026-01-30,596.5279,1048.0625,553.9329,972.3027,2135.9789,7420.6646,2316.5932,1317.2649,1248.7046,1605.0207
2026-02-02,588.6555,1038.0108,548.5719,972.3027,2110.0995,7340.9733,2297.5701,1248.8836,1242.0696,1594.634
