,NFFI.WI,NH0009.NHF,NH0012.NHF,NH0013.NHF,NH0058.NHF,NH0060.NHF,NH0061.NHF,NHNI.NHF,NHSN.NHF
2017-01-03,1274.0,499.0,3761.0,629.0,,,,848.0,1184.0
2017-01-04,1267.0,502.0,3741.0,631.0,,,,839.0,1187.0
2017-01-05,1272.0,506.0,3761.0,627.0,,,,840.0,1220.0
2017-01-06,1263.0,503.0,3727.0,624.0,,,,836.0,1204.0
2017-01-09,1280.0,516.0,3758.0,627.0,,,,851.0,1207.0
2017-01-10,1296.0,535.0,3789.0,641.0,,,,859.0,1219.0
2017-01-11,1312.0,533.0,3876.0,649.0,,,,865.0,1206.0
2017-01-12,1298.0,532.0,3861.0,661.0,,,,846.0,1178.0
2017-01-13,1302.0,531.0,3895.0,667.0,,,,843.0,1175.0
2017-01-16,1316.0,540.0,3941.0,667.0,,,,852.0,1184.0
2017-01-17,1290.0,523.0,3844.0,663.0,,,,840.0,1157.0
2017-01-18,1289.0,531.0,3830.0,664.0,,,,839.0,1163.0
2017-01-19,1289.0,529.0,3840.0,665.0,,,,837.0,1167.0
2017-01-20,1261.0,525.0,3787.0,664.0,,,,806.0,1135.0
2017-01-23,1282.0,541.0,3850.0,682.0,,,,816.0,1141.0
2017-01-24,1282.0,539.0,3868.0,684.0,,,,813.0,1146.0
2017-01-25,1287.0,541.0,3916.0,700.0,,,,805.0,1167.0
2017-01-26,1299.0,550.0,3948.0,689.0,,,,814.0,1174.0
2017-02-03,1292.0,537.0,3844.0,685.0,,,,835.0,1151.0
2017-02-06,1296.0,531.0,3830.0,679.0,,,,849.0,1146.0
2017-02-07,1300.0,538.0,3851.0,678.0,,,,849.0,1139.0
2017-02-08,1316.0,544.0,3918.0,682.0,,,,856.0,1134.0
2017-02-09,1313.0,545.0,3900.0,684.0,,,,853.0,1148.0
2017-02-10,1321.0,557.0,3918.0,685.0,,,,855.0,1150.0
2017-02-13,1368.0,569.0,4107.0,695.0,,,,878.0,1184.0
2017-02-14,1376.0,566.0,4106.0,714.0,,,,890.0,1187.0
2017-02-15,1354.0,560.0,3994.0,711.0,,,,885.0,1170.0
2017-02-16,1355.0,553.0,3989.0,712.0,,,,891.0,1170.0
2017-02-17,1351.0,552.0,3963.0,697.0,,,,894.0,1155.0
2017-02-20,1361.0,545.0,3996.0,701.0,,,,904.0,1165.0
2017-02-21,1364.0,555.0,4009.0,705.0,,,,902.0,1174.0
2017-02-22,1348.0,549.0,3987.0,691.0,,,,885.0,1167.0
2017-02-23,1335.0,545.0,3965.0,686.0,,,,873.0,1144.0
2017-02-24,1330.0,543.0,3914.0,680.0,,,,878.0,1146.0
2017-02-27,1339.0,540.0,3911.0,682.0,,,,894.0,1158.0
2017-02-28,1339.0,542.0,3912.0,682.0,,,,894.0,1148.0
2017-03-01,1357.0,552.0,3986.0,703.0,,,,898.0,1150.0
2017-03-02,1358.0,551.0,3990.0,701.0,,,,898.0,1163.0
2017-03-03,1348.0,542.0,3956.0,701.0,,,,895.0,1149.0
2017-03-06,1339.0,528.0,3925.0,681.0,,,,897.0,1143.0
2017-03-07,1337.0,526.0,3911.0,682.0,,,,898.0,1137.0
2017-03-08,1311.0,521.0,3860.0,680.0,,,,868.0,1125.0
2017-03-09,1277.0,511.0,3800.0,673.0,,,,829.0,1110.0
2017-03-10,1279.0,520.0,3806.0,686.0,,,,825.0,1125.0
2017-03-13,1296.0,534.0,3881.0,683.0,,,,829.0,1143.0
2017-03-14,1292.0,534.0,3864.0,672.0,,,,828.0,1135.0
2017-03-15,1303.0,539.0,3890.0,677.0,,,,838.0,1149.0
2017-03-16,1317.0,553.0,3930.0,687.0,,,,843.0,1160.0
2017-03-17,1305.0,553.0,3895.0,677.0,,,,833.0,1156.0
2017-03-20,1310.0,563.0,3915.0,678.0,,,,832.0,1157.0
2017-03-21,1300.0,555.0,3859.0,683.0,,,,831.0,1155.0
2017-03-22,1279.0,550.0,3807.0,680.0,,,,813.0,1148.0
2017-03-23,1290.0,554.0,3845.0,681.0,,,,818.0,1154.0
2017-03-24,1285.0,552.0,3843.0,674.0,,,,813.0,1153.0
2017-03-27,1258.0,536.0,3775.0,675.0,,,,792.0,1122.0
2017-03-28,1266.0,534.0,3814.0,672.0,,,,798.0,1124.0
2017-03-29,1290.0,553.0,3878.0,681.0,,,,814.0,1132.0
2017-03-30,1288.0,554.0,3873.0,680.0,,,,811.0,1126.0
2017-03-31,1296.0,553.0,3896.0,689.0,,,,819.0,1124.0
2017-04-05,1299.0,547.0,3869.0,697.0,,,,830.0,1129.0
2017-04-06,1306.0,547.0,3901.0,694.0,,,,835.0,1155.0
2017-04-07,1278.0,525.0,3846.0,690.0,,,,811.0,1147.0
2017-04-10,1283.0,522.0,3837.0,693.0,,,,821.0,1143.0
2017-04-11,1273.0,506.0,3796.0,684.0,,,,823.0,1117.0
2017-04-12,1246.0,504.0,3760.0,683.0,,,,788.0,1111.0
2017-04-13,1256.0,515.0,3781.0,691.0,,,,791.0,1119.0
2017-04-14,1256.0,508.0,3751.0,696.0,,,,779.0,1107.0
2017-04-17,1272.0,518.0,3781.0,708.0,,,,779.0,1120.0
2017-04-18,1258.0,507.0,3729.0,709.0,,,,775.0,1118.0
2017-04-19,1246.0,498.0,3729.0,697.0,,,,765.0,1105.0
2017-04-20,1257.0,514.0,3706.0,702.0,,,,769.0,1109.0
2017-04-21,1263.0,518.0,3744.0,702.0,,,,768.0,1099.0
2017-04-24,1254.0,510.0,3734.0,701.0,,,,761.0,1078.0
2017-04-25,1255.0,511.0,3744.0,703.0,,,,751.0,1080.0
2017-04-26,1260.0,513.0,3760.0,703.0,,,,753.0,1078.0
2017-04-27,1262.0,516.0,3765.0,703.0,,,,752.0,1099.0
2017-04-28,1262.0,519.0,3768.0,685.0,,,,766.0,1110.0
2017-05-02,1270.0,527.0,3806.0,678.0,,,,773.0,1127.0
2017-05-03,1262.0,519.0,3789.0,683.0,,,,766.0,1114.0
2017-05-04,1232.0,507.0,3675.0,679.0,,,,736.0,1103.0
2017-05-05,1227.0,505.0,3657.0,682.0,,,,722.0,1096.0
2017-05-08,1226.0,507.0,3633.0,670.0,,,,731.0,1088.0
2017-05-09,1238.0,518.0,3635.0,674.0,,,,739.0,1106.0
2017-05-10,1240.0,518.0,3646.0,673.0,,,,738.0,1101.0
2017-05-11,1252.0,524.0,3679.0,673.0,,,,745.0,1109.0
2017-05-12,1244.0,516.0,3651.0,674.0,,,,743.0,1107.0
2017-05-15,1249.0,516.0,3692.0,680.0,,,,747.0,1103.0
2017-05-16,1243.0,509.0,3671.0,679.0,,,,740.0,1099.0
2017-05-17,1252.0,514.0,3689.0,684.0,,,,742.0,1116.0
2017-05-18,1240.0,510.0,3654.0,678.0,,,,729.0,1122.0
2017-05-19,1244.0,512.0,3681.0,682.0,,,,734.0,1123.0
2017-05-22,1269.0,530.0,3722.0,680.0,,,,752.0,1131.0
2017-05-23,1274.0,535.0,3719.0,677.0,,,,750.0,1130.0
2017-05-24,1272.0,535.0,3720.0,680.0,,,,736.0,1124.0
2017-05-25,1271.0,532.0,3736.0,685.0,,,,733.0,1138.0
2017-05-26,1271.0,533.0,3738.0,685.0,,,,726.0,1129.0
2017-05-31,1245.0,523.0,3676.0,667.0,,,,704.0,1116.0
2017-06-01,1243.0,521.0,3685.0,671.0,,,,706.0,1120.0
2017-06-02,1238.0,520.0,3684.0,671.0,,,,696.0,1112.0
2017-06-05,1234.0,512.0,3677.0,669.0,,,,706.0,1110.0
2017-06-06,1223.0,505.0,3647.0,665.0,,,,705.0,1117.0
2017-06-07,1223.0,502.0,3644.0,666.0,,,,709.0,1104.0
2017-06-08,1237.0,515.0,3675.0,669.0,,,,707.0,1105.0
2017-06-09,1242.0,515.0,3730.0,661.0,,,,704.0,1107.0
2017-06-12,1259.0,523.0,3765.0,665.0,,,,713.0,1108.0
2017-06-13,1235.0,507.0,3722.0,664.0,,,,700.0,1129.0
2017-06-14,1243.0,514.0,3732.0,662.0,,,,707.0,1140.0
2017-06-15,1240.0,517.0,3703.0,656.0,,,,708.0,1128.0
2017-06-16,1241.0,517.0,3694.0,658.0,,,,711.0,1135.0
2017-06-19,1245.0,520.0,3709.0,669.0,,,,714.0,1126.0
2017-06-20,1256.0,524.0,3722.0,678.0,,,,722.0,1116.0
2017-06-21,1249.0,524.0,3696.0,673.0,,,,716.0,1114.0
2017-06-22,1262.0,538.0,3720.0,666.0,,,,713.0,1128.0
2017-06-23,1279.0,544.0,3791.0,675.0,,,,730.0,1126.0
2017-06-26,1275.0,540.0,3802.0,673.0,,,,727.0,1113.0
2017-06-27,1284.0,549.0,3794.0,674.0,,,,727.0,1114.0
2017-06-28,1292.0,552.0,3810.0,676.0,,,,733.0,1126.0
2017-06-29,1298.0,553.0,3851.0,677.0,,,,741.0,1131.0
2017-06-30,1302.0,556.0,3854.0,675.0,,,,740.0,1135.0
2017-07-03,1308.0,564.0,3857.0,684.0,,,,746.0,1135.0
2017-07-04,1303.0,561.0,3810.0,680.0,,,,726.0,1128.0
2017-07-05,1304.0,560.0,3820.0,686.0,,,,727.0,1134.0
2017-07-06,1302.0,561.0,3805.0,684.0,,,,726.0,1121.0
2017-07-07,1306.0,564.0,3819.0,685.0,,,,721.0,1125.0
2017-07-10,1292.0,557.0,3789.0,682.0,,,,710.0,1118.0
2017-07-11,1305.0,566.0,3812.0,683.0,,,,718.0,1128.0
2017-07-12,1317.0,574.0,3828.0,684.0,,,,732.0,1133.0
2017-07-13,1316.0,574.0,3841.0,689.0,,,,736.0,1137.0
2017-07-14,1298.0,564.0,3821.0,692.0,,,,740.0,1118.0
2017-07-17,1316.0,574.0,3874.0,698.0,,,,764.0,1133.0
2017-07-18,1304.0,565.0,3864.0,691.0,,,,762.0,1135.0
2017-07-19,1311.0,567.0,3886.0,697.0,,,,770.0,1149.0
2017-07-20,1300.0,562.0,3872.0,694.0,,,,762.0,1140.0
2017-07-21,1301.0,562.0,3889.0,695.0,,,,759.0,1134.0
2017-07-24,1303.0,565.0,3870.0,696.0,,,,762.0,1142.0
2017-07-25,1319.0,572.0,3935.0,701.0,,,,783.0,1146.0
2017-07-26,1339.0,572.0,4055.0,698.0,,,,781.0,1144.0
2017-07-27,1341.0,574.0,4054.0,695.0,,,,790.0,1171.0
2017-07-28,1332.0,568.0,4046.0,692.0,,,,795.0,1162.0
2017-07-31,1352.0,575.0,4109.0,700.0,,,,801.0,1168.0
2017-08-01,1334.0,565.0,4066.0,694.0,,,,791.0,1148.0
2017-08-02,1338.0,567.0,4053.0,710.0,,,,793.0,1141.0
2017-08-03,1340.0,576.0,4037.0,702.0,,,,798.0,1148.0
2017-08-04,1353.0,580.0,4072.0,706.0,,,,808.0,1156.0
2017-08-07,1357.0,579.0,4074.0,724.0,,,,806.0,1152.0
2017-08-08,1370.0,589.0,4074.0,738.0,,,,800.0,1146.0
2017-08-09,1413.0,611.0,4144.0,775.0,,,,835.0,1156.0
2017-08-10,1397.0,600.0,4102.0,769.0,,,,834.0,1152.0
2017-08-11,1381.0,592.0,4036.0,769.0,,,,822.0,1139.0
2017-08-14,1375.0,594.0,4043.0,755.0,,,,817.0,1129.0
2017-08-15,1383.0,599.0,4065.0,756.0,,,,810.0,1133.0
2017-08-16,1399.0,611.0,4052.0,770.0,,,,810.0,1122.0
2017-08-17,1448.0,642.0,4157.0,790.0,,,,834.0,1140.0
2017-08-18,1445.0,646.0,4124.0,782.0,,,,835.0,1133.0
2017-08-21,1455.0,652.0,4171.0,786.0,,,,863.0,1133.0
2017-08-22,1456.0,650.0,4215.0,784.0,,,,877.0,1132.0
2017-08-23,1445.0,641.0,4164.0,775.0,,,,875.0,1116.0
2017-08-24,1452.0,640.0,4191.0,787.0,,,,891.0,1125.0
2017-08-25,1470.0,647.0,4262.0,795.0,,,,894.0,1124.0
2017-08-28,1458.0,638.0,4274.0,783.0,,,,887.0,1128.0
2017-08-29,1451.0,634.0,4254.0,777.0,,,,892.0,1131.0
2017-08-30,1462.0,640.0,4256.0,784.0,,,,886.0,1123.0
2017-08-31,1457.0,633.0,4266.0,787.0,,,,888.0,1136.0
2017-09-01,1471.0,643.0,4264.0,797.0,,,,898.0,1134.0
2017-09-04,1474.0,644.0,4293.0,788.0,,,,913.0,1133.0
2017-09-05,1479.0,646.0,4331.0,788.0,,,,917.0,1126.0
2017-09-06,1452.0,621.0,4294.0,779.0,,,,900.0,1117.0
2017-09-07,1438.0,617.0,4255.0,768.0,,,,905.0,1113.0
2017-09-08,1413.0,610.0,4171.0,754.0,,,,880.0,1111.0
2017-09-11,1424.0,618.0,4154.0,786.0,,,,865.0,1111.0
2017-09-12,1434.0,624.0,4167.0,790.0,,,,873.0,1114.0
2017-09-13,1421.0,616.0,4111.0,787.0,,,,876.0,1114.0
2017-09-14,1409.0,611.0,4061.0,789.0,,,,838.0,1108.0
2017-09-15,1402.0,611.0,4061.0,773.0,,,,832.0,1097.0
2017-09-18,1424.0,624.0,4087.0,778.0,,,,840.0,1108.0
2017-09-19,1433.0,631.0,4089.0,784.0,,,,829.0,1115.0
2017-09-20,1462.0,636.0,4096.0,811.0,,,,853.0,1123.0
2017-09-21,1441.0,625.0,4043.0,798.0,,,,834.0,1112.0
2017-09-22,1408.0,612.0,4000.0,780.0,,,,795.0,1107.0
2017-09-25,1429.0,625.0,4051.0,781.0,,,,797.0,1116.0
2017-09-26,1447.0,635.0,4082.0,785.0,,,,802.0,1130.0
2017-09-27,1448.0,642.0,4074.0,784.0,,,,806.0,1131.0
2017-09-28,1437.0,637.0,4080.0,775.0,,,,792.0,1123.0
2017-09-29,1462.0,647.0,4179.0,777.0,,,,804.0,1127.0
2017-10-09,1479.0,663.0,4200.0,788.0,,,,828.0,1139.0
2017-10-10,1455.0,651.0,4183.0,778.0,,,,829.0,1127.0
2017-10-11,1459.0,656.0,4229.0,772.0,,,,834.0,1119.0
2017-10-12,1467.0,655.0,4293.0,777.0,,,,858.0,1123.0
2017-10-13,1478.0,660.0,4310.0,788.0,,,,875.0,1128.0
2017-10-16,1495.0,660.0,4445.0,778.0,,,,886.0,1135.0
2017-10-17,1477.0,642.0,4448.0,773.0,,,,886.0,1129.0
2017-10-18,1467.0,635.0,4429.0,760.0,,,,898.0,1117.0
2017-10-19,1457.0,633.0,4407.0,763.0,,,,894.0,1111.0
2017-10-20,1471.0,641.0,4446.0,771.0,,,,926.0,1110.0
2017-10-23,1457.0,639.0,4389.0,767.0,,,,899.0,1111.0
2017-10-24,1474.0,647.0,4477.0,768.0,,,,914.0,1113.0
2017-10-25,1460.0,643.0,4405.0,769.0,,,,906.0,1113.0
2017-10-26,1474.0,653.0,4420.0,779.0,,,,907.0,1115.0
2017-10-27,1448.0,642.0,4357.0,769.0,,,,878.0,1103.0
2017-10-30,1452.0,649.0,4323.0,769.0,,,,879.0,1103.0
2017-10-31,1458.0,656.0,4343.0,769.0,,,,903.0,1103.0
2017-11-01,1471.0,657.0,4395.0,762.0,,,,942.0,1109.0
2017-11-02,1463.0,653.0,4361.0,763.0,,,,962.0,1107.0
2017-11-03,1470.0,654.0,4385.0,763.0,,,,961.0,1105.0
2017-11-06,1473.0,656.0,4408.0,759.0,,,,979.0,1107.0
2017-11-07,1468.0,648.0,4402.0,753.0,,,,976.0,1096.0
2017-11-08,1444.0,640.0,4307.0,744.0,,,,959.0,1088.0
2017-11-09,1436.0,643.0,4291.0,727.0,,,,940.0,1091.0
2017-11-10,1445.0,646.0,4320.0,729.0,,,,940.0,1105.0
2017-11-13,1449.0,651.0,4325.0,731.0,,,,945.0,1104.0
2017-11-14,1449.0,650.0,4356.0,726.0,,,,937.0,1106.0
2017-11-15,1422.0,631.0,4261.0,727.0,,,,890.0,1098.0
2017-11-16,1421.0,631.0,4257.0,727.0,,,,885.0,1099.0
2017-11-17,1419.0,633.0,4266.0,723.0,,,,873.0,1094.0
2017-11-20,1418.0,635.0,4269.0,710.0,,,,883.0,1095.0
2017-11-21,1424.0,634.0,4307.0,700.0,,,,887.0,1097.0
2017-11-22,1439.0,647.0,4362.0,704.0,,,,894.0,1096.0
2017-11-23,1431.0,644.0,4341.0,705.0,,,,887.0,1088.0
2017-11-24,1441.0,645.0,4381.0,706.0,,,,912.0,1100.0
2017-11-27,1423.0,631.0,4335.0,701.0,,,,885.0,1099.0
2017-11-28,1409.0,627.0,4306.0,693.0,,,,867.0,1098.0
2017-11-29,1403.0,626.0,4285.0,686.0,,,,863.0,1093.0
2017-11-30,1399.0,629.0,4260.0,684.0,,,,857.0,1087.0
2017-12-01,1399.0,635.0,4265.0,686.0,,,,849.0,1080.0
2017-12-04,1411.0,644.0,4318.0,683.0,,,,870.0,1088.0
2017-12-05,1388.0,635.0,4236.0,682.0,,,,851.0,1079.0
2017-12-06,1359.0,621.0,4144.0,671.0,,,,828.0,1080.0
2017-12-07,1355.0,620.0,4125.0,663.0,,,,823.0,1074.0
2017-12-08,1371.0,626.0,4165.0,668.0,,,,839.0,1069.0
2017-12-11,1359.0,624.0,4134.0,664.0,,,,827.0,1060.0
2017-12-12,1378.0,632.0,4195.0,665.0,,,,844.0,1056.0
2017-12-13,1388.0,638.0,4217.0,665.0,,,,846.0,1033.0
2017-12-14,1385.0,636.0,4212.0,666.0,,,,840.0,1036.0
2017-12-15,1401.0,642.0,4263.0,674.0,,,,848.0,1036.0
2017-12-18,1420.0,649.0,4315.0,677.0,,,,882.0,1060.0
2017-12-19,1414.0,640.0,4301.0,675.0,,,,891.0,1057.0
2017-12-20,1426.0,646.0,4324.0,685.0,,,,896.0,1063.0
2017-12-21,1431.0,645.0,4369.0,684.0,,,,901.0,1063.0
2017-12-22,1436.0,647.0,4390.0,682.0,,,,903.0,1061.0
2017-12-25,1435.0,641.0,4406.0,686.0,,,,895.0,1067.0
2017-12-26,1443.0,646.0,4450.0,681.0,,,,900.0,1081.0
2017-12-27,1439.0,643.0,4427.0,688.0,,,,890.0,1079.0
2017-12-28,1466.0,651.0,4493.0,706.0,,,,911.0,1090.0
2017-12-29,1464.0,651.0,4468.0,710.0,,,,912.0,1094.0
2018-01-02,1464.0,655.0,4451.0,703.0,,,,934.0,1102.0
2018-01-03,1460.0,653.0,4418.0,703.0,,,,928.0,1095.0
2018-01-04,1470.0,658.0,4446.0,702.0,,,,934.0,1097.0
2018-01-05,1471.0,661.0,4421.0,705.0,,,,928.0,1099.0
2018-01-08,1467.0,660.0,4395.0,697.0,,,,927.0,1092.0
2018-01-09,1479.0,667.0,4421.0,699.0,,,,936.0,1092.0
2018-01-10,1469.0,659.0,4404.0,698.0,,,,945.0,1097.0
2018-01-11,1480.0,665.0,4429.0,705.0,,,,955.0,1096.0
2018-01-12,1480.0,668.0,4404.0,699.0,,,,937.0,1098.0
2018-01-15,1483.0,667.0,4419.0,701.0,,,,943.0,1094.0
2018-01-16,1459.0,660.0,4364.0,683.0,,,,921.0,1095.0
2018-01-17,1451.0,660.0,4306.0,678.0,,,,913.0,1093.0
2018-01-18,1450.0,658.0,4313.0,677.0,,,,911.0,1086.0
2018-01-19,1456.0,661.0,4316.0,684.0,,,,912.0,1103.0
2018-01-22,1461.0,664.0,4332.0,679.0,,,,928.0,1108.0
2018-01-23,1460.0,664.0,4317.0,679.0,,,,939.0,1109.0
2018-01-24,1439.0,655.0,4238.0,678.0,,,,929.0,1107.0
2018-01-25,1465.0,666.0,4327.0,685.0,,,,986.0,1109.0
2018-01-26,1453.0,663.0,4294.0,678.0,,,,982.0,1111.0
2018-01-29,1476.0,685.0,4307.0,680.0,,,,997.0,1140.0
2018-01-30,1456.0,679.0,4257.0,670.0,,,,977.0,1133.0
2018-01-31,1457.0,678.0,4277.0,669.0,,,,966.0,1134.0
2018-02-01,1450.0,675.0,4258.0,664.0,,,,961.0,1127.0
2018-02-02,1464.0,680.0,4301.0,667.0,,,,984.0,1123.0
2018-02-05,1454.0,679.0,4263.0,664.0,,,,962.0,1133.0
2018-02-06,1442.0,672.0,4240.0,655.0,,,,953.0,1133.0
2018-02-07,1442.0,671.0,4237.0,658.0,,,,963.0,1142.0
2018-02-08,1424.0,665.0,4175.0,658.0,,,,946.0,1128.0
2018-02-09,1409.0,662.0,4130.0,657.0,,,,930.0,1111.0
2018-02-12,1408.0,657.0,4142.0,663.0,,,,940.0,1105.0
2018-02-13,1418.0,664.0,4177.0,662.0,,,,950.0,1108.0
2018-02-14,1435.0,675.0,4229.0,650.0,,,,974.0,1124.0
2018-02-22,1429.0,667.0,4226.0,651.0,,,,968.0,1111.0
2018-02-23,1447.0,673.0,4293.0,662.0,,,,988.0,1112.0
2018-02-26,1448.0,676.0,4294.0,658.0,,,,993.0,1114.0
2018-02-27,1446.0,675.0,4275.0,658.0,,,,998.0,1119.0
2018-02-28,1430.0,669.0,4213.0,660.0,,,,989.0,1118.0
2018-03-01,1425.0,670.0,4189.0,663.0,,,,986.0,1112.0
2018-03-02,1418.0,665.0,4192.0,661.0,,,,962.0,1113.0
2018-03-05,1403.0,650.0,4161.0,655.0,,,,955.0,1115.0
2018-03-06,1409.0,644.0,4200.0,661.0,,,,964.0,1107.0
2018-03-07,1406.0,641.0,4188.0,653.0,,,,961.0,1107.0
2018-03-08,1394.0,636.0,4151.0,652.0,,,,948.0,1099.0
2018-03-09,1377.0,624.0,4085.0,645.0,,,,945.0,1106.0
2018-03-12,1396.0,634.0,4146.0,644.0,,,,976.0,1110.0
2018-03-13,1391.0,637.0,4129.0,635.0,,,,974.0,1104.0
2018-03-14,1403.0,639.0,4176.0,639.0,,,,982.0,1096.0
2018-03-15,1398.0,630.0,4159.0,641.0,,,,972.0,1094.0
2018-03-16,1397.0,632.0,4159.0,641.0,,,,972.0,1093.0
2018-03-19,1383.0,629.0,4103.0,639.0,,,,957.0,1094.0
2018-03-20,1384.0,628.0,4105.0,641.0,,,,963.0,1085.0
2018-03-21,1367.0,619.0,4036.0,638.0,,,,951.0,1082.0
2018-03-22,1384.0,630.0,4089.0,640.0,,,,953.0,1093.0
2018-03-23,1357.0,626.0,3999.0,630.0,,,,922.0,1068.0
2018-03-26,1337.0,625.0,3910.0,628.0,,,,903.0,1074.0
2018-03-27,1354.0,633.0,3960.0,633.0,,,,915.0,1072.0
2018-03-28,1346.0,629.0,3931.0,629.0,,,,906.0,1062.0
2018-03-29,1360.0,633.0,3980.0,633.0,,,,926.0,1071.0
2018-03-30,1366.0,632.0,4004.0,631.0,,,,935.0,1092.0
2018-04-02,1373.0,633.0,4021.0,641.0,,,,942.0,1103.0
2018-04-03,1373.0,628.0,4020.0,645.0,,,,944.0,1098.0
2018-04-04,1369.0,624.0,4012.0,641.0,,,,940.0,1097.0
2018-04-09,1375.0,620.0,4038.0,651.0,,,,934.0,1093.0
2018-04-10,1383.0,623.0,4070.0,654.0,,,,946.0,1092.0
2018-04-11,1386.0,625.0,4065.0,655.0,,,,953.0,1088.0
2018-04-12,1377.0,601.0,4026.0,653.0,,,,957.0,1081.0
2018-04-13,1381.0,598.0,4018.0,665.0,,,,972.0,1082.0
2018-04-16,1382.0,603.0,4016.0,667.0,,,,978.0,1089.0
2018-04-17,1391.0,603.0,4042.0,680.0,,,,973.0,1097.0
2018-04-18,1398.0,608.0,4070.0,680.0,,,,982.0,1103.0
2018-04-19,1424.0,624.0,4131.0,701.0,,,,1013.0,1103.0
2018-04-20,1404.0,621.0,4088.0,682.0,,,,977.0,1105.0
2018-04-23,1414.0,623.0,4125.0,685.0,,,,983.0,1102.0
2018-04-24,1400.0,621.0,4099.0,656.0,,,,968.0,1088.0
2018-04-25,1398.0,615.0,4100.0,657.0,,,,968.0,1087.0
2018-04-26,1394.0,603.0,4104.0,655.0,,,,968.0,1092.0
2018-04-27,1401.0,609.0,4101.0,660.0,,,,981.0,1099.0
2018-05-02,1394.0,608.0,4072.0,658.0,,,,985.0,1097.0
2018-05-03,1390.0,604.0,4061.0,664.0,,,,982.0,1096.0
2018-05-04,1390.0,593.0,4080.0,664.0,,,,974.0,1100.0
2018-05-07,1398.0,609.0,4069.0,668.0,,,,980.0,1097.0
2018-05-08,1399.0,609.0,4071.0,669.0,,,,985.0,1088.0
2018-05-09,1388.0,606.0,4031.0,663.0,,,,974.0,1082.0
2018-05-10,1392.0,607.0,4047.0,663.0,,,,972.0,1090.0
2018-05-11,1399.0,606.0,4077.0,665.0,,,,974.0,1083.0
2018-05-14,1405.0,602.0,4086.0,664.0,,,,998.0,1087.0
2018-05-15,1404.0,608.0,4058.0,668.0,,,,1004.0,1088.0
2018-05-16,1401.0,608.0,4043.0,671.0,,,,1010.0,1084.0
2018-05-17,1403.0,602.0,4046.0,675.0,,,,1010.0,1086.0
2018-05-18,1413.0,606.0,4065.0,673.0,,,,1033.0,1079.0
2018-05-21,1415.0,612.0,4071.0,670.0,,,,1020.0,1088.0
2018-05-22,1409.0,603.0,4077.0,663.0,,,,1014.0,1085.0
2018-05-23,1414.0,603.0,4103.0,662.0,,,,1016.0,1096.0
2018-05-24,1412.0,599.0,4076.0,669.0,,,,1014.0,1103.0
2018-05-25,1419.0,605.0,4081.0,672.0,,,,1030.0,1090.0
2018-05-28,1423.0,611.0,4090.0,671.0,,,,1036.0,1120.0
2018-05-29,1432.0,616.0,4098.0,668.0,,,,1058.0,1151.0
2018-05-30,1413.0,612.0,4024.0,666.0,,,,1046.0,1141.0
2018-05-31,1434.0,624.0,4072.0,662.0,,,,1076.0,1153.0
2018-06-01,1436.0,620.0,4080.0,664.0,,,,1088.0,1152.0
2018-06-04,1441.0,616.0,4103.0,664.0,,,,1096.0,1129.0
2018-06-05,1454.0,620.0,4150.0,664.0,,,,1095.0,1129.0
2018-06-06,1474.0,630.0,4207.0,674.0,,,,1116.0,1136.0
2018-06-07,1481.0,625.0,4273.0,681.0,,,,1112.0,1142.0
2018-06-08,1464.0,625.0,4243.0,673.0,,,,1083.0,1131.0
2018-06-11,1473.0,630.0,4273.0,673.0,,,,1091.0,1132.0
2018-06-12,1472.0,633.0,4258.0,672.0,,,,1085.0,1130.0
2018-06-13,1460.0,625.0,4224.0,662.0,,,,1081.0,1097.0
2018-06-14,1461.0,626.0,4232.0,660.0,,,,1086.0,1097.0
2018-06-15,1457.0,621.0,4234.0,650.0,,,,1091.0,1096.0
2018-06-19,1419.0,607.0,4078.0,636.0,,,,1065.0,1078.0
2018-06-20,1425.0,606.0,4101.0,641.0,,,,1072.0,1086.0
2018-06-21,1423.0,601.0,4086.0,640.0,,,,1085.0,1084.0
2018-06-22,1426.0,595.0,4093.0,641.0,,,,1102.0,1087.0
2018-06-25,1417.0,581.0,4078.0,638.0,,,,1099.0,1080.0
2018-06-26,1411.0,584.0,4074.0,633.0,,,,1078.0,1082.0
2018-06-27,1416.0,590.0,4062.0,640.0,,,,1079.0,1078.0
2018-06-28,1426.0,596.0,4075.0,640.0,,,,1095.0,1073.0
2018-06-29,1430.0,601.0,4076.0,639.0,,,,1109.0,1073.0
2018-07-02,1411.0,594.0,4041.0,631.0,,,,1087.0,1079.0
2018-07-03,1418.0,598.0,4058.0,633.0,,,,1094.0,1084.0
2018-07-04,1380.0,576.0,3952.0,630.0,,,,1061.0,1076.0
2018-07-05,1360.0,560.0,3889.0,628.0,,,,1053.0,1061.0
2018-07-06,1359.0,568.0,3868.0,632.0,,,,1046.0,1066.0
2018-07-09,1373.0,571.0,3934.0,636.0,,,,1054.0,1071.0
2018-07-10,1365.0,561.0,3916.0,637.0,,,,1055.0,1072.0
2018-07-11,1322.0,533.0,3786.0,629.0,,,,1030.0,1061.0
2018-07-12,1352.0,544.0,3856.0,634.0,,,,1074.0,1072.0
2018-07-13,1341.0,535.0,3834.0,630.0,,,,1059.0,1080.0
2018-07-16,1332.0,528.0,3834.0,628.0,,,,1038.0,1078.0
2018-07-17,1330.0,525.0,3841.0,632.0,,,,1028.0,1072.0
2018-07-18,1330.0,538.0,3797.0,630.0,,,,1026.0,1076.0
2018-07-19,1339.0,548.0,3830.0,631.0,,,,1027.0,1075.0
2018-07-20,1340.0,551.0,3823.0,631.0,,,,1035.0,1081.0
2018-07-23,1351.0,558.0,3857.0,639.0,,,,1040.0,1077.0
2018-07-24,1354.0,553.0,3880.0,643.0,,,,1032.0,1074.0
2018-07-25,1368.0,557.0,3927.0,646.0,,,,1045.0,1083.0
2018-07-26,1371.0,555.0,3945.0,643.0,,,,1049.0,1083.0
2018-07-27,1372.0,554.0,3941.0,646.0,,,,1057.0,1091.0
2018-07-30,1358.0,544.0,3884.0,647.0,,,,1052.0,1099.0
2018-07-31,1373.0,556.0,3921.0,653.0,,,,1065.0,1102.0
2018-08-01,1372.0,558.0,3920.0,648.0,,,,1067.0,1094.0
2018-08-02,1356.0,557.0,3882.0,643.0,,,,1042.0,1094.0
2018-08-03,1351.0,558.0,3873.0,646.0,,,,1028.0,1082.0
2018-08-06,1355.0,557.0,3878.0,646.0,,,,1041.0,1087.0
2018-08-07,1362.0,560.0,3892.0,647.0,,,,1060.0,1092.0
2018-08-08,1367.0,564.0,3891.0,647.0,,,,1074.0,1094.0
2018-08-09,1377.0,566.0,3924.0,662.0,,,,1077.0,1093.0
2018-08-10,1364.0,557.0,3896.0,653.0,,,,1066.0,1081.0
2018-08-13,1368.0,556.0,3907.0,656.0,,,,1076.0,1085.0
2018-08-14,1359.0,545.0,3890.0,657.0,,,,1054.0,1080.0
2018-08-15,1336.0,537.0,3814.0,649.0,,,,1036.0,1066.0
2018-08-16,1312.0,520.0,3738.0,645.0,,,,1028.0,1063.0
2018-08-17,1312.0,515.0,3747.0,643.0,,,,1036.0,1058.0
2018-08-20,1329.0,527.0,3790.0,646.0,,,,1055.0,1062.0
2018-08-21,1345.0,539.0,3826.0,657.0,,,,1062.0,1061.0
2018-08-22,1334.0,533.0,3793.0,654.0,,,,1046.0,1064.0
2018-08-23,1332.0,540.0,3770.0,653.0,,,,1030.0,1061.0
2018-08-24,1351.0,552.0,3811.0,661.0,,,,1037.0,1067.0
2018-08-27,1354.0,558.0,3833.0,658.0,,,,1024.0,1069.0
2018-08-28,1360.0,563.0,3822.0,669.0,,,,1030.0,1073.0
2018-08-29,1355.0,552.0,3836.0,664.0,,,,1035.0,1069.0
2018-08-30,1362.0,558.0,3833.0,668.0,,,,1038.0,1066.0
2018-08-31,1357.0,565.0,3816.0,665.0,,,,1013.0,1072.0
2018-09-03,1341.0,555.0,3784.0,663.0,,,,990.0,1064.0
2018-09-04,1328.0,554.0,3752.0,659.0,,,,972.0,1052.0
2018-09-05,1312.0,543.0,3731.0,652.0,,,,963.0,1065.0
2018-09-06,1318.0,554.0,3736.0,653.0,,,,967.0,1058.0
2018-09-07,1315.0,553.0,3743.0,652.0,,,,952.0,1051.0
2018-09-10,1319.0,557.0,3735.0,651.0,,,,959.0,1061.0
2018-09-11,1321.0,550.0,3770.0,655.0,,,,964.0,1065.0
2018-09-12,1314.0,548.0,3756.0,647.0,,,,960.0,1055.0
2018-09-13,1332.0,560.0,3826.0,645.0,,,,978.0,1057.0
2018-09-14,1329.0,557.0,3810.0,649.0,,,,977.0,1054.0
2018-09-17,1313.0,549.0,3772.0,642.0,,,,961.0,1057.0
2018-09-18,1327.0,565.0,3831.0,644.0,,,,961.0,1058.0
2018-09-19,1351.0,579.0,3906.0,646.0,,,,973.0,1059.0
2018-09-20,1350.0,583.0,3883.0,648.0,,,,969.0,1069.0
2018-09-21,1354.0,579.0,3914.0,654.0,,,,987.0,1079.0
2018-09-25,1363.0,583.0,3963.0,650.0,,,,992.0,1075.0
2018-09-26,1361.0,579.0,3976.0,647.0,,,,995.0,1067.0
2018-09-27,1352.0,579.0,3945.0,639.0,,,,980.0,1083.0
2018-09-28,1360.0,588.0,3948.0,636.0,,,,984.0,1083.0
2018-10-08,1358.0,589.0,3935.0,643.0,,,,972.0,1078.0
2018-10-09,1379.0,607.0,3975.0,648.0,,,,993.0,1078.0
2018-10-10,1387.0,616.0,3997.0,640.0,,,,1001.0,1077.0
2018-10-11,1363.0,605.0,3932.0,631.0,,,,973.0,1076.0
2018-10-12,1381.0,613.0,3996.0,636.0,,,,995.0,1081.0
2018-10-15,1369.0,605.0,3982.0,630.0,,,,983.0,1075.0
2018-10-16,1357.0,598.0,3950.0,632.0,,,,966.0,1081.0
2018-10-17,1362.0,603.0,3958.0,635.0,,,,973.0,1088.0
2018-10-18,1354.0,608.0,3943.0,628.0,,,,954.0,1080.0
2018-10-19,1361.0,609.0,3958.0,628.0,,,,976.0,1075.0
2018-10-22,1365.0,607.0,3985.0,629.0,,,,983.0,1079.0
2018-10-23,1356.0,603.0,3950.0,630.0,,,,969.0,1081.0
2018-10-24,1372.0,620.0,3971.0,633.0,,,,974.0,1082.0
2018-10-25,1357.0,610.0,3926.0,633.0,,,,963.0,1081.0
2018-10-26,1344.0,605.0,3925.0,629.0,,,,937.0,1080.0
2018-10-29,1345.0,606.0,3927.0,630.0,,,,927.0,1074.0
2018-10-30,1340.0,600.0,3921.0,625.0,,,,928.0,1074.0
2018-10-31,1327.0,598.0,3871.0,620.0,,,,922.0,1067.0
2018-11-01,1318.0,593.0,3845.0,616.0,,,,913.0,1068.0
2018-11-02,1342.0,603.0,3936.0,620.0,,,,931.0,1074.0
2018-11-05,1328.0,588.0,3934.0,618.0,,,,918.0,1064.0
2018-11-06,1331.0,596.0,3924.0,619.0,,,,929.0,1069.0
2018-11-07,1320.0,584.0,3909.0,618.0,,,,916.0,1072.0
2018-11-08,1320.0,584.0,3901.0,620.0,,,,917.0,1081.0
2018-11-09,1316.0,589.0,3886.0,618.0,,,,909.0,1096.0
2018-11-12,1309.0,589.0,3866.0,616.0,,,,893.0,1111.0
2018-11-13,1313.0,591.0,3880.0,614.0,,,,898.0,1109.0
2018-11-14,1302.0,584.0,3858.0,610.0,,,,886.0,1113.0
2018-11-15,1323.0,600.0,3913.0,613.0,,,,899.0,1126.0
2018-11-16,1321.0,605.0,3918.0,612.0,,,,888.0,1122.0
2018-11-19,1324.0,607.0,3934.0,614.0,,,,879.0,1126.0
2018-11-20,1319.0,604.0,3918.0,609.0,,,,880.0,1116.0
2018-11-21,1306.0,595.0,3904.0,611.0,,,,867.0,1102.0
2018-11-22,1302.0,591.0,3917.0,614.0,,,,853.0,1090.0
2018-11-23,1296.0,588.0,3903.0,612.0,,,,835.0,1070.0
2018-11-26,1296.0,579.0,3896.0,614.0,,,,842.0,1061.0
2018-11-27,1281.0,564.0,3862.0,612.0,,,,837.0,1058.0
2018-11-28,1289.0,569.0,3894.0,608.0,,,,845.0,1054.0
2018-11-29,1294.0,570.0,3916.0,607.0,,,,848.0,1052.0
2018-11-30,1302.0,582.0,3929.0,602.0,,,,862.0,1051.0
2018-12-03,1322.0,596.0,3971.0,614.0,,,,866.0,1059.0
2018-12-04,1316.0,598.0,3924.0,613.0,,,,868.0,1064.0
2018-12-05,1310.0,599.0,3901.0,610.0,,,,859.0,1066.0
2018-12-06,1303.0,598.0,3872.0,605.0,,,,855.0,1058.0
2018-12-07,1312.0,612.0,3888.0,606.0,,,,847.0,1063.0
2018-12-10,1299.0,597.0,3868.0,606.0,,,,845.0,1059.0
2018-12-11,1300.0,600.0,3881.0,606.0,,,,840.0,1059.0
2018-12-12,1299.0,599.0,3880.0,603.0,,,,841.0,1057.0
2018-12-13,1303.0,599.0,3901.0,606.0,,,,846.0,1063.0
2018-12-14,1293.0,590.0,3865.0,604.0,,,,842.0,1061.0
2018-12-17,1307.0,604.0,3892.0,605.0,,,,860.0,1064.0
2018-12-18,1301.0,601.0,3868.0,609.0,,,,857.0,1060.0
2018-12-19,1287.0,599.0,3802.0,606.0,,,,845.0,1063.0
2018-12-20,1290.0,598.0,3812.0,607.0,,,,852.0,1057.0
2018-12-21,1294.0,603.0,3827.0,609.0,,,,849.0,1064.0
2018-12-24,1286.0,589.0,3803.0,609.0,,,,854.0,1061.0
2018-12-25,1282.0,590.0,3796.0,611.0,,,,841.0,1054.0
2018-12-26,1280.0,592.0,3798.0,611.0,,,,831.0,1046.0
2018-12-27,1280.0,592.0,3817.0,605.0,,,,832.0,1047.0
2018-12-28,1282.0,598.0,3822.0,602.0,,,,833.0,1040.0
2019-01-02,1260.0,584.0,3770.0,594.0,,,,816.0,1043.0
2019-01-03,1260.0,581.0,3743.0,589.0,,,,836.0,1045.0
2019-01-04,1264.0,586.0,3730.0,593.0,,,,851.0,1046.0
2019-01-07,1272.0,587.0,3752.0,595.0,,,,859.0,1051.0
2019-01-08,1272.0,590.0,3745.0,591.0,,,,859.0,1052.0
2019-01-09,1284.0,597.0,3772.0,595.0,,,,864.0,1065.0
2019-01-10,1278.0,592.0,3759.0,592.0,,,,866.0,1061.0
2019-01-11,1272.0,591.0,3743.0,591.0,,,,867.0,1067.0
2019-01-14,1263.0,588.0,3709.0,587.0,,,,867.0,1070.0
2019-01-15,1269.0,595.0,3718.0,588.0,,,,871.0,1079.0
2019-01-16,1277.0,605.0,3748.0,592.0,,,,882.0,1078.0
2019-01-17,1279.0,605.0,3748.0,592.0,,,,878.0,1072.0
2019-01-18,1295.0,623.0,3786.0,595.0,,,,890.0,1073.0
2019-01-21,1294.0,621.0,3781.0,598.0,,,,898.0,1072.0
2019-01-22,1284.0,618.0,3760.0,592.0,,,,889.0,1072.0
2019-01-23,1290.0,626.0,3761.0,597.0,,,,886.0,1068.0
2019-01-24,1285.0,623.0,3743.0,598.0,,,,885.0,1074.0
2019-01-25,1286.0,624.0,3748.0,597.0,,,,897.0,1079.0
2019-01-28,1294.0,632.0,3761.0,596.0,,,,899.0,1070.0
2019-01-29,1290.0,629.0,3764.0,592.0,,,,900.0,1070.0
2019-01-30,1295.0,630.0,3774.0,595.0,,,,922.0,1077.0
2019-01-31,1307.0,643.0,3804.0,597.0,,,,925.0,1074.0
2019-02-01,1313.0,649.0,3819.0,598.0,,,,941.0,1079.0
2019-02-11,1301.0,627.0,3812.0,588.0,,,,949.0,1091.0
2019-02-12,1299.0,627.0,3807.0,591.0,,,,938.0,1086.0
2019-02-13,1294.0,621.0,3809.0,590.0,,,,930.0,1072.0
2019-02-14,1298.0,624.0,3825.0,592.0,,,,935.0,1077.0
2019-02-15,1291.0,622.0,3803.0,591.0,,,,914.0,1075.0
2019-02-18,1309.0,628.0,3884.0,594.0,,,,931.0,1080.0
2019-02-19,1312.0,628.0,3894.0,593.0,,,,938.0,1092.0
2019-02-20,1322.0,634.0,3922.0,595.0,,,,952.0,1091.0
2019-02-21,1321.0,629.0,3919.0,596.0,,,,955.0,1091.0
2019-02-22,1331.0,635.0,3938.0,602.0,,,,971.0,1084.0
2019-02-25,1343.0,641.0,3986.0,606.0,,,,972.0,1106.0
2019-02-26,1335.0,636.0,3960.0,603.0,,,,964.0,1098.0
2019-02-27,1334.0,640.0,3951.0,603.0,,,,957.0,1090.0
2019-02-28,1337.0,637.0,3957.0,603.0,,,,971.0,1091.0
2019-03-01,1353.0,654.0,3984.0,603.0,,,,991.0,1095.0
2019-03-04,1345.0,649.0,3944.0,605.0,,,,992.0,1089.0
2019-03-05,1335.0,640.0,3924.0,598.0,,,,999.0,1084.0
2019-03-06,1333.0,642.0,3918.0,595.0,,,,1003.0,1076.0
2019-03-07,1327.0,641.0,3901.0,594.0,,,,985.0,1076.0
2019-03-08,1319.0,630.0,3888.0,595.0,,,,966.0,1066.0
2019-03-11,1326.0,641.0,3900.0,596.0,,,,967.0,1065.0
2019-03-12,1330.0,642.0,3920.0,596.0,,,,970.0,1066.0
2019-03-13,1332.0,651.0,3912.0,599.0,,,,955.0,1066.0
2019-03-14,1331.0,652.0,3893.0,601.0,,,,960.0,1070.0
2019-03-15,1328.0,644.0,3910.0,602.0,,,,951.0,1068.0
2019-03-18,1324.0,642.0,3912.0,599.0,,,,946.0,1061.0
2019-03-19,1331.0,644.0,3911.0,605.0,,,,967.0,1065.0
2019-03-20,1336.0,650.0,3900.0,608.0,,,,971.0,1072.0
2019-03-21,1340.0,651.0,3918.0,608.0,,,,967.0,1073.0
2019-03-22,1334.0,654.0,3880.0,606.0,,,,951.0,1071.0
2019-03-25,1315.0,645.0,3815.0,601.0,,,,938.0,1065.0
2019-03-26,1329.0,661.0,3824.0,600.0,,,,943.0,1065.0
2019-03-27,1335.0,661.0,3836.0,601.0,,,,955.0,1063.0
2019-03-28,1343.0,671.0,3834.0,603.0,,,,947.0,1062.0
2019-03-29,1352.0,676.0,3869.0,604.0,,,,951.0,1073.0
2019-04-01,1376.0,688.0,3921.0,611.0,,,,975.0,1076.0
2019-04-02,1363.0,679.0,3906.0,606.0,,,,967.0,1077.0
2019-04-03,1368.0,681.0,3924.0,608.0,,,,982.0,1079.0
2019-04-04,1369.0,687.0,3926.0,608.0,,,,972.0,1074.0
2019-04-08,1362.0,681.0,3901.0,608.0,,,,974.0,1076.0
2019-04-09,1364.0,677.0,3946.0,608.0,,,,978.0,1075.0
2019-04-10,1359.0,672.0,3922.0,610.0,,,,979.0,1072.0
2019-04-11,1355.0,674.0,3898.0,609.0,,,,973.0,1066.0
2019-04-12,1351.0,672.0,3899.0,609.0,,,,955.0,1066.0
2019-04-15,1355.0,677.0,3908.0,610.0,,,,958.0,1071.0
2019-04-16,1354.0,665.0,3915.0,611.0,,,,969.0,1064.0
2019-04-17,1346.0,656.0,3917.0,615.0,,,,957.0,1062.0
2019-04-18,1336.0,648.0,3916.0,618.0,,,,937.0,1060.0
2019-04-19,1339.0,652.0,3919.0,619.0,,,,940.0,1063.0
2019-04-22,1336.0,652.0,3897.0,624.0,,,,934.0,1056.0
2019-04-23,1334.0,653.0,3889.0,623.0,,,,933.0,1060.0
2019-04-24,1324.0,640.0,3874.0,621.0,,,,925.0,1058.0
2019-04-25,1331.0,648.0,3891.0,626.0,,,,926.0,1052.0
2019-04-26,1333.0,654.0,3874.0,623.0,,,,926.0,1048.0
2019-04-29,1335.0,654.0,3865.0,625.0,,,,933.0,1059.0
2019-04-30,1337.0,658.0,3871.0,623.0,,,,927.0,1063.0
2019-05-06,1312.0,647.0,3798.0,612.0,,,,906.0,1054.0
2019-05-07,1320.0,651.0,3821.0,616.0,,,,914.0,1055.0
2019-05-08,1309.0,639.0,3785.0,617.0,,,,913.0,1053.0
2019-05-09,1299.0,635.0,3764.0,615.0,,,,901.0,1045.0
2019-05-10,1306.0,635.0,3779.0,623.0,,,,916.0,1047.0
2019-05-13,1306.0,635.0,3771.0,624.0,,,,915.0,1042.0
2019-05-14,1300.0,630.0,3758.0,623.0,,,,908.0,1040.0
2019-05-15,1312.0,639.0,3777.0,630.0,,,,923.0,1044.0
2019-05-16,1315.0,642.0,3781.0,631.0,,,,929.0,1049.0
2019-05-17,1309.0,636.0,3769.0,629.0,,,,929.0,1040.0
2019-05-20,1303.0,628.0,3768.0,628.0,,,,924.0,1041.0
2019-05-21,1305.0,630.0,3774.0,627.0,,,,931.0,1039.0
2019-05-22,1292.0,623.0,3731.0,621.0,,,,926.0,1035.0
2019-05-23,1280.0,617.0,3693.0,620.0,,,,918.0,1033.0
2019-05-24,1296.0,623.0,3732.0,626.0,,,,949.0,1033.0
2019-05-27,1299.0,620.0,3741.0,629.0,,,,956.0,1041.0
2019-05-28,1300.0,630.0,3729.0,626.0,,,,953.0,1046.0
2019-05-29,1292.0,627.0,3704.0,623.0,,,,937.0,1041.0
2019-05-30,1288.0,631.0,3683.0,622.0,,,,932.0,1024.0
2019-05-31,1281.0,626.0,3654.0,622.0,,,,933.0,1026.0
2019-06-03,1276.0,624.0,3650.0,621.0,,,,921.0,1024.0
2019-06-04,1273.0,619.0,3660.0,617.0,,,,918.0,1025.0
2019-06-05,1276.0,617.0,3680.0,619.0,,,,915.0,1025.0
2019-06-06,1272.0,629.0,3639.0,613.0,,,,908.0,1025.0
2019-06-10,1274.0,629.0,3658.0,611.0,,,,912.0,1032.0
2019-06-11,1286.0,635.0,3709.0,616.0,,,,922.0,1041.0
2019-06-12,1278.0,629.0,3676.0,614.0,,,,921.0,1040.0
2019-06-13,1280.0,630.0,3659.0,615.0,,,,945.0,1041.0
2019-06-14,1278.0,624.0,3665.0,613.0,,,,946.0,1037.0
2019-06-17,1270.0,618.0,3650.0,608.0,,,,941.0,1033.0
2019-06-18,1268.0,619.0,3664.0,608.0,,,,935.0,1028.0
2019-06-19,1277.0,619.0,3704.0,611.0,,,,943.0,1031.0
2019-06-20,1278.0,617.0,3711.0,613.0,,,,951.0,1031.0
2019-06-21,1269.0,604.0,3705.0,606.0,,,,936.0,1032.0
2019-06-24,1271.0,608.0,3697.0,609.0,,,,939.0,1026.0
2019-06-25,1282.0,619.0,3724.0,613.0,,,,948.0,1031.0
2019-06-26,1286.0,624.0,3733.0,613.0,,,,953.0,1027.0
2019-06-27,1284.0,619.0,3724.0,612.0,,,,964.0,1028.0
2019-06-28,1280.0,614.0,3718.0,609.0,,,,966.0,1024.0
2019-07-01,1282.0,617.0,3745.0,606.0,,,,949.0,1018.0
2019-07-02,1263.0,609.0,3686.0,604.0,,,,928.0,968.0
2019-07-03,1257.0,610.0,3657.0,602.0,,,,926.0,948.0
2019-07-04,1262.0,611.0,3666.0,607.0,,,,932.0,956.0
2019-07-05,1257.0,603.0,3659.0,607.0,,,,934.0,959.0
2019-07-08,1259.0,598.0,3665.0,607.0,,,,955.0,977.0
2019-07-09,1254.0,594.0,3649.0,606.0,,,,952.0,972.0
2019-07-10,1259.0,600.0,3640.0,610.0,,,,971.0,977.0
2019-07-11,1268.0,596.0,3681.0,609.0,,,,987.0,956.0
2019-07-12,1269.0,596.0,3687.0,608.0,,,,990.0,963.0
2019-07-15,1279.0,601.0,3706.0,611.0,,,,1009.0,953.0
2019-07-16,1290.0,602.0,3706.0,612.0,,,,1042.0,965.0
2019-07-17,1296.0,605.0,3702.0,612.0,,,,1057.0,960.0
2019-07-18,1317.0,613.0,3696.0,611.0,,,,1112.0,964.0
2019-07-19,1331.0,612.0,3790.0,614.0,,,,1125.0,966.0
2019-07-22,1307.0,602.0,3745.0,610.0,,,,1078.0,960.0
2019-07-23,1302.0,603.0,3737.0,606.0,,,,1073.0,963.0
2019-07-24,1300.0,605.0,3720.0,607.0,,,,1066.0,957.0
2019-07-25,1295.0,603.0,3715.0,612.0,,,,1045.0,964.0
2019-07-26,1298.0,602.0,3717.0,611.0,,,,1056.0,968.0
2019-07-29,1293.0,610.0,3705.0,611.0,,,,1039.0,962.0
2019-07-30,1310.0,616.0,3732.0,614.0,,,,1069.0,962.0
2019-07-31,1296.0,606.0,3691.0,612.0,,,,1066.0,958.0
2019-08-01,1293.0,603.0,3683.0,610.0,,,,1069.0,961.0
2019-08-02,1297.0,603.0,3669.0,607.0,,,,1089.0,965.0
2019-08-05,1307.0,605.0,3639.0,611.0,,,,1121.0,953.0
2019-08-06,1310.0,602.0,3645.0,611.0,,,,1126.0,961.0
2019-08-07,1297.0,589.0,3627.0,608.0,,,,1106.0,960.0
2019-08-08,1337.0,586.0,3671.0,612.0,,,,1186.0,965.0
2019-08-09,1344.0,582.0,3684.0,613.0,,,,1199.0,964.0
2019-08-12,1326.0,586.0,3690.0,625.0,,,,1149.0,953.0
2019-08-13,1340.0,587.0,3675.0,626.0,,,,1181.0,955.0
2019-08-14,1338.0,588.0,3676.0,625.0,,,,1179.0,962.0
2019-08-15,1334.0,586.0,3665.0,626.0,,,,1175.0,954.0
2019-08-16,1347.0,585.0,3674.0,625.0,,,,1196.0,947.0
2019-08-19,1348.0,582.0,3679.0,635.0,,,,1196.0,929.0
2019-08-20,1339.0,584.0,3679.0,632.0,,,,1172.0,934.0
2019-08-21,1338.0,579.0,3664.0,632.0,,,,1176.0,937.0
2019-08-22,1333.0,584.0,3655.0,632.0,,,,1167.0,935.0
2019-08-23,1338.0,586.0,3662.0,630.0,,,,1177.0,923.0
2019-08-26,1331.0,576.0,3632.0,627.0,,,,1178.0,917.0
2019-08-27,1349.0,587.0,3660.0,628.0,,,,1192.0,911.0
2019-08-28,1355.0,591.0,3675.0,630.0,,,,1194.0,918.0
2019-08-29,1365.0,590.0,3674.0,627.0,,,,1208.0,916.0
2019-08-30,1388.0,588.0,3685.0,629.0,,,,1241.0,922.0
2019-09-02,1416.0,585.0,3681.0,633.0,,,,1297.0,965.0
2019-09-03,1435.0,586.0,3659.0,631.0,,,,1394.0,963.0
2019-09-04,1438.0,589.0,3678.0,633.0,,,,1394.0,997.0
2019-09-05,1424.0,599.0,3707.0,631.0,,,,1356.0,1017.0
2019-09-06,1412.0,599.0,3743.0,635.0,,,,1315.0,1000.0
2019-09-09,1426.0,601.0,3740.0,635.0,,,,1342.0,991.0
2019-09-10,1439.0,599.0,3741.0,634.0,,,,1367.0,1002.0
2019-09-11,1438.0,606.0,3730.0,636.0,,,,1366.0,996.0
2019-09-12,1442.0,606.0,3746.0,637.0,,,,1373.0,1008.0
2019-09-16,1408.0,607.0,3751.0,631.0,,,,1305.0,977.0
2019-09-17,1393.0,602.0,3734.0,629.0,,,,1282.0,976.0
2019-09-18,1397.0,602.0,3732.0,628.0,,,,1295.0,977.0
2019-09-19,1392.0,597.0,3713.0,624.0,,,,1294.0,978.0
2019-09-20,1406.0,595.0,3718.0,628.0,,,,1313.0,974.0
2019-09-23,1406.0,593.0,3697.0,628.0,,,,1317.0,978.0
2019-09-24,1407.0,592.0,3717.0,625.0,,,,1315.0,972.0
2019-09-25,1395.0,587.0,3707.0,623.0,,,,1291.0,970.0
2019-09-26,1403.0,586.0,3717.0,620.0,,,,1296.0,969.0
2019-09-27,1409.0,590.0,3701.0,617.0,,,,1309.0,965.0
2019-09-30,1407.0,589.0,3727.0,619.0,,,,1305.0,960.0
2019-10-08,1408.0,589.0,3689.0,616.0,,,,1300.0,963.0
2019-10-09,1402.0,587.0,3676.0,615.0,,,,1298.0,975.0
2019-10-10,1407.0,593.0,3682.0,615.0,,,,1304.0,973.0
2019-10-11,1412.0,597.0,3697.0,609.0,,,,1302.0,969.0
2019-10-14,1406.0,596.0,3702.0,607.0,,,,1293.0,977.0
2019-10-15,1389.0,601.0,3701.0,608.0,,,,1256.0,974.0
2019-10-16,1389.0,596.0,3685.0,611.0,,,,1261.0,988.0
2019-10-17,1369.0,590.0,3677.0,611.0,,,,1226.0,994.0
2019-10-18,1369.0,594.0,3671.0,612.0,,,,1231.0,1000.0
2019-10-21,1362.0,596.0,3706.0,608.0,,,,1203.0,982.0
2019-10-22,1362.0,596.0,3714.0,610.0,,,,1197.0,981.0
2019-10-23,1376.0,592.0,3699.0,609.0,,,,1237.0,985.0
2019-10-24,1390.0,595.0,3733.0,611.0,,,,1267.0,983.0
2019-10-25,1387.0,588.0,3735.0,610.0,,,,1269.0,984.0
2019-10-28,1383.0,602.0,3738.0,611.0,,,,1257.0,990.0
2019-10-29,1381.0,602.0,3731.0,609.0,,,,1263.0,986.0
2019-10-30,1389.0,602.0,3745.0,612.0,,,,1277.0,988.0
2019-10-31,1384.0,598.0,3730.0,612.0,,,,1273.0,985.0
2019-11-01,1385.0,597.0,3714.0,613.0,,,,1281.0,977.0
2019-11-04,1383.0,601.0,3708.0,616.0,,,,1277.0,973.0
2019-11-05,1372.0,596.0,3725.0,617.0,,,,1249.0,975.0
2019-11-06,1365.0,590.0,3720.0,616.0,,,,1241.0,972.0
2019-11-07,1368.0,588.0,3717.0,616.0,,,,1252.0,975.0
2019-11-08,1365.0,585.0,3724.0,618.0,,,,1242.0,977.0
2019-11-11,1359.0,584.0,3710.0,613.0,,,,1227.0,978.0
2019-11-12,1348.0,592.0,3718.0,610.0,,,,1203.0,970.0
2019-11-13,1336.0,583.0,3699.0,610.0,,,,1192.0,958.0
2019-11-14,1337.0,579.0,3699.0,608.0,,,,1200.0,959.0
2019-11-15,1323.0,577.0,3691.0,607.0,,,,1166.0,957.0
2019-11-18,1319.0,578.0,3695.0,612.0,,,,1156.0,965.0
2019-11-19,1307.0,576.0,3688.0,610.0,,,,1130.0,960.0
2019-11-20,1301.0,577.0,3701.0,612.0,,,,1109.0,961.0
2019-11-21,1302.0,568.0,3706.0,615.0,,,,1113.0,980.0
2019-11-22,1295.0,565.0,3687.0,615.0,,,,1105.0,990.0
2019-11-25,1299.0,567.0,3705.0,613.0,,,,1113.0,989.0
2019-11-26,1297.0,565.0,3702.0,610.0,,,,1115.0,987.0
2019-11-27,1300.0,569.0,3727.0,610.0,,,,1113.0,984.0
2019-11-28,1293.0,567.0,3724.0,613.0,,,,1089.0,986.0
2019-11-29,1287.0,567.0,3722.0,616.0,,,,1067.0,985.0
2019-12-02,1280.0,559.0,3721.0,619.0,,,,1055.0,992.0
2019-12-03,1278.0,560.0,3703.0,619.0,,,,1057.0,987.0
2019-12-04,1262.0,560.0,3696.0,619.0,,,,1015.0,990.0
2019-12-05,1266.0,565.0,3713.0,618.0,,,,1015.0,991.0
2019-12-06,1274.0,566.0,3722.0,614.0,,,,1037.0,992.0
2019-12-09,1280.0,567.0,3804.0,619.0,,,,1022.0,1001.0
2019-12-10,1285.0,568.0,3823.0,621.0,,,,1027.0,1007.0
2019-12-11,1297.0,566.0,3848.0,622.0,,,,1054.0,1010.0
2019-12-12,1305.0,572.0,3850.0,620.0,,,,1076.0,1005.0
2019-12-13,1308.0,574.0,3849.0,623.0,,,,1083.0,995.0
2019-12-16,1307.0,571.0,3856.0,622.0,,,,1081.0,1004.0
2019-12-17,1311.0,572.0,3868.0,626.0,,,,1086.0,1002.0
2019-12-18,1301.0,569.0,3853.0,630.0,,,,1062.0,1008.0
2019-12-19,1310.0,573.0,3856.0,635.0,,,,1082.0,1011.0
2019-12-20,1312.0,574.0,3850.0,633.0,,,,1091.0,1007.0
2019-12-23,1319.0,570.0,3852.0,634.0,,,,1110.0,1009.0
2019-12-24,1321.0,568.0,3894.0,636.0,,,,1100.0,1001.0
2019-12-25,1318.0,569.0,3895.0,636.0,,,,1093.0,996.0
2019-12-26,1317.0,565.0,3899.0,628.0,,,,1096.0,999.0
2019-12-27,1313.0,569.0,3905.0,629.0,,,,1073.0,994.0
2019-12-30,1317.0,574.0,3888.0,630.0,,,,1088.0,984.0
2019-12-31,1313.0,569.0,3859.0,631.0,,,,1091.0,976.0
2020-01-02,1311.0,567.0,3866.0,630.0,,,,1083.0,983.0
2020-01-03,1294.0,563.0,3830.0,629.0,,,,1049.0,982.0
2020-01-06,1297.0,575.0,3820.0,630.0,,,,1052.0,979.0
2020-01-07,1304.0,577.0,3839.0,630.0,,,,1064.0,981.0
2020-01-08,1304.0,583.0,3827.0,632.0,,,,1062.0,985.0
2020-01-09,1312.0,582.0,3835.0,628.0,,,,1085.0,1001.0
2020-01-10,1315.0,582.0,3839.0,634.0,,,,1089.0,999.0
2020-01-13,1317.0,579.0,3833.0,627.0,,,,1101.0,1003.0
2020-01-14,1306.0,577.0,3862.0,626.0,,,,1059.0,1004.0
2020-01-15,1307.0,578.0,3858.0,627.0,,,,1062.0,1015.0
2020-01-16,1317.0,580.0,3854.0,642.0,,,,1082.0,1015.0
2020-01-17,1309.0,582.0,3858.0,641.0,,,,1055.0,1022.0
2020-01-20,1307.0,584.0,3846.0,638.0,,,,1051.0,1016.0
2020-01-21,1293.0,577.0,3793.0,634.0,,,,1045.0,1010.0
2020-01-22,1299.0,581.0,3802.0,636.0,,,,1054.0,1017.0
2020-01-23,1281.0,576.0,3761.0,633.0,,,,1030.0,998.0
2020-02-03,1219.0,549.0,3528.0,611.0,,,,993.0,950.0
2020-02-04,1228.0,550.0,3545.0,611.0,,,,1015.0,957.0
2020-02-05,1232.0,548.0,3568.0,612.0,,,,1021.0,957.0
2020-02-06,1240.0,550.0,3606.0,614.0,,,,1021.0,969.0
2020-02-07,1237.0,548.0,3579.0,616.0,,,,1022.0,973.0
2020-02-10,1229.0,543.0,3558.0,616.0,,,,1015.0,973.0
2020-02-11,1236.0,542.0,3571.0,617.0,,,,1031.0,979.0
2020-02-12,1233.0,541.0,3570.0,617.0,,,,1021.0,974.0
2020-02-13,1236.0,542.0,3584.0,616.0,,,,1026.0,977.0
2020-02-14,1237.0,546.0,3602.0,615.0,,,,1017.0,978.0
2020-02-17,1244.0,547.0,3631.0,614.0,,,,1022.0,985.0
2020-02-18,1242.0,544.0,3614.0,615.0,,,,1021.0,984.0
2020-02-19,1242.0,544.0,3624.0,615.0,,,,1008.0,986.0
2020-02-20,1241.0,544.0,3626.0,613.0,,,,1011.0,987.0
2020-02-21,1230.0,539.0,3592.0,609.0,,,,994.0,989.0
2020-02-24,1226.0,526.0,3593.0,607.0,,,,998.0,996.0
2020-02-25,1224.0,524.0,3589.0,607.0,,,,997.0,993.0
2020-02-26,1215.0,521.0,3564.0,605.0,,,,978.0,987.0
2020-02-27,1213.0,521.0,3549.0,602.0,,,,979.0,990.0
2020-02-28,1183.0,502.0,3467.0,588.0,,,,954.0,957.0
2020-03-02,1208.0,512.0,3533.0,594.0,,,,991.0,977.0
2020-03-03,1215.0,513.0,3563.0,595.0,,,,994.0,985.0
2020-03-04,1208.0,506.0,3537.0,592.0,,,,993.0,991.0
2020-03-05,1211.0,508.0,3540.0,592.0,,,,999.0,994.0
2020-03-06,1202.0,507.0,3505.0,589.0,,,,996.0,985.0
2020-03-09,1171.0,491.0,3418.0,576.0,,,,963.0,968.0
2020-03-10,1196.0,506.0,3482.0,580.0,,,,1007.0,984.0
2020-03-11,1186.0,505.0,3449.0,578.0,,,,989.0,986.0
2020-03-12,1169.0,500.0,3384.0,575.0,,,,972.0,973.0
2020-03-13,1167.0,499.0,3399.0,577.0,,,,960.0,943.0
2020-03-16,1148.0,491.0,3320.0,573.0,,,,961.0,924.0
2020-03-17,1147.0,494.0,3320.0,569.0,,,,962.0,897.0
2020-03-18,1086.0,470.0,3112.0,550.0,,,,919.0,853.0
2020-03-19,1040.0,455.0,2926.0,527.0,,,,921.0,786.0
2020-03-20,1072.0,475.0,3030.0,536.0,,,,926.0,831.0
2020-03-23,1025.0,462.0,2897.0,507.0,,,,888.0,780.0
2020-03-24,1045.0,470.0,2975.0,511.0,,,,886.0,828.0
2020-03-25,1067.0,471.0,3065.0,523.0,,,,888.0,848.0
2020-03-26,1058.0,469.0,3027.0,520.0,,,,885.0,839.0
2020-03-27,1073.0,486.0,3051.0,525.0,,,,903.0,867.0
2020-03-30,1059.0,476.0,3015.0,514.0,,,,901.0,863.0
2020-03-31,1067.0,479.0,3049.0,517.0,,,,888.0,876.0
2020-04-01,1062.0,478.0,3037.0,512.0,,,,896.0,881.0
2020-04-02,1072.0,487.0,3088.0,513.0,,,,898.0,872.0
2020-04-03,1077.0,491.0,3108.0,516.0,,,,895.0,876.0
2020-04-07,1091.0,501.0,3161.0,520.0,,,,902.0,881.0
2020-04-08,1097.0,495.0,3177.0,519.0,,,,921.0,887.0
2020-04-09,1096.0,492.0,3176.0,521.0,,,,918.0,891.0
2020-04-10,1120.0,496.0,3254.0,530.0,,,,941.0,918.0
2020-04-13,1119.0,498.0,3259.0,526.0,,,,932.0,923.0
2020-04-14,1121.0,503.0,3256.0,526.0,,,,939.0,918.0
2020-04-15,1122.0,500.0,3242.0,534.0,,,,940.0,922.0
2020-04-16,1122.0,505.0,3242.0,540.0,,,,926.0,917.0
2020-04-17,1146.0,511.0,3298.0,555.0,,,,957.0,931.0
2020-04-20,1153.0,511.0,3302.0,552.0,,,,986.0,932.0
2020-04-21,1129.0,495.0,3232.0,541.0,,,,975.0,912.0
2020-04-22,1118.0,502.0,3205.0,545.0,,,,948.0,895.0
2020-04-23,1135.0,500.0,3272.0,547.0,,,,962.0,938.0
2020-04-24,1133.0,501.0,3259.0,549.0,,,,964.0,936.0
2020-04-27,1151.0,509.0,3314.0,555.0,,,,981.0,964.0
2020-04-28,1146.0,510.0,3299.0,558.0,,,,971.0,943.0
2020-04-29,1150.0,518.0,3316.0,563.0,,,,967.0,943.0
2020-04-30,1154.0,519.0,3349.0,566.0,,,,966.0,941.0
2020-05-06,1157.0,522.0,3332.0,570.0,,,,978.0,949.0
2020-05-07,1163.0,528.0,3363.0,564.0,,,,983.0,949.0
2020-05-08,1171.0,538.0,3393.0,564.0,,,,982.0,959.0
2020-05-11,1172.0,535.0,3393.0,569.0,,,,980.0,966.0
2020-05-12,1163.0,534.0,3355.0,564.0,,,,975.0,960.0
2020-05-13,1161.0,528.0,3355.0,567.0,,,,976.0,960.0
2020-05-14,1158.0,522.0,3345.0,569.0,,,,976.0,955.0
2020-05-15,1160.0,523.0,3362.0,572.0,,,,959.0,952.0
2020-05-18,1165.0,527.0,3376.0,579.0,,,,964.0,963.0
2020-05-19,1179.0,532.0,3420.0,583.0,,,,985.0,962.0
2020-05-20,1184.0,532.0,3423.0,584.0,,,,990.0,994.0
2020-05-21,1192.0,524.0,3456.0,580.0,,,,1014.0,993.0
2020-05-22,1166.0,521.0,3387.0,581.0,,,,963.0,971.0
2020-05-25,1173.0,519.0,3417.0,583.0,,,,971.0,983.0
2020-05-26,1177.0,517.0,3434.0,587.0,,,,973.0,988.0
2020-05-27,1172.0,511.0,3416.0,591.0,,,,963.0,988.0
2020-05-28,1178.0,514.0,3421.0,597.0,,,,970.0,991.0
2020-05-29,1183.0,521.0,3440.0,600.0,,,,964.0,998.0
2020-06-01,1197.0,525.0,3492.0,597.0,,,,994.0,1004.0
2020-06-02,1195.0,528.0,3488.0,591.0,,,,993.0,999.0
2020-06-03,1202.0,527.0,3510.0,598.0,,,,996.0,1015.0
2020-06-04,1197.0,526.0,3503.0,598.0,,,,984.0,993.0
2020-06-05,1207.0,529.0,3541.0,598.0,,,,999.0,1001.0
2020-06-08,1218.0,524.0,3585.0,608.0,,,,999.0,1017.0
2020-06-09,1228.0,523.0,3623.0,613.0,,,,1008.0,1027.0
2020-06-10,1234.0,521.0,3668.0,619.0,,,,993.0,1027.0
2020-06-11,1229.0,521.0,3674.0,613.0,,,,980.0,1019.0
2020-06-12,1229.0,522.0,3666.0,616.0,,,,979.0,1018.0
2020-06-15,1214.0,517.0,3617.0,614.0,,,,965.0,1001.0
2020-06-16,1238.0,525.0,3685.0,625.0,,,,998.0,1025.0
2020-06-17,1234.0,532.0,3656.0,624.0,,,,996.0,1028.0
2020-06-18,1234.0,530.0,3666.0,623.0,,,,994.0,1029.0
2020-06-19,1249.0,540.0,3738.0,626.0,,,,1003.0,1021.0
2020-06-22,1243.0,537.0,3721.0,629.0,,,,981.0,1018.0
2020-06-23,1246.0,536.0,3751.0,628.0,,,,978.0,1027.0
2020-06-24,1245.0,534.0,3752.0,625.0,,,,978.0,1027.0
2020-06-29,1255.0,530.0,3793.0,633.0,,,,987.0,1021.0
2020-06-30,1264.0,537.0,3825.0,636.0,,,,989.0,1031.0
2020-07-01,1273.0,532.0,3869.0,645.0,,,,980.0,1030.0
2020-07-02,1276.0,535.0,3874.0,642.0,,,,989.0,1028.0
2020-07-03,1276.0,534.0,3833.0,645.0,,,,1014.0,1039.0
2020-07-06,1283.0,536.0,3845.0,648.0,,,,1026.0,1058.0
2020-07-07,1284.0,534.0,3868.0,645.0,,,,1025.0,1048.0
2020-07-08,1295.0,546.0,3903.0,650.0,,,,1030.0,1048.0
2020-07-09,1312.0,559.0,3977.0,656.0,,,,1031.0,1046.0
2020-07-10,1305.0,559.0,3956.0,659.0,,,,1010.0,1032.0
2020-07-13,1354.0,574.0,4150.0,671.0,,,,1039.0,1069.0
2020-07-14,1341.0,573.0,4096.0,662.0,,,,1044.0,1060.0
2020-07-15,1339.0,570.0,4091.0,662.0,,,,1040.0,1056.0
2020-07-16,1306.0,565.0,3972.0,644.0,,,,1017.0,1039.0
2020-07-17,1318.0,571.0,4035.0,649.0,,,,1018.0,1049.0
2020-07-20,1313.0,564.0,4024.0,651.0,,,,1011.0,1042.0
2020-07-21,1325.0,570.0,4071.0,652.0,,,,1015.0,1051.0
2020-07-22,1337.0,576.0,4113.0,660.0,,,,1021.0,1060.0
2020-07-23,1329.0,577.0,4079.0,661.0,,,,1016.0,1049.0
2020-07-24,1321.0,572.0,4020.0,661.0,,,,1031.0,1053.0
2020-07-27,1336.0,579.0,4050.0,663.0,,,,1055.0,1088.0
2020-07-28,1333.0,574.0,4043.0,669.0,,,,1041.0,1100.0
2020-07-29,1347.0,597.0,4072.0,677.0,,,,1049.0,1093.0
2020-07-30,1353.0,599.0,4057.0,687.0,,,,1066.0,1091.0
2020-07-31,1355.0,610.0,4067.0,685.0,,,,1058.0,1087.0
2020-08-03,1339.0,600.0,4006.0,681.0,,,,1044.0,1087.0
2020-08-04,1351.0,603.0,4046.0,686.0,,,,1062.0,1083.0
2020-08-05,1354.0,602.0,4031.0,685.0,,,,1082.0,1082.0
2020-08-06,1363.0,618.0,4034.0,679.0,,,,1097.0,1083.0
2020-08-07,1364.0,620.0,4027.0,681.0,,,,1102.0,1087.0
2020-08-10,1340.0,613.0,3944.0,672.0,,,,1084.0,1074.0
2020-08-11,1337.0,615.0,3950.0,666.0,,,,1074.0,1060.0
2020-08-12,1333.0,617.0,3915.0,668.0,,,,1075.0,1065.0
2020-08-13,1340.0,618.0,3961.0,672.0,,,,1078.0,1051.0
2020-08-14,1342.0,619.0,3933.0,674.0,,,,1093.0,1052.0
2020-08-17,1358.0,630.0,3980.0,674.0,,,,1110.0,1060.0
2020-08-18,1361.0,634.0,3994.0,675.0,,,,1112.0,1060.0
2020-08-19,1381.0,644.0,4102.0,683.0,,,,1113.0,1057.0
2020-08-20,1377.0,642.0,4085.0,685.0,,,,1110.0,1052.0
2020-08-21,1374.0,641.0,4066.0,688.0,,,,1105.0,1067.0
2020-08-24,1373.0,636.0,4046.0,688.0,,,,1122.0,1047.0
2020-08-25,1367.0,636.0,4013.0,682.0,,,,1123.0,1046.0
2020-08-26,1382.0,635.0,4038.0,692.0,,,,1144.0,1049.0
2020-08-27,1381.0,636.0,4042.0,686.0,,,,1142.0,1064.0
2020-08-28,1392.0,643.0,4081.0,689.0,,,,1150.0,1068.0
2020-08-31,1393.0,638.0,4080.0,686.0,,,,1158.0,1073.0
2020-09-01,1415.0,655.0,4159.0,686.0,,,,1176.0,1078.0
2020-09-02,1400.0,651.0,4087.0,684.0,,,,1167.0,1084.0
2020-09-03,1387.0,647.0,4063.0,676.0,,,,1147.0,1089.0
2020-09-04,1378.0,637.0,4053.0,673.0,,,,1139.0,1080.0
2020-09-07,1386.0,635.0,4103.0,682.0,,,,1138.0,1077.0
2020-09-08,1393.0,635.0,4129.0,684.0,,,,1143.0,1089.0
2020-09-09,1365.0,618.0,4070.0,677.0,,,,1107.0,1068.0
2020-09-10,1361.0,611.0,4063.0,676.0,,,,1106.0,1060.0
2020-09-11,1363.0,623.0,4058.0,671.0,,,,1110.0,1050.0
2020-09-14,1382.0,632.0,4092.0,683.0,,,,1135.0,1071.0
2020-09-15,1385.0,639.0,4097.0,685.0,,,,1135.0,1063.0
2020-09-16,1375.0,637.0,4061.0,685.0,,,,1123.0,1064.0
2020-09-17,1361.0,628.0,4031.0,682.0,,,,1104.0,1048.0
2020-09-18,1383.0,645.0,4107.0,687.0,,,,1115.0,1063.0
2020-09-21,1374.0,638.0,4096.0,688.0,,,,1090.0,1073.0
2020-09-22,1363.0,629.0,4066.0,683.0,,,,1082.0,1064.0
2020-09-23,1352.0,620.0,4039.0,675.0,,,,1077.0,1071.0
2020-09-24,1330.0,611.0,3975.0,655.0,,,,1070.0,1045.0
2020-09-25,1340.0,614.0,4006.0,664.0,,,,1084.0,1043.0
2020-09-28,1345.0,614.0,4020.0,671.0,,,,1084.0,1048.0
2020-09-29,1347.0,623.0,3998.0,676.0,,,,1088.0,1060.0
2020-09-30,1341.0,621.0,3997.0,673.0,,,,1067.0,1077.0
2020-10-09,1359.0,620.0,4037.0,686.0,,,,1107.0,1088.0
2020-10-12,1367.0,627.0,4044.0,694.0,,,,1118.0,1082.0
2020-10-13,1364.0,620.0,4031.0,696.0,,,,1118.0,1082.0
2020-10-14,1364.0,616.0,4046.0,698.0,,,,1118.0,1079.0
2020-10-15,1365.0,621.0,4024.0,698.0,,,,1125.0,1080.0
2020-10-16,1369.0,614.0,4041.0,699.0,,,,1141.0,1081.0
2020-10-19,1370.0,622.0,4017.0,703.0,,,,1140.0,1086.0
2020-10-20,1374.0,625.0,4033.0,700.0,,,,1148.0,1089.0
2020-10-21,1392.0,639.0,4100.0,699.0,,,,1162.0,1087.0
2020-10-22,1387.0,640.0,4107.0,699.0,,,,1145.0,1076.0
2020-10-23,1382.0,642.0,4077.0,699.0,,,,1144.0,1080.0
2020-10-26,1374.0,633.0,4066.0,700.0,,,,1126.0,1059.0
2020-10-27,1379.0,636.0,4053.0,703.0,,,,1140.0,1063.0
2020-10-28,1411.0,651.0,4068.0,695.0,,,,1196.0,1065.0
2020-10-29,1388.0,639.0,4039.0,697.0,,,,1161.0,1060.0
2020-10-30,1363.0,635.0,3997.0,694.0,,,,1117.0,1054.0
2020-11-02,1366.0,641.0,4008.0,716.0,,,,1103.0,1064.0
2020-11-03,1376.0,647.0,4064.0,713.0,,,,1107.0,1077.0
2020-11-04,1373.0,643.0,4051.0,713.0,,,,1108.0,1073.0
2020-11-05,1373.0,644.0,4035.0,718.0,,,,1109.0,1080.0
2020-11-06,1374.0,647.0,4037.0,718.0,,,,1105.0,1084.0
2020-11-09,1389.0,663.0,4069.0,718.0,,,,1124.0,1082.0
2020-11-10,1383.0,653.0,4048.0,721.0,,,,1124.0,1078.0
2020-11-11,1392.0,653.0,4078.0,732.0,,,,1126.0,1075.0
2020-11-12,1395.0,651.0,4067.0,741.0,,,,1134.0,1074.0
2020-11-13,1401.0,651.0,4096.0,750.0,,,,1130.0,1081.0
2020-11-16,1422.0,659.0,4214.0,741.0,,,,1146.0,1099.0
2020-11-17,1403.0,661.0,4150.0,743.0,,,,1106.0,1097.0
2020-11-18,1414.0,674.0,4157.0,761.0,,,,1108.0,1119.0
2020-11-19,1409.0,677.0,4136.0,759.0,,,,1110.0,1086.0
2020-11-20,1427.0,690.0,4198.0,767.0,,,,1114.0,1084.0
2020-11-23,1436.0,685.0,4233.0,766.0,,,,1141.0,1084.0
2020-11-24,1447.0,682.0,4296.0,764.0,,,,1155.0,1081.0
2020-11-25,1441.0,674.0,4278.0,778.0,,,,1140.0,1072.0
2020-11-26,1454.0,685.0,4338.0,777.0,,,,1151.0,1081.0
2020-11-27,1473.0,686.0,4401.0,788.0,,,,1171.0,1095.0
2020-11-30,1500.0,701.0,4524.0,808.0,,,,1162.0,1102.0
2020-12-01,1484.0,694.0,4474.0,814.0,,,,1136.0,1075.0
2020-12-02,1489.0,689.0,4485.0,825.0,,,,1141.0,1078.0
2020-12-03,1469.0,684.0,4461.0,793.0,,,,1120.0,1076.0
2020-12-04,1480.0,685.0,4506.0,801.0,,,,1122.0,1090.0
2020-12-07,1477.0,686.0,4473.0,787.0,,,,1153.0,1097.0
2020-12-08,1480.0,693.0,4467.0,788.0,,,,1158.0,1101.0
2020-12-09,1484.0,698.0,4495.0,780.0,,,,1160.0,1102.0
2020-12-10,1496.0,698.0,4513.0,800.0,,,,1178.0,1115.0
2020-12-11,1513.0,702.0,4542.0,788.0,,,,1232.0,1105.0
2020-12-14,1521.0,696.0,4540.0,798.0,,,,1248.0,1110.0
2020-12-15,1519.0,699.0,4529.0,794.0,,,,1253.0,1117.0
2020-12-16,1518.0,705.0,4545.0,801.0,,,,1233.0,1131.0
2020-12-17,1535.0,715.0,4607.0,807.0,,,,1243.0,1139.0
2020-12-18,1550.0,716.0,4657.0,822.0,,,,1253.0,1140.0
2020-12-21,1548.0,724.0,4651.0,800.0,,,,1265.0,1121.0
2020-12-22,1498.0,702.0,4542.0,776.0,,,,1195.0,1111.0
2020-12-23,1493.0,697.0,4538.0,779.0,,,,1178.0,1108.0
2020-12-24,1504.0,701.0,4560.0,790.0,,,,1190.0,1116.0
2020-12-25,1521.0,709.0,4594.0,788.0,,,,1212.0,1129.0
2020-12-28,1517.0,702.0,4611.0,772.0,,,,1215.0,1130.0
2020-12-29,1500.0,687.0,4564.0,762.0,,,,1205.0,1126.0
2020-12-30,1501.0,683.0,4588.0,768.0,,,,1191.0,1115.0
2020-12-31,1484.0,675.0,4531.0,767.0,,,,1175.0,1109.0
2021-01-04,1505.0,683.0,4563.0,765.0,,,,1219.0,1133.0
2021-01-05,1510.0,691.0,4559.0,763.0,,,,1232.0,1167.0
2021-01-06,1522.0,698.0,4630.0,765.0,,,,1231.0,1165.0
2021-01-07,1540.0,706.0,4662.0,761.0,,,,1267.0,1164.0
2021-01-08,1549.0,706.0,4733.0,760.0,,,,1260.0,1164.0
2021-01-11,1547.0,686.0,4596.0,743.0,,,,1212.0,1128.0
2021-01-12,1504.0,682.0,4599.0,741.0,,,,1235.0,1125.0
2021-01-13,1507.0,678.0,4605.0,734.0,,,,1247.0,1125.0
2021-01-14,1509.0,666.0,4602.0,736.0,,,,1256.0,1126.0
2021-01-15,1511.0,663.0,4598.0,740.0,,,,1259.0,1128.0
2021-01-18,1527.0,667.0,4644.0,743.0,,,,1283.0,1150.0
2021-01-19,1515.0,663.0,4613.0,733.0,,,,1269.0,1159.0
2021-01-20,1521.0,666.0,4631.0,736.0,,,,1274.0,1159.0
2021-01-21,1536.0,671.0,4649.0,745.0,,,,1290.0,1187.0
2021-01-22,1516.0,653.0,4607.0,741.0,,,,1268.0,1195.0
2021-01-25,1539.0,668.0,4629.0,743.0,,,,1292.0,1246.0
2021-01-26,1522.0,654.0,4580.0,738.0,,,,1274.0,1251.0
2021-01-27,1521.0,646.0,4600.0,740.0,,,,1271.0,1256.0
2021-01-28,1500.0,638.0,4525.0,737.0,,,,1248.0,1254.0
2021-01-29,1497.0,634.0,4508.0,746.0,,,,1240.0,1263.0
2021-02-01,1505.0,641.0,4537.0,759.0,,,,1260.0,1244.0
2021-02-02,1486.0,637.0,4489.0,743.0,,,,1244.0,1224.0
2021-02-03,1478.0,642.0,4465.0,744.0,,,,1231.0,1204.0
2021-02-04,1496.0,651.0,4530.0,760.0,,,,1239.0,1202.0
2021-02-05,1511.0,656.0,4560.0,772.0,,,,1261.0,1199.0
2021-02-08,1522.0,655.0,4607.0,785.0,,,,1268.0,1218.0
2021-02-09,1536.0,659.0,4670.0,790.0,,,,1284.0,1198.0
2021-02-10,1559.0,670.0,4762.0,792.0,,,,1293.0,1200.0
2021-02-18,1617.0,695.0,4958.0,823.0,,,,1316.0,1278.0
2021-02-19,1650.0,706.0,5034.0,822.0,,,,1368.0,1331.0
2021-02-22,1711.0,718.0,5273.0,834.0,,,,1389.0,1413.0
2021-02-23,1711.0,714.0,5319.0,832.0,,,,1377.0,1397.0
2021-02-24,1700.0,696.0,5315.0,829.0,,,,1352.0,1382.0
2021-02-25,1753.0,709.0,5491.0,871.0,,,,1377.0,1405.0
2021-02-26,1707.0,703.0,5319.0,870.0,,,,1334.0,1351.0
2021-03-01,1685.0,698.0,5279.0,848.0,,,,1316.0,1336.0
2021-03-02,1673.0,705.0,5228.0,842.0,,,,1311.0,1299.0
2021-03-03,1699.0,710.0,5309.0,879.0,,,,1312.0,1304.0
2021-03-04,1653.0,685.0,5203.0,853.0,,,,1239.0,1270.0
2021-03-05,1632.0,694.0,5161.0,859.0,,,,1153.0,1270.0
2021-03-08,1633.0,695.0,5150.0,861.0,,,,1157.0,1249.0
2021-03-09,1628.0,695.0,5170.0,847.0,,,,1130.0,1249.0
2021-03-10,1622.0,693.0,5114.0,857.0,,,,1136.0,1273.0
2021-03-11,1668.0,713.0,5267.0,875.0,,,,1162.0,1317.0
2021-03-12,1654.0,716.0,5232.0,864.0,,,,1146.0,1319.0
2021-03-15,1668.0,715.0,5279.0,882.0,,,,1156.0,1290.0
2021-03-16,1650.0,707.0,5218.0,881.0,,,,1141.0,1277.0
2021-03-17,1657.0,710.0,5234.0,887.0,,,,1139.0,1287.0
2021-03-18,1652.0,702.0,5232.0,876.0,,,,1142.0,1291.0
2021-03-19,1642.0,702.0,5162.0,873.0,,,,1143.0,1279.0
2021-03-22,1663.0,725.0,5223.0,879.0,,,,1163.0,1301.0
2021-03-23,1663.0,717.0,5242.0,856.0,,,,1182.0,1291.0
2021-03-24,1648.0,709.0,5198.0,856.0,,,,1145.0,1267.0
2021-03-25,1630.0,702.0,5126.0,855.0,,,,1136.0,1253.0
2021-03-26,1651.0,709.0,5174.0,873.0,,,,1167.0,1277.0
2021-03-29,1656.0,715.0,5187.0,872.0,,,,1173.0,1282.0
2021-03-30,1648.0,717.0,5151.0,869.0,,,,1170.0,1283.0
2021-03-31,1636.0,707.0,5129.0,860.0,,,,1143.0,1271.0
2021-04-01,1632.0,702.0,5089.0,872.0,,,,1147.0,1290.0
2021-04-02,1669.0,704.0,5246.0,878.0,,,,1170.0,1335.0
2021-04-06,1669.0,713.0,5241.0,878.0,,,,1185.0,1346.0
2021-04-07,1668.0,717.0,5232.0,875.0,,,,1194.0,1350.0
2021-04-08,1667.0,722.0,5227.0,878.0,,,,1201.0,1337.0
2021-04-09,1662.0,718.0,5215.0,875.0,,,,1196.0,1326.0
2021-04-12,1636.0,706.0,5132.0,871.0,,,,1159.0,1301.0
2021-04-13,1640.0,700.0,5146.0,887.0,,,,1153.0,1299.0
2021-04-14,1647.0,700.0,5177.0,897.0,,,,1152.0,1297.0
2021-04-15,1684.0,711.0,5310.0,918.0,,,,1150.0,1314.0
2021-04-16,1693.0,718.0,5349.0,902.0,,,,1170.0,1340.0
2021-04-19,1715.0,720.0,5437.0,913.0,,,,1150.0,1352.0
2021-04-20,1709.0,713.0,5420.0,906.0,,,,1146.0,1353.0
2021-04-21,1693.0,703.0,5363.0,903.0,,,,1145.0,1343.0
2021-04-22,1698.0,701.0,5397.0,908.0,,,,1135.0,1338.0
2021-04-23,1709.0,702.0,5420.0,921.0,,,,1139.0,1342.0
2021-04-26,1744.0,718.0,5540.0,921.0,,,,1167.0,1362.0
2021-04-27,1773.0,730.0,5657.0,933.0,,,,1199.0,1359.0
2021-04-28,1753.0,726.0,5568.0,927.0,,,,1207.0,1351.0
2021-04-29,1780.0,731.0,5649.0,946.0,,,,1231.0,1403.0
2021-04-30,1777.0,715.0,5611.0,952.0,,,,1245.0,1415.0
2021-05-06,1808.0,722.0,5716.0,972.0,,,,1253.0,1440.0
2021-05-07,1842.0,735.0,5846.0,996.0,,,,1267.0,1444.0
2021-05-10,1892.0,748.0,6068.0,1024.0,,,,1262.0,1427.0
2021-05-11,1856.0,738.0,5931.0,1000.0,,,,1249.0,1420.0
2021-05-12,1874.0,739.0,6017.0,1002.0,,,,1261.0,1434.0
2021-05-13,1843.0,722.0,5927.0,985.0,,,,1221.0,1401.0
2021-05-14,1815.0,722.0,5818.0,968.0,,,,1220.0,1406.0
2021-05-17,1829.0,734.0,5833.0,988.0,,,,1239.0,1439.0
2021-05-18,1854.0,761.0,5939.0,989.0,,,,1273.0,1448.0
2021-05-19,1818.0,746.0,5785.0,967.0,,,,1258.0,1449.0
2021-05-20,1801.0,738.0,5735.0,960.0,,,,1217.0,1424.0
2021-05-21,1766.0,736.0,5616.0,939.0,,,,1179.0,1438.0
2021-05-24,1747.0,727.0,5576.0,908.0,,,,1176.0,1406.0
2021-05-25,1765.0,726.0,5622.0,922.0,,,,1188.0,1436.0
2021-05-26,1759.0,731.0,5587.0,914.0,,,,1190.0,1439.0
2021-05-27,1770.0,741.0,5599.0,927.0,,,,1200.0,1449.0
2021-05-28,1809.0,756.0,5709.0,937.0,,,,1256.0,1515.0
2021-05-31,1820.0,751.0,5756.0,945.0,,,,1261.0,1523.0
2021-06-01,1822.0,757.0,5772.0,947.0,,,,1280.0,1502.0
2021-06-02,1810.0,759.0,5735.0,934.0,,,,1268.0,1511.0
2021-06-03,1792.0,751.0,5685.0,924.0,,,,1263.0,1494.0
2021-06-04,1755.0,739.0,5519.0,917.0,,,,1246.0,1487.0
2021-06-07,1760.0,735.0,5556.0,925.0,,,,1230.0,1483.0
2021-06-08,1759.0,738.0,5559.0,916.0,,,,1235.0,1490.0
2021-06-09,1771.0,744.0,5567.0,923.0,,,,1259.0,1513.0
2021-06-10,1766.0,734.0,5550.0,924.0,,,,1243.0,1509.0
2021-06-11,1794.0,745.0,5589.0,961.0,,,,1281.0,1547.0
2021-06-15,1760.0,736.0,5469.0,950.0,,,,1256.0,1501.0
2021-06-16,1722.0,731.0,5327.0,932.0,,,,1217.0,1494.0
2021-06-17,1730.0,741.0,5352.0,938.0,,,,1214.0,1503.0
2021-06-18,1697.0,719.0,5231.0,922.0,,,,1218.0,1471.0
2021-06-21,1683.0,705.0,5164.0,916.0,,,,1223.0,1458.0
2021-06-22,1709.0,710.0,5238.0,934.0,,,,1258.0,1479.0
2021-06-23,1732.0,716.0,5324.0,939.0,,,,1266.0,1519.0
2021-06-24,1731.0,712.0,5316.0,936.0,,,,1279.0,1523.0
2021-06-25,1744.0,714.0,5333.0,950.0,,,,1306.0,1534.0
2021-06-28,1740.0,714.0,5328.0,948.0,,,,1308.0,1528.0
2021-06-29,1732.0,719.0,5290.0,945.0,,,,1289.0,1540.0
2021-06-30,1744.0,721.0,5309.0,944.0,,,,1312.0,1569.0
2021-07-01,1731.0,728.0,5299.0,934.0,,,,1275.0,1548.0
2021-07-02,1735.0,723.0,5299.0,947.0,,,,1274.0,1547.0
2021-07-05,1766.0,728.0,5397.0,966.0,,,,1301.0,1576.0
2021-07-06,1778.0,731.0,5440.0,959.0,,,,1312.0,1604.0
2021-07-07,1755.0,733.0,5362.0,950.0,,,,1288.0,1582.0
2021-07-08,1749.0,728.0,5336.0,942.0,,,,1302.0,1585.0
2021-07-09,1759.0,733.0,5348.0,947.0,,,,1327.0,1603.0
2021-07-12,1758.0,727.0,5352.0,956.0,,,,1320.0,1587.0
2021-07-13,1769.0,722.0,5369.0,966.0,,,,1334.0,1619.0
2021-07-14,1767.0,721.0,5344.0,978.0,,,,1329.0,1616.0
2021-07-15,1768.0,726.0,5337.0,974.0,,,,1322.0,1632.0
2021-07-16,1785.0,737.0,5377.0,977.0,,,,1343.0,1675.0
2021-07-19,1779.0,737.0,5331.0,968.0,,,,1353.0,1706.0
2021-07-20,1753.0,739.0,5284.0,959.0,,,,1321.0,1674.0
2021-07-21,1742.0,728.0,5273.0,948.0,,,,1301.0,1654.0
2021-07-22,1763.0,728.0,5345.0,961.0,,,,1322.0,1661.0
2021-07-23,1794.0,730.0,5404.0,972.0,,,,1364.0,1731.0
2021-07-26,1809.0,735.0,5483.0,982.0,,,,1389.0,1713.0
2021-07-27,1819.0,735.0,5560.0,981.0,,,,1380.0,1719.0
2021-07-28,1818.0,731.0,5566.0,973.0,,,,1397.0,1714.0
2021-07-29,1824.0,734.0,5548.0,988.0,,,,1406.0,1728.0
2021-07-30,1831.0,739.0,5564.0,1009.0,,,,1401.0,1731.0
2021-08-02,1826.0,741.0,5538.0,1002.0,,,,1395.0,1735.0
2021-08-03,1766.0,727.0,5457.0,991.0,,,,1357.0,1700.0
2021-08-04,1794.0,724.0,5431.0,993.0,,,,1369.0,1702.0
2021-08-05,1779.0,725.0,5363.0,993.0,,,,1359.0,1699.0
2021-08-06,1801.0,741.0,5446.0,1001.0,,,,1384.0,1704.0
2021-08-09,1780.0,736.0,5378.0,1000.0,,,,1337.0,1697.0
2021-08-10,1791.0,737.0,5385.0,1002.0,,,,1336.0,1745.0
2021-08-11,1798.0,739.0,5405.0,1010.0,,,,1339.0,1760.0
2021-08-12,1816.0,748.0,5452.0,1009.0,,,,1397.0,1788.0
2021-08-13,1805.0,735.0,5415.0,1011.0,,,,1398.0,1765.0
2021-08-16,1799.0,735.0,5388.0,1012.0,,,,1393.0,1761.0
2021-08-17,1812.0,748.0,5389.0,1031.0,,,,1389.0,1800.0
2021-08-18,1785.0,743.0,5310.0,1015.0,,,,1355.0,1790.0
2021-08-19,1755.0,736.0,5156.0,1003.0,,,,1345.0,1783.0
2021-08-20,1751.0,737.0,5190.0,1011.0,,,,1333.0,1708.0
2021-08-23,1768.0,730.0,5234.0,1025.0,,,,1348.0,1716.0
2021-08-24,1785.0,734.0,5307.0,1026.0,,,,1355.0,1740.0
2021-08-25,1802.0,742.0,5349.0,1035.0,,,,1375.0,1764.0
2021-08-26,1789.0,740.0,5309.0,1026.0,,,,1353.0,1770.0
2021-08-27,1814.0,735.0,5351.0,1050.0,,,,1356.0,1798.0
2021-08-30,1851.0,744.0,5428.0,1080.0,,,,1408.0,1828.0
2021-08-31,1848.0,734.0,5426.0,1075.0,,,,1423.0,1844.0
2021-09-01,1822.0,728.0,5333.0,1059.0,,,,1417.0,1834.0
2021-09-02,1834.0,732.0,5343.0,1078.0,,,,1405.0,1859.0
2021-09-03,1825.0,736.0,5349.0,1068.0,,,,1393.0,1826.0
2021-09-06,1841.0,742.0,5382.0,1092.0,,,,1398.0,1825.0
2021-09-07,1833.0,740.0,5348.0,1092.0,,,,1391.0,1822.0
2021-09-08,1838.0,744.0,5316.0,1102.0,,,,1419.0,1820.0
2021-09-09,1870.0,754.0,5365.0,1129.0,,,,1444.0,1865.0
2021-09-10,1890.0,754.0,5422.0,1139.0,,,,1466.0,1895.0
2021-09-13,1920.0,752.0,5533.0,1187.0,,,,1425.0,1900.0
2021-09-14,1861.0,742.0,5406.0,1122.0,,,,1403.0,1892.0
2021-09-15,1864.0,742.0,5401.0,1131.0,,,,1407.0,1913.0
2021-09-16,1862.0,740.0,5387.0,1131.0,,,,1389.0,1936.0
2021-09-17,1867.0,748.0,5357.0,1136.0,,,,1374.0,1941.0
2021-09-22,1892.0,749.0,5317.0,1161.0,,,,1377.0,2062.0
2021-09-23,1897.0,745.0,5308.0,1182.0,,,,1390.0,2071.0
2021-09-24,1897.0,755.0,5354.0,1162.0,,,,1392.0,2122.0
2021-09-27,1866.0,757.0,5368.0,1143.0,,,,1356.0,2025.0
2021-09-28,1859.0,747.0,5364.0,1141.0,,,,1337.0,2033.0
2021-09-29,1855.0,746.0,5297.0,1148.0,,,,1343.0,2055.0
2021-09-30,1842.0,735.0,5265.0,1135.0,,,,1330.0,2030.0
2021-10-08,1873.0,754.0,5334.0,1144.0,,,,1370.0,2107.0
2021-10-11,1902.0,764.0,5444.0,1162.0,,,,1406.0,2138.0
2021-10-12,1896.0,780.0,5399.0,1182.0,,,,1393.0,2092.0
2021-10-13,1904.0,789.0,5432.0,1188.0,,,,1385.0,2079.0
2021-10-14,1939.0,845.0,5619.0,1188.0,,,,1395.0,2099.0
2021-10-15,1974.0,845.0,5728.0,1226.0,,,,1420.0,2119.0
2021-10-18,2043.0,911.0,5917.0,1245.0,,,,1461.0,2220.0
2021-10-19,2023.0,898.0,5877.0,1226.0,,,,1459.0,2218.0
2021-10-20,1944.0,837.0,5688.0,1149.0,,,,1446.0,2144.0
2021-10-21,1948.0,835.0,5638.0,1151.0,,,,1506.0,2161.0
2021-10-22,1910.0,812.0,5622.0,1085.0,,,,1463.0,2141.0
2021-10-25,1905.0,813.0,5600.0,1089.0,,,,1451.0,2129.0
2021-10-26,1903.0,803.0,5592.0,1068.0,,,,1479.0,2126.0
2021-10-27,1857.0,785.0,5480.0,1012.0,,,,1440.0,2114.0
2021-10-28,1846.0,784.0,5522.0,1001.0,,,,1421.0,1962.0
2021-10-29,1841.0,771.0,5478.0,999.0,,,,1404.0,2021.0
2021-11-01,1849.0,791.0,5447.0,1006.0,,,,1394.0,2081.0
2021-11-02,1841.0,776.0,5409.0,1010.0,,,,1399.0,2067.0
2021-11-03,1873.0,781.0,5539.0,1024.0,,,,1421.0,2101.0
2021-11-04,1841.0,783.0,5440.0,995.0,,,,1391.0,2091.0
2021-11-05,1811.0,751.0,5399.0,940.0,,,,1383.0,2058.0
2021-11-08,1820.0,753.0,5428.0,955.0,,,,1387.0,2050.0
2021-11-09,1831.0,762.0,5476.0,956.0,,,,1407.0,2080.0
2021-11-10,1832.0,766.0,5456.0,950.0,,,,1394.0,2070.0
2021-11-11,1865.0,771.0,5466.0,975.0,,,,1423.0,2167.0
2021-11-12,1862.0,762.0,5478.0,972.0,,,,1420.0,2179.0
2021-11-15,1852.0,758.0,5494.0,966.0,,,,1412.0,2127.0
2021-11-16,1829.0,744.0,5456.0,940.0,,,,1398.0,2135.0
2021-11-17,1823.0,752.0,5439.0,937.0,,,,1394.0,2132.0
2021-11-18,1798.0,733.0,5332.0,928.0,,,,1374.0,2153.0
2021-11-19,1853.0,749.0,5495.0,965.0,,,,1435.0,2186.0
2021-11-22,1855.0,753.0,5470.0,959.0,,,,1444.0,2216.0
2021-11-23,1867.0,779.0,5513.0,961.0,,,,1478.0,2200.0
2021-11-24,1885.0,780.0,5551.0,967.0,,,,1495.0,2240.0
2021-11-25,1911.0,781.0,5609.0,982.0,,,,1512.0,2272.0
2021-11-26,1868.0,770.0,5499.0,952.0,,,,1467.0,2238.0
2021-11-29,1864.0,753.0,5474.0,955.0,,,,1461.0,2245.0
2021-11-30,1851.0,751.0,5413.0,950.0,,,,1448.0,2248.0
2021-12-01,1859.0,756.0,5428.0,960.0,,,,1460.0,2260.0
2021-12-02,1834.0,752.0,5348.0,943.0,,,,1443.0,2248.0
2021-12-03,1850.0,764.0,5414.0,953.0,,,,1458.0,2253.0
2021-12-06,1824.0,747.0,5381.0,940.0,,,,1426.0,2170.0
2021-12-07,1838.0,751.0,5415.0,944.0,,,,1438.0,2229.0
2021-12-08,1842.0,762.0,5422.0,948.0,,,,1451.0,2224.0
2021-12-09,1840.0,771.0,5433.0,942.0,,,,1431.0,2233.0
2021-12-10,1842.0,770.0,5420.0,950.0,,,,1422.0,2241.0
2021-12-13,1845.0,781.0,5429.0,966.0,,,,1422.0,2233.0
2021-12-14,1836.0,775.0,5373.0,965.0,,,,1397.0,2245.0
2021-12-15,1810.0,757.0,5296.0,952.0,,,,1383.0,2203.0
2021-12-16,1823.0,770.0,5342.0,964.0,,,,1400.0,2201.0
2021-12-17,1852.0,794.0,5408.0,991.0,,,,1424.0,2238.0
2021-12-20,1827.0,773.0,5351.0,984.0,,,,1392.0,2199.0
2021-12-21,1846.0,773.0,5408.0,984.0,,,,1411.0,2233.0
2021-12-22,1868.0,789.0,5444.0,1007.0,,,,1428.0,2253.0
2021-12-23,1885.0,804.0,5483.0,1019.0,,,,1459.0,2266.0
2021-12-24,1888.0,798.0,5449.0,1012.0,,,,1456.0,2307.0
2021-12-27,1870.0,786.0,5432.0,986.0,,,,1448.0,2298.0
2021-12-28,1889.0,791.0,5504.0,996.0,,,,1461.0,2315.0
2021-12-29,1888.0,791.0,5484.0,998.0,,,,1463.0,2313.0
2021-12-30,1907.0,793.0,5469.0,1026.0,,,,1473.0,2348.0
2021-12-31,1914.0,792.0,5498.0,1022.0,,,,1489.0,2362.0
2022-01-04,1892.0,789.0,5447.0,1013.0,,,,1494.0,2313.0
2022-01-05,1908.0,801.0,5477.0,1022.0,,,,1490.0,2358.0
2022-01-06,1904.0,800.0,5429.0,1037.0,,,,1468.0,2359.0
2022-01-07,1922.0,804.0,5427.0,1059.0,,,,1492.0,2380.0
2022-01-10,1928.0,797.0,5450.0,1063.0,,,,1513.0,2387.0
2022-01-11,1941.0,796.0,5446.0,1077.0,,,,1550.0,2389.0
2022-01-12,1977.0,817.0,5557.0,1083.0,,,,1585.0,2460.0
2022-01-13,1965.0,814.0,5581.0,1071.0,,,,1581.0,2448.0
2022-01-14,1975.0,820.0,5583.0,1060.0,,,,1633.0,2462.0
2022-01-17,1956.0,805.0,5478.0,1059.0,,,,1593.0,2451.0
2022-01-18,1981.0,807.0,5471.0,1068.0,,,,1608.0,2535.0
2022-01-19,1978.0,813.0,5465.0,1079.0,,,,1603.0,2532.0
2022-01-20,2038.0,826.0,5556.0,1076.0,,,,1727.0,2632.0
2022-01-21,2040.0,826.0,5564.0,1073.0,,,,1734.0,2651.0
2022-01-24,2024.0,814.0,5501.0,1053.0,,,,1705.0,2658.0
2022-01-25,1959.0,810.0,5430.0,1054.0,,,,1607.0,2566.0
2022-01-26,1980.0,817.0,5520.0,1078.0,,,,1624.0,2594.0
2022-01-27,2016.0,813.0,5446.0,1079.0,,,,1611.0,2645.0
2022-01-28,1992.0,828.0,5486.0,1099.0,,,,1610.0,2668.0
2022-02-07,2007.0,821.0,5497.0,1116.0,,,,1676.0,2688.0
2022-02-08,2046.0,835.0,5508.0,1136.0,,,,1693.0,2700.0
2022-02-09,2036.0,827.0,5497.0,1145.0,,,,1671.0,2684.0
2022-02-10,2084.0,844.0,5697.0,1166.0,,,,1708.0,2749.0
2022-02-11,2050.0,837.0,5582.0,1135.0,,,,1691.0,2735.0
2022-02-14,2059.0,833.0,5573.0,1138.0,,,,1732.0,2708.0
2022-02-15,2052.0,823.0,5548.0,1137.0,,,,1695.0,2728.0
2022-02-16,2054.0,820.0,5583.0,1133.0,,,,1703.0,2724.0
2022-02-17,2052.0,815.0,5555.0,1131.0,,,,1702.0,2725.0
2022-02-18,2090.0,827.0,5611.0,1145.0,,,,1746.0,2790.0
2022-02-21,2081.0,813.0,5581.0,1133.0,,,,1767.0,2774.0
2022-02-22,2089.0,813.0,5550.0,1150.0,,,,1778.0,2792.0
2022-02-23,2080.0,821.0,5573.0,1144.0,,,,1744.0,2800.0
2022-02-24,2108.0,809.0,5541.0,1151.0,,,,1786.0,2850.0
2022-02-25,2064.0,808.0,5519.0,1129.0,,,,1735.0,2828.0
2022-02-28,2081.0,819.0,5542.0,1146.0,,,,1768.0,2846.0
2022-03-01,2082.0,824.0,5547.0,1140.0,,,,1750.0,2875.0
2022-03-02,2092.0,842.0,5584.0,1151.0,,,,1793.0,2867.0
2022-03-03,2136.0,854.0,5702.0,1193.0,,,,1872.0,2883.0
2022-03-04,2126.0,846.0,5690.0,1183.0,,,,1859.0,2883.0
2022-03-07,2242.0,869.0,5854.0,1206.0,,,,2097.0,3019.0
2022-03-08,2331.0,922.0,5777.0,1162.0,,,,2278.0,3296.0
2022-03-09,2414.0,854.0,5674.0,1098.0,,,,2665.0,3005.0
2022-03-10,2336.0,835.0,5608.0,1091.0,,,,2212.0,2842.0
2022-03-11,2170.0,834.0,5627.0,1104.0,,,,2212.0,2893.0
2022-03-14,2109.0,827.0,5597.0,1096.0,,,,2120.0,2798.0
2022-03-15,2078.0,825.0,5558.0,1083.0,,,,2138.0,2719.0
2022-03-16,2157.0,832.0,5619.0,1101.0,,,,2328.0,2808.0
2022-03-17,2104.0,827.0,5635.0,1113.0,,,,2161.0,2761.0
2022-03-18,2127.0,834.0,5681.0,1145.0,,,,2168.0,2862.0
2022-03-21,2099.0,835.0,5689.0,1158.0,,,,2032.0,2838.0
2022-03-22,2095.0,833.0,5707.0,1151.0,,,,2038.0,2838.0
2022-03-23,2113.0,841.0,5712.0,1157.0,,,,2092.0,2858.0
2022-03-24,2202.0,854.0,5743.0,1163.0,,,,2425.0,2950.0
2022-03-25,2263.0,862.0,5742.0,1158.0,,,,2631.0,2913.0
2022-03-28,2131.0,860.0,5693.0,1155.0,,,,2255.0,2886.0
2022-03-29,2131.0,868.0,5743.0,1151.0,,,,2242.0,2922.0
2022-03-30,2146.0,875.0,5793.0,1150.0,,,,2312.0,2917.0
2022-03-31,2110.0,875.0,5723.0,1139.0,,,,2188.0,2904.0
2022-04-01,2091.0,878.0,5711.0,1135.0,,,,2190.0,2871.0
2022-04-06,2108.0,894.0,5754.0,1130.0,,,,2244.0,2915.0
2022-04-07,2080.0,891.0,5731.0,1094.0,,,,2145.0,2872.0
2022-04-08,2086.0,887.0,5759.0,1094.0,,,,2192.0,2876.0
2022-04-11,2056.0,890.0,5715.0,1054.0,,,,2119.0,2840.0
2022-04-12,2063.0,909.0,5721.0,1057.0,,,,2137.0,2857.0
2022-04-13,2091.0,927.0,5770.0,1067.0,,,,2213.0,2803.0
2022-04-14,2092.0,909.0,5778.0,1075.0,,,,2246.0,2855.0
2022-04-15,2120.0,925.0,5840.0,1095.0,,,,2298.0,2848.0
2022-04-18,2127.0,928.0,5826.0,1093.0,,,,2329.0,2830.0
2022-04-19,2152.0,932.0,5853.0,1098.0,,,,2408.0,2841.0
2022-04-20,2134.0,937.0,5810.0,1092.0,,,,2339.0,2839.0
2022-04-21,2133.0,928.0,5808.0,1091.0,,,,2356.0,2833.0
2022-04-22,2140.0,930.0,5855.0,1098.0,,,,2382.0,2831.0
2022-04-25,2073.0,904.0,5731.0,1037.0,,,,2199.0,2697.0
2022-04-26,2079.0,901.0,5725.0,1038.0,,,,2221.0,2785.0
2022-04-27,2092.0,902.0,5729.0,1040.0,,,,2303.0,2820.0
2022-04-28,2078.0,912.0,5729.0,1048.0,,,,2299.0,2763.0
2022-04-29,2090.0,914.0,5751.0,1046.0,,,,2349.0,2811.0
2022-05-05,2042.0,897.0,5686.0,1028.0,,,,2259.0,2785.0
2022-05-06,2014.0,878.0,5629.0,1002.0,,,,2165.0,2758.0
2022-05-09,1990.0,856.0,5580.0,991.0,,,,2115.0,2653.0
2022-05-10,1975.0,842.0,5602.0,994.0,,,,2044.0,2576.0
2022-05-11,1976.0,839.0,5592.0,1015.0,,,,2079.0,2475.0
2022-05-12,1943.0,835.0,5534.0,1004.0,,,,2024.0,2374.0
2022-05-13,1961.0,833.0,5553.0,1016.0,,,,2054.0,2409.0
2022-05-16,1961.0,831.0,5575.0,1028.0,,,,2033.0,2389.0
2022-05-17,1962.0,841.0,5615.0,1016.0,,,,2038.0,2349.0
2022-05-18,1942.0,832.0,5575.0,1019.0,,,,1981.0,2270.0
2022-05-19,1970.0,833.0,5588.0,1029.0,,,,2041.0,2373.0
2022-05-20,1992.0,839.0,5620.0,1042.0,,,,2120.0,2384.0
2022-05-23,1981.0,833.0,5631.0,1045.0,,,,2069.0,2386.0
2022-05-24,1962.0,828.0,5612.0,1025.0,,,,2055.0,2318.0
2022-05-25,1963.0,839.0,5617.0,1026.0,,,,2038.0,2280.0
2022-05-26,1943.0,831.0,5582.0,1027.0,,,,2039.0,2158.0
2022-05-27,1980.0,847.0,5646.0,1041.0,,,,2130.0,2215.0
2022-05-30,2022.0,853.0,5650.0,1040.0,,,,2241.0,2353.0
2022-05-31,2006.0,858.0,5663.0,1042.0,,,,2231.0,2331.0
2022-06-01,1983.0,857.0,5622.0,1016.0,,,,2187.0,2325.0
2022-06-02,1996.0,863.0,5664.0,1035.0,,,,2218.0,2335.0
2022-06-06,2004.0,874.0,5708.0,1050.0,,,,2248.0,2251.0
2022-06-07,2002.0,856.0,5693.0,1038.0,,,,2260.0,2229.0
2022-06-08,2031.0,860.0,5724.0,1040.0,,,,2327.0,2298.0
2022-06-09,2011.0,867.0,5722.0,1045.0,,,,2255.0,2302.0
2022-06-10,2003.0,855.0,5706.0,1033.0,,,,2242.0,2300.0
2022-06-13,1958.0,846.0,5632.0,1003.0,,,,2127.0,2228.0
2022-06-14,1945.0,853.0,5621.0,1003.0,,,,2104.0,2124.0
2022-06-15,1924.0,845.0,5552.0,993.0,,,,2055.0,2148.0
2022-06-16,1934.0,852.0,5539.0,1002.0,,,,2064.0,2221.0
2022-06-17,1906.0,843.0,5476.0,991.0,,,,2018.0,2137.0
2022-06-20,1858.0,825.0,5335.0,974.0,,,,2000.0,2059.0
2022-06-21,1876.0,827.0,5335.0,988.0,,,,2036.0,2047.0
2022-06-22,1841.0,825.0,5259.0,970.0,,,,1960.0,1974.0
2022-06-23,1830.0,822.0,5213.0,973.0,,,,1887.0,1974.0
2022-06-24,1734.0,783.0,4996.0,946.0,,,,1754.0,1771.0
2022-06-27,1769.0,776.0,5020.0,959.0,,,,1826.0,1855.0
2022-06-28,1793.0,794.0,5110.0,975.0,,,,1862.0,1924.0
2022-06-29,1745.0,787.0,4998.0,966.0,,,,1796.0,1759.0
2022-06-30,1745.0,779.0,5028.0,955.0,,,,1849.0,1781.0
2022-07-01,1685.0,750.0,4854.0,947.0,,,,1733.0,1688.0
2022-07-04,1678.0,746.0,4777.0,951.0,,,,1747.0,1736.0
2022-07-05,1667.0,756.0,4734.0,927.0,,,,1771.0,1688.0
2022-07-06,1632.0,747.0,4543.0,919.0,,,,1772.0,1646.0
2022-07-07,1645.0,762.0,4618.0,921.0,,,,1717.0,1667.0
2022-07-08,1637.0,766.0,4641.0,921.0,,,,1682.0,1606.0
2022-07-11,1653.0,768.0,4609.0,912.0,,,,1747.0,1693.0
2022-07-12,1627.0,764.0,4513.0,882.0,,,,1734.0,1686.0
2022-07-13,1611.0,738.0,4410.0,863.0,,,,1764.0,1722.0
2022-07-14,1577.0,717.0,4370.0,865.0,,,,1639.0,1676.0
2022-07-15,1510.0,706.0,4208.0,860.0,,,,1486.0,1582.0
2022-07-18,1594.0,738.0,4430.0,893.0,,,,1589.0,1703.0
2022-07-19,1579.0,727.0,4400.0,899.0,,,,1606.0,1640.0
2022-07-20,1621.0,742.0,4472.0,898.0,,,,1728.0,1669.0
2022-07-21,1616.0,739.0,4418.0,899.0,,,,1733.0,1697.0
2022-07-22,1624.0,742.0,4476.0,902.0,,,,1750.0,1689.0
2022-07-25,1623.0,744.0,4495.0,893.0,,,,1774.0,1670.0
2022-07-26,1681.0,757.0,4644.0,904.0,,,,1892.0,1750.0
2022-07-27,1651.0,751.0,4604.0,907.0,,,,1819.0,1698.0
2022-07-28,1685.0,780.0,4730.0,941.0,,,,1835.0,1729.0
2022-07-29,1690.0,792.0,4739.0,942.0,,,,1861.0,1718.0
2022-08-01,1720.0,795.0,4797.0,914.0,,,,1958.0,1775.0
2022-08-02,1688.0,790.0,4751.0,907.0,,,,1926.0,1723.0
2022-08-03,1675.0,783.0,4713.0,916.0,,,,1891.0,1703.0
2022-08-04,1654.0,782.0,4630.0,912.0,,,,1868.0,1688.0
2022-08-05,1706.0,814.0,4756.0,928.0,,,,1931.0,1736.0
2022-08-08,1691.0,805.0,4803.0,923.0,,,,1862.0,1735.0
2022-08-09,1694.0,802.0,4828.0,927.0,,,,1847.0,1711.0
2022-08-10,1692.0,821.0,4814.0,934.0,,,,1816.0,1714.0
2022-08-11,1747.0,834.0,4944.0,936.0,,,,1933.0,1771.0
2022-08-12,1754.0,831.0,4962.0,936.0,,,,1979.0,1805.0
2022-08-15,1704.0,810.0,4848.0,904.0,,,,1908.0,1750.0
2022-08-16,1715.0,828.0,4891.0,912.0,,,,1907.0,1755.0
2022-08-17,1719.0,839.0,4879.0,932.0,,,,1892.0,1748.0
2022-08-18,1690.0,811.0,4814.0,916.0,,,,1857.0,1739.0
2022-08-19,1701.0,820.0,4875.0,920.0,,,,1880.0,1744.0
2022-08-22,1735.0,829.0,4941.0,929.0,,,,1957.0,1768.0
2022-08-23,1734.0,837.0,4960.0,936.0,,,,1942.0,1769.0
2022-08-24,1740.0,843.0,4997.0,956.0,,,,1918.0,1774.0
2022-08-25,1742.0,847.0,4975.0,950.0,,,,1971.0,1778.0
2022-08-26,1747.0,853.0,5047.0,948.0,,,,1955.0,1757.0
2022-08-29,1708.0,837.0,4956.0,941.0,,,,1852.0,1713.0
2022-08-30,1695.0,831.0,4929.0,925.0,,,,1851.0,1711.0
2022-08-31,1700.0,835.0,4917.0,927.0,,,,1914.0,1690.0
2022-09-01,1646.0,812.0,4808.0,902.0,,,,1852.0,1575.0
2022-09-02,1616.0,793.0,4717.0,913.0,,,,1813.0,1495.0
2022-09-05,1649.0,808.0,4800.0,924.0,,,,1904.0,1542.0
2022-09-06,1681.0,814.0,4880.0,932.0,,,,1964.0,1551.0
2022-09-07,1665.0,795.0,4795.0,921.0,,,,1935.0,1511.0
2022-09-08,1687.0,807.0,4838.0,935.0,,,,1968.0,1530.0
2022-09-09,1761.0,825.0,4992.0,955.0,,,,2119.0,1552.0
2022-09-13,1762.0,828.0,4999.0,945.0,,,,2154.0,1569.0
2022-09-14,1745.0,826.0,4924.0,940.0,,,,2125.0,1505.0
2022-09-15,1746.0,823.0,4911.0,952.0,,,,2121.0,1531.0
2022-09-16,1728.0,810.0,4893.0,944.0,,,,2097.0,1523.0
2022-09-19,1749.0,816.0,4921.0,943.0,,,,2123.0,1518.0
2022-09-20,1763.0,818.0,4948.0,941.0,,,,2183.0,1516.0
2022-09-21,1797.0,827.0,4966.0,942.0,,,,2261.0,1551.0
2022-09-22,1776.0,829.0,4932.0,943.0,,,,2216.0,1566.0
2022-09-23,1747.0,825.0,4901.0,940.0,,,,2172.0,1548.0
2022-09-26,1698.0,808.0,4761.0,912.0,,,,2107.0,1504.0
2022-09-27,1704.0,813.0,4819.0,920.0,,,,2113.0,1543.0
2022-09-28,1668.0,789.0,4783.0,905.0,,,,2022.0,1519.0
2022-09-29,1683.0,807.0,4851.0,911.0,,,,2059.0,1542.0
2022-09-30,1694.0,803.0,4887.0,925.0,,,,2106.0,1522.0
2022-10-10,1682.0,825.0,4882.0,940.0,,,,2047.0,1505.0
2022-10-11,1707.0,834.0,4970.0,935.0,,,,2098.0,1511.0
2022-10-12,1698.0,836.0,4998.0,929.0,,,,2048.0,1508.0
2022-10-13,1691.0,834.0,4968.0,929.0,,,,2041.0,1481.0
2022-10-14,1727.0,849.0,5064.0,954.0,,,,2109.0,1500.0
2022-10-17,1702.0,835.0,5029.0,933.0,,,,2075.0,1458.0
2022-10-18,1691.0,829.0,5014.0,928.0,,,,2052.0,1439.0
2022-10-19,1698.0,841.0,4957.0,926.0,,,,2097.0,1451.0
2022-10-20,1714.0,846.0,4961.0,934.0,,,,2150.0,1450.0
2022-10-21,1695.0,837.0,5006.0,938.0,,,,2069.0,1417.0
2022-10-24,1724.0,842.0,5092.0,941.0,,,,2142.0,1419.0
2022-10-25,1726.0,844.0,5110.0,938.0,,,,2169.0,1424.0
2022-10-26,1722.0,835.0,5085.0,945.0,,,,2168.0,1422.0
2022-10-27,1725.0,839.0,5142.0,942.0,,,,2150.0,1422.0
2022-10-28,1698.0,817.0,5091.0,920.0,,,,2123.0,1376.0
2022-10-31,1657.0,786.0,5029.0,893.0,,,,2084.0,1364.0
2022-11-01,1711.0,790.0,5133.0,912.0,,,,2204.0,1380.0
2022-11-02,1720.0,797.0,5151.0,909.0,,,,2240.0,1386.0
2022-11-03,1719.0,791.0,5134.0,921.0,,,,2236.0,1362.0
2022-11-04,1742.0,812.0,5203.0,936.0,,,,2242.0,1380.0
2022-11-07,1761.0,821.0,5329.0,931.0,,,,2219.0,1427.0
2022-11-08,1764.0,826.0,5334.0,941.0,,,,2241.0,1449.0
2022-11-09,1785.0,832.0,5415.0,950.0,,,,2249.0,1496.0
2022-11-10,1814.0,824.0,5440.0,949.0,,,,2336.0,1488.0
2022-11-11,1848.0,837.0,5536.0,958.0,,,,2405.0,1600.0
2022-11-14,1824.0,842.0,5487.0,960.0,,,,2339.0,1570.0
2022-11-15,1840.0,859.0,5494.0,967.0,,,,2409.0,1647.0
2022-11-16,1843.0,858.0,5457.0,966.0,,,,2413.0,1674.0
2022-11-17,1824.0,857.0,5442.0,972.0,,,,2364.0,1661.0
2022-11-18,1810.0,856.0,5374.0,979.0,,,,2338.0,1649.0
2022-11-21,1783.0,847.0,5317.0,967.0,,,,2295.0,1589.0
2022-11-22,1774.0,832.0,5264.0,963.0,,,,2308.0,1593.0
2022-11-23,1794.0,833.0,5317.0,966.0,,,,2321.0,1627.0
2022-11-24,1797.0,841.0,5340.0,974.0,,,,2320.0,1639.0
2022-11-25,1806.0,844.0,5355.0,968.0,,,,2339.0,1650.0
2022-11-28,1779.0,839.0,5269.0,957.0,,,,2251.0,1628.0
2022-11-29,1800.0,854.0,5347.0,975.0,,,,2307.0,1659.0
2022-11-30,1811.0,849.0,5314.0,963.0,,,,2369.0,1656.0
2022-12-01,1833.0,872.0,5414.0,980.0,,,,2396.0,1684.0
2022-12-02,1843.0,878.0,5443.0,986.0,,,,2395.0,1689.0
2022-12-05,1871.0,873.0,5446.0,990.0,,,,2459.0,1755.0
2022-12-06,1855.0,876.0,5404.0,982.0,,,,2445.0,1762.0
2022-12-07,1858.0,875.0,5375.0,980.0,,,,2451.0,1750.0
2022-12-08,1915.0,884.0,5450.0,985.0,,,,2582.0,1781.0
2022-12-09,1931.0,889.0,5517.0,987.0,,,,2611.0,1800.0
2022-12-12,1893.0,877.0,5424.0,963.0,,,,2566.0,1733.0
2022-12-13,1924.0,880.0,5426.0,961.0,,,,2639.0,1767.0
2022-12-14,1907.0,883.0,5465.0,964.0,,,,2588.0,1772.0
2022-12-15,1888.0,876.0,5420.0,964.0,,,,2563.0,1762.0
2022-12-16,1880.0,859.0,5362.0,960.0,,,,2544.0,1735.0
2022-12-19,1857.0,848.0,5346.0,950.0,,,,2516.0,1705.0
2022-12-20,1863.0,835.0,5338.0,950.0,,,,2530.0,1740.0
2022-12-21,1878.0,838.0,5399.0,954.0,,,,2566.0,1763.0
2022-12-22,1902.0,834.0,5405.0,953.0,,,,2612.0,1766.0
2022-12-23,1878.0,829.0,5368.0,954.0,,,,2594.0,1783.0
2022-12-26,1887.0,842.0,5421.0,957.0,,,,2608.0,1790.0
2022-12-27,1942.0,853.0,5452.0,981.0,,,,2717.0,1856.0
2022-12-28,1940.0,871.0,5408.0,989.0,,,,2735.0,1816.0
2022-12-29,1935.0,865.0,5408.0,984.0,,,,2743.0,1802.0
2022-12-30,1938.0,864.0,5393.0,984.0,,,,2780.0,1839.0
2023-01-03,1901.0,853.0,5354.0,962.0,,,,2742.0,1814.0
2023-01-04,1879.0,840.0,5251.0,941.0,,,,2750.0,1802.0
2023-01-05,1838.0,842.0,5227.0,943.0,,,,2639.0,1800.0
2023-01-06,1828.0,845.0,5306.0,940.0,,,,2519.0,1792.0
2023-01-09,1832.0,855.0,5379.0,946.0,,,,2536.0,1783.0
2023-01-10,1830.0,864.0,5420.0,957.0,,,,2449.0,1766.0
2023-01-11,1855.0,862.0,5534.0,961.0,,,,2504.0,1852.0
2023-01-12,1851.0,866.0,5588.0,966.0,,,,2428.0,1871.0
2023-01-13,1859.0,881.0,5586.0,974.0,,,,2488.0,1926.0
2023-01-16,1855.0,885.0,5586.0,973.0,,,,2427.0,1958.0
2023-01-17,1843.0,879.0,5567.0,979.0,,,,2438.0,1945.0
2023-01-18,1870.0,888.0,5721.0,1000.0,,,,2445.0,1970.0
2023-01-19,1888.0,887.0,5671.0,1003.0,,,,2563.0,1979.0
2023-01-20,1923.0,902.0,5731.0,1024.0,,,,2666.0,2069.0
2023-01-30,1894.0,881.0,5643.0,999.0,,,,2674.0,2051.0
2023-01-31,1900.0,885.0,5635.0,995.0,,,,2706.0,2025.0
2023-02-01,1920.0,890.0,5673.0,1007.0,,,,2741.0,2048.0
2023-02-02,1891.0,879.0,5621.0,1004.0,,,,2650.0,1993.0
2023-02-03,1905.0,878.0,5606.0,1004.0,,,,2694.0,1981.0
2023-02-06,1877.0,856.0,5561.0,1003.0,,,,2596.0,1903.0
2023-02-07,1861.0,851.0,5557.0,1004.0,,,,2547.0,1876.0
2023-02-08,1881.0,854.0,5590.0,1009.0,,,,2582.0,1929.0
2023-02-09,1864.0,848.0,5592.0,995.0,,,,2562.0,1890.0
2023-02-10,1896.0,847.0,5575.0,981.0,,,,2657.0,1882.0
2023-02-13,1855.0,837.0,5549.0,977.0,,,,2532.0,1870.0
2023-02-14,1857.0,845.0,5592.0,979.0,,,,2513.0,1864.0
2023-02-15,1848.0,833.0,5592.0,965.0,,,,2484.0,1821.0
2023-02-16,1848.0,833.0,5581.0,973.0,,,,2485.0,1844.0
2023-02-17,1851.0,832.0,5613.0,973.0,,,,2464.0,1836.0
2023-02-20,1863.0,850.0,5656.0,987.0,,,,2484.0,1831.0
2023-02-21,1893.0,858.0,5717.0,987.0,,,,2557.0,1885.0
2023-02-22,1889.0,858.0,5713.0,986.0,,,,2518.0,1894.0
2023-02-23,1881.0,857.0,5697.0,982.0,,,,2504.0,1876.0
2023-02-24,1867.0,856.0,5665.0,979.0,,,,2470.0,1837.0
2023-02-27,1830.0,833.0,5558.0,965.0,,,,2408.0,1791.0
2023-02-28,1843.0,843.0,5619.0,970.0,,,,2445.0,1811.0
2023-03-01,1863.0,857.0,5703.0,981.0,,,,2417.0,1816.0
2023-03-02,1848.0,858.0,5679.0,980.0,999.0,,,2327.0,1772.0
2023-03-03,1839.0,855.0,5681.0,986.0,997.0,,,2312.0,1726.0
2023-03-06,1830.0,848.0,5640.0,977.0,986.0,,,2329.0,1728.0
2023-03-07,1832.0,855.0,5662.0,977.0,977.0,,,2331.0,1722.0
2023-03-08,1819.0,847.0,5605.0,974.0,979.0,,,2308.0,1706.0
2023-03-09,1814.0,844.0,5637.0,972.0,973.0,,,2305.0,1670.0
2023-03-10,1791.0,834.0,5595.0,960.0,967.0,,,2221.0,1617.0
2023-03-13,1797.0,837.0,5631.0,969.0,968.0,,,2203.0,1634.0
2023-03-14,1776.0,832.0,5568.0,960.0,964.0,,,2193.0,1594.0
2023-03-15,1779.0,827.0,5579.0,965.0,954.0,,,2179.0,1612.0
2023-03-16,1729.0,802.0,5388.0,952.0,911.0,,,2141.0,1541.0
2023-03-17,1751.0,818.0,5452.0,958.0,919.0,,,2167.0,1587.0
2023-03-20,1739.0,812.0,5419.0,944.0,917.0,,,2145.0,1586.0
2023-03-21,1749.0,815.0,5493.0,952.0,905.0,,,2127.0,1598.0
2023-03-22,1768.0,813.0,5537.0,954.0,910.0,,,2173.0,1634.0
2023-03-23,1762.0,805.0,5559.0,958.0,906.0,,,2125.0,1622.0
2023-03-24,1816.0,829.0,5674.0,970.0,906.0,,,2219.0,1726.0
2023-03-27,1804.0,824.0,5633.0,971.0,907.0,,,2178.0,1742.0
2023-03-28,1815.0,825.0,5638.0,982.0,907.0,,,2237.0,1769.0
2023-03-29,1817.0,831.0,5635.0,982.0,898.0,,,2243.0,1783.0
2023-03-30,1819.0,835.0,5666.0,982.0,897.0,,,2206.0,1792.0
2023-03-31,1806.0,832.0,5629.0,983.0,885.0,,,2175.0,1805.0
2023-04-03,1812.0,822.0,5624.0,980.0,873.0,,,2247.0,1774.0
2023-04-04,1800.0,820.0,5618.0,981.0,859.0,,,2209.0,1764.0
2023-04-06,1777.0,809.0,5573.0,976.0,868.0,,,2165.0,1686.0
2023-04-07,1791.0,808.0,5616.0,982.0,868.0,,,2232.0,1703.0
2023-04-10,1777.0,808.0,5590.0,978.0,851.0,,,2221.0,1654.0
2023-04-11,1781.0,807.0,5604.0,971.0,853.0,,,2243.0,1651.0
2023-04-12,1781.0,801.0,5601.0,967.0,864.0,,,2278.0,1651.0
2023-04-13,1786.0,803.0,5628.0,971.0,859.0,,,2265.0,1664.0
2023-04-14,1817.0,818.0,5697.0,983.0,860.0,,,2319.0,1713.0
2023-04-17,1858.0,823.0,5712.0,986.0,878.0,,,2380.0,1894.0
2023-04-18,1862.0,820.0,5680.0,999.0,883.0,,,2363.0,1928.0
2023-04-19,1867.0,819.0,5655.0,1001.0,880.0,,,2445.0,1897.0
2023-04-20,1857.0,809.0,5645.0,1010.0,864.0,,,2439.0,1901.0
2023-04-21,1824.0,804.0,5589.0,993.0,863.0,,,2372.0,1841.0
2023-04-24,1798.0,788.0,5562.0,990.0,862.0,,,2330.0,1833.0
2023-04-25,1793.0,785.0,5549.0,989.0,878.0,,,2346.0,1841.0
2023-04-26,1766.0,782.0,5496.0,984.0,874.0,,,2300.0,1802.0
2023-04-27,1750.0,776.0,5425.0,969.0,865.0,,,2298.0,1785.0
2023-04-28,1773.0,782.0,5494.0,971.0,866.0,,,2335.0,1840.0
2023-05-04,1769.0,776.0,5454.0,968.0,866.0,,,2399.0,1828.0
2023-05-05,1759.0,782.0,5445.0,963.0,868.0,,,2347.0,1809.0
2023-05-08,1777.0,792.0,5498.0,970.0,869.0,,,2371.0,1816.0
2023-05-09,1764.0,789.0,5465.0,960.0,861.0,,,2303.0,1803.0
2023-05-10,1764.0,788.0,5480.0,962.0,830.0,,,2303.0,1798.0
2023-05-11,1722.0,773.0,5317.0,947.0,821.0,,,2177.0,1790.0
2023-05-12,1694.0,760.0,5262.0,938.0,807.0,,,2162.0,1707.0
2023-05-15,1708.0,768.0,5292.0,951.0,803.0,,,2186.0,1730.0
2023-05-16,1689.0,759.0,5242.0,950.0,801.0,,,2107.0,1715.0
2023-05-17,1696.0,768.0,5256.0,962.0,790.0,,,2100.0,1727.0
2023-05-18,1714.0,771.0,5356.0,966.0,777.0,,,2113.0,1741.0
2023-05-19,1714.0,764.0,5349.0,964.0,755.0,,,2133.0,1738.0
2023-05-22,1690.0,746.0,5293.0,949.0,734.0,,,2113.0,1710.0
2023-05-23,1669.0,729.0,5241.0,947.0,750.0,,,2057.0,1671.0
2023-05-24,1663.0,721.0,5211.0,925.0,746.0,,,2089.0,1706.0
2023-05-25,1659.0,705.0,5179.0,930.0,720.0,,,2124.0,1725.0
2023-05-26,1689.0,714.0,5274.0,959.0,733.0,,,2130.0,1745.0
2023-05-29,1702.0,719.0,5322.0,950.0,734.0,,,2126.0,1803.0
2023-05-30,1695.0,715.0,5288.0,947.0,734.0,,,2148.0,1809.0
2023-05-31,1682.0,712.0,5298.0,950.0,731.0,,,2047.0,1788.0
2023-06-01,1702.0,715.0,5363.0,965.0,740.0,,,2095.0,1812.0
2023-06-02,1717.0,715.0,5407.0,974.0,754.0,,,2136.0,1823.0
2023-06-05,1693.0,705.0,5367.0,953.0,742.0,,,2073.0,1793.0
2023-06-06,1703.0,718.0,5421.0,953.0,741.0,,,2076.0,1799.0
2023-06-07,1708.0,724.0,5429.0,953.0,724.0,,,2080.0,1805.0
2023-06-08,1711.0,730.0,5439.0,959.0,728.0,,,2084.0,1789.0
2023-06-09,1742.0,739.0,5477.0,971.0,726.0,,,2128.0,1861.0
2023-06-12,1723.0,731.0,5455.0,957.0,715.0,,,2136.0,1813.0
2023-06-13,1729.0,735.0,5495.0,967.0,715.0,,,2113.0,1826.0
2023-06-14,1754.0,743.0,5529.0,977.0,715.0,,,2227.0,1834.0
2023-06-15,1758.0,754.0,5538.0,972.0,705.0,,,2247.0,1856.0
2023-06-16,1781.0,761.0,5601.0,984.0,712.0,,,2281.0,1909.0
2023-06-19,1760.0,757.0,5584.0,971.0,755.0,,,2218.0,1867.0
2023-06-20,1760.0,754.0,5592.0,976.0,784.0,,,2216.0,1887.0
2023-06-21,1761.0,747.0,5614.0,971.0,763.0,,,2206.0,1895.0
2023-06-26,1729.0,741.0,5577.0,957.0,745.0,,,2150.0,1847.0
2023-06-27,1724.0,748.0,5578.0,967.0,748.0,,,2134.0,1841.0
2023-06-28,1710.0,745.0,5540.0,965.0,749.0,,,2114.0,1849.0
2023-06-29,1698.0,746.0,5503.0,960.0,763.0,,,2077.0,1851.0
2023-06-30,1709.0,748.0,5509.0,962.0,757.0,,,2108.0,1902.0
2023-07-03,1729.0,752.0,5587.0,968.0,763.0,,,2131.0,1937.0
2023-07-04,1721.0,750.0,5575.0,960.0,755.0,,,2135.0,1946.0
2023-07-05,1717.0,749.0,5547.0,952.0,747.0,,,2118.0,1944.0
2023-07-06,1742.0,750.0,5551.0,955.0,752.0,,,2218.0,2022.0
2023-07-07,1727.0,746.0,5531.0,953.0,753.0,,,2187.0,2015.0
2023-07-10,1722.0,744.0,5545.0,961.0,759.0,,,2155.0,1990.0
2023-07-11,1733.0,755.0,5580.0,970.0,762.0,,,2192.0,2004.0
2023-07-12,1727.0,748.0,5546.0,967.0,794.0,,,2206.0,2005.0
2023-07-13,1750.0,767.0,5619.0,979.0,777.0,,,2227.0,2026.0
2023-07-14,1753.0,763.0,5674.0,981.0,778.0,,,2220.0,2009.0
2023-07-17,1743.0,755.0,5633.0,977.0,755.0,,,2201.0,1994.0
2023-07-18,1738.0,757.0,5614.0,980.0,758.0,,,2198.0,2011.0
2023-07-19,1739.0,756.0,5633.0,979.0,768.0,,,2205.0,2013.0
2023-07-20,1741.0,755.0,5616.0,981.0,776.0,,,2273.0,2038.0
2023-07-21,1741.0,760.0,5637.0,984.0,761.0,,,2272.0,2028.0
2023-07-24,1723.0,753.0,5599.0,983.0,765.0,,,2250.0,2002.0
2023-07-25,1737.0,770.0,5665.0,990.0,772.0,,,2284.0,2029.0
2023-07-26,1749.0,777.0,5680.0,986.0,775.0,,,2325.0,2023.0
2023-07-27,1753.0,780.0,5670.0,991.0,772.0,,,2279.0,2041.0
2023-07-28,1753.0,777.0,5679.0,990.0,775.0,,,2307.0,2022.0
2023-07-31,1763.0,786.0,5714.0,989.0,781.0,1001.0,1001.0,2332.0,2018.0
2023-08-01,1779.0,796.0,5802.0,999.0,782.0,1017.0,1002.0,2318.0,1969.0
2023-08-02,1757.0,792.0,5705.0,997.0,789.0,1015.0,1003.0,2328.0,1972.0
2023-08-03,1750.0,782.0,5659.0,993.0,757.0,1005.0,1008.0,2268.0,1990.0
2023-08-04,1758.0,789.0,5697.0,996.0,758.0,997.0,1005.0,2298.0,1977.0
2023-08-07,1749.0,786.0,5674.0,994.0,752.0,1000.0,964.0,2245.0,1976.0
2023-08-08,1739.0,785.0,5652.0,993.0,750.0,997.0,952.0,2245.0,1961.0
2023-08-09,1744.0,784.0,5639.0,995.0,770.0,999.0,956.0,2256.0,1957.0
2023-08-10,1735.0,788.0,5639.0,993.0,772.0,1000.0,924.0,2220.0,1927.0
2023-08-11,1726.0,778.0,5604.0,990.0,773.0,1007.0,916.0,2237.0,1919.0
2023-08-14,1712.0,765.0,5580.0,979.0,773.0,1001.0,863.0,2232.0,1863.0
2023-08-15,1722.0,771.0,5631.0,992.0,772.0,1007.0,853.0,2242.0,1854.0
2023-08-16,1697.0,746.0,5548.0,987.0,762.0,1000.0,861.0,2204.0,1821.0
2023-08-17,1702.0,750.0,5583.0,987.0,765.0,1008.0,851.0,2239.0,1829.0
2023-08-18,1704.0,746.0,5582.0,986.0,766.0,1005.0,859.0,2269.0,1830.0
2023-08-21,1717.0,757.0,5630.0,990.0,772.0,1015.0,883.0,2265.0,1860.0
2023-08-22,1728.0,762.0,5644.0,1001.0,775.0,1016.0,870.0,2304.0,1896.0
2023-08-23,1732.0,765.0,5685.0,1006.0,774.0,1028.0,878.0,2307.0,1880.0
2023-08-24,1727.0,771.0,5677.0,1000.0,777.0,1023.0,875.0,2298.0,1872.0
2023-08-25,1727.0,780.0,5682.0,1000.0,781.0,1031.0,852.0,2319.0,1863.0
2023-08-28,1720.0,779.0,5680.0,1002.0,760.0,1026.0,815.0,2286.0,1842.0
2023-08-29,1719.0,784.0,5704.0,1007.0,765.0,1027.0,818.0,2257.0,1831.0
2023-08-30,1726.0,792.0,5719.0,1012.0,767.0,1033.0,817.0,2269.0,1850.0
2023-08-31,1730.0,792.0,5724.0,1023.0,767.0,1035.0,820.0,2256.0,1871.0
2023-09-01,1750.0,803.0,5748.0,1042.0,782.0,1047.0,819.0,2301.0,1876.0
2023-09-04,1737.0,802.0,5717.0,1022.0,784.0,1072.0,833.0,2336.0,1880.0
2023-09-05,1737.0,801.0,5694.0,1023.0,788.0,1088.0,836.0,2352.0,1921.0
2023-09-06,1746.0,808.0,5730.0,1031.0,799.0,1083.0,836.0,2354.0,1929.0
2023-09-07,1733.0,806.0,5705.0,1034.0,795.0,1074.0,810.0,2296.0,1913.0
2023-09-08,1712.0,801.0,5671.0,1022.0,802.0,1056.0,774.0,2275.0,1891.0
2023-09-11,1718.0,808.0,5693.0,1032.0,812.0,1066.0,784.0,2281.0,1884.0
2023-09-12,1716.0,818.0,5711.0,1037.0,813.0,1063.0,780.0,2222.0,1866.0
2023-09-13,1709.0,811.0,5701.0,1031.0,810.0,1053.0,772.0,2215.0,1847.0
2023-09-14,1714.0,826.0,5729.0,1040.0,821.0,1076.0,742.0,2225.0,1888.0
2023-09-15,1718.0,825.0,5756.0,1041.0,835.0,1054.0,746.0,2232.0,1895.0
2023-09-18,1710.0,822.0,5729.0,1034.0,844.0,1058.0,733.0,2233.0,1926.0
2023-09-19,1692.0,817.0,5672.0,1036.0,828.0,1066.0,699.0,2213.0,1891.0
2023-09-20,1689.0,814.0,5670.0,1041.0,837.0,1066.0,676.0,2238.0,1914.0
2023-09-21,1686.0,815.0,5652.0,1045.0,821.0,1055.0,702.0,2151.0,1916.0
2023-09-22,1684.0,832.0,5626.0,1055.0,822.0,1070.0,685.0,2145.0,1893.0
2023-09-25,1678.0,826.0,5597.0,1051.0,818.0,1059.0,697.0,2152.0,1926.0
2023-09-26,1668.0,832.0,5557.0,1051.0,818.0,1053.0,654.0,2125.0,1906.0
2023-09-27,1660.0,820.0,5542.0,1055.0,799.0,1056.0,651.0,2053.0,1884.0
2023-09-28,1679.0,822.0,5561.0,1057.0,786.0,1064.0,658.0,2080.0,1879.0
2023-10-09,1657.0,833.0,5575.0,1041.0,797.0,1052.0,667.0,2067.0,1852.0
2023-10-10,1627.0,808.0,5496.0,1034.0,803.0,1038.0,667.0,2076.0,1814.0
2023-10-11,1647.0,811.0,5535.0,1039.0,802.0,1059.0,684.0,2064.0,1832.0
2023-10-12,1649.0,813.0,5538.0,1039.0,803.0,1062.0,724.0,2087.0,1846.0
2023-10-13,1643.0,809.0,5503.0,1030.0,788.0,1056.0,747.0,2072.0,1850.0
2023-10-16,1630.0,814.0,5516.0,1034.0,780.0,1094.0,741.0,2087.0,1888.0
2023-10-17,1628.0,795.0,5454.0,1022.0,785.0,1077.0,742.0,2054.0,1882.0
2023-10-18,1638.0,806.0,5524.0,1028.0,792.0,1079.0,728.0,2051.0,1886.0
2023-10-19,1631.0,802.0,5503.0,1031.0,781.0,1087.0,700.0,2042.0,1881.0
2023-10-20,1620.0,797.0,5475.0,1028.0,778.0,1070.0,667.0,2001.0,1863.0
2023-10-23,1610.0,795.0,5440.0,1024.0,783.0,1061.0,662.0,2034.0,1854.0
2023-10-24,1621.0,805.0,5510.0,1028.0,779.0,1072.0,680.0,2019.0,1855.0
2023-10-25,1625.0,812.0,5546.0,1041.0,778.0,1079.0,662.0,2020.0,1865.0
2023-10-26,1617.0,810.0,5515.0,1039.0,763.0,1076.0,663.0,2001.0,1853.0
2023-10-27,1620.0,809.0,5543.0,1033.0,754.0,1072.0,676.0,1995.0,1840.0
2023-10-30,1630.0,818.0,5579.0,1049.0,766.0,1069.0,688.0,2007.0,1863.0
2023-10-31,1626.0,812.0,5578.0,1050.0,769.0,1060.0,675.0,1968.0,1825.0
2023-11-01,1628.0,803.0,5576.0,1051.0,754.0,1054.0,676.0,1927.0,1764.0
2023-11-02,1630.0,827.0,5587.0,1050.0,755.0,1055.0,669.0,1929.0,1779.0
2023-11-03,1634.0,824.0,5613.0,1049.0,758.0,1058.0,664.0,1957.0,1796.0
2023-11-06,1622.0,824.0,5602.0,1052.0,765.0,1068.0,646.0,1957.0,1791.0
2023-11-07,1612.0,827.0,5587.0,1048.0,758.0,1056.0,625.0,1939.0,1801.0
2023-11-08,1617.0,835.0,5590.0,1054.0,760.0,1053.0,638.0,1935.0,1821.0
2023-11-09,1608.0,835.0,5557.0,1047.0,758.0,1038.0,633.0,1948.0,1817.0
2023-11-10,1607.0,834.0,5565.0,1045.0,756.0,1032.0,653.0,1922.0,1809.0
2023-11-13,1608.0,830.0,5563.0,1032.0,753.0,1003.0,622.0,1914.0,1863.0
2023-11-14,1602.0,832.0,5585.0,1038.0,754.0,1012.0,625.0,1894.0,1841.0
2023-11-15,1602.0,842.0,5609.0,1039.0,757.0,1020.0,626.0,1907.0,1849.0
2023-11-16,1599.0,832.0,5618.0,1038.0,760.0,1034.0,618.0,1901.0,1852.0
2023-11-17,1594.0,824.0,5617.0,1031.0,765.0,1031.0,606.0,1867.0,1849.0
2023-11-20,1589.0,824.0,5615.0,1037.0,771.0,1041.0,602.0,1844.0,1807.0
2023-11-21,1588.0,815.0,5652.0,1035.0,766.0,1024.0,581.0,1812.0,1792.0
2023-11-22,1576.0,805.0,5638.0,1028.0,761.0,1015.0,547.0,1765.0,1783.0
2023-11-23,1570.0,806.0,5627.0,1026.0,761.0,1016.0,548.0,1745.0,1744.0
2023-11-24,1570.0,812.0,5648.0,1029.0,762.0,1024.0,544.0,1766.0,1727.0
2023-11-27,1555.0,816.0,5652.0,1036.0,748.0,1026.0,512.0,1685.0,1719.0
2023-11-28,1553.0,815.0,5619.0,1031.0,750.0,1026.0,497.0,1772.0,1693.0
2023-11-29,1524.0,805.0,5651.0,1015.0,749.0,1026.0,482.0,1799.0,1693.0
2023-11-30,1540.0,799.0,5662.0,1019.0,751.0,1026.0,466.0,1800.0,1691.0
2023-12-01,1562.0,794.0,5673.0,1016.0,748.0,1006.0,446.0,1775.0,1714.0
2023-12-04,1558.0,799.0,5692.0,1019.0,747.0,1016.0,421.0,1763.0,1726.0
2023-12-05,1534.0,786.0,5634.0,1011.0,719.0,1002.0,401.0,1717.0,1719.0
2023-12-06,1521.0,797.0,5646.0,1012.0,735.0,993.0,407.0,1791.0,1782.0
2023-12-07,1472.0,795.0,5592.0,1009.0,732.0,994.0,418.0,1790.0,1804.0
2023-12-08,1536.0,796.0,5640.0,1013.0,741.0,1001.0,447.0,1836.0,1791.0
2023-12-11,1538.0,790.0,5675.0,1006.0,735.0,991.0,423.0,1812.0,1785.0
2023-12-12,1502.0,798.0,5659.0,1009.0,736.0,994.0,407.0,1808.0,1789.0
2023-12-13,1509.0,790.0,5621.0,1003.0,733.0,990.0,452.0,1788.0,1786.0
2023-12-14,1521.0,800.0,5661.0,1017.0,734.0,1005.0,448.0,1812.0,1807.0
2023-12-15,1508.0,804.0,5696.0,1025.0,738.0,1009.0,457.0,1813.0,1796.0
2023-12-18,1515.0,807.0,5701.0,1036.0,741.0,1014.0,449.0,1830.0,1803.0
2023-12-19,1516.0,808.0,5688.0,1044.0,760.0,1011.0,445.0,1799.0,1815.0
2023-12-20,1531.0,821.0,5734.0,1047.0,763.0,1028.0,440.0,1800.0,1797.0
2023-12-21,1536.0,819.0,5740.0,1046.0,756.0,1043.0,426.0,1783.0,1809.0
2023-12-22,1537.0,821.0,5745.0,1055.0,758.0,1104.0,440.0,1794.0,1816.0
2023-12-25,1530.0,824.0,5749.0,1052.0,761.0,1101.0,449.0,1798.0,1811.0
2023-12-26,1532.0,829.0,5770.0,1059.0,760.0,1111.0,468.0,1773.0,1805.0
2023-12-27,1547.0,830.0,5764.0,1064.0,760.0,1118.0,462.0,1779.0,1849.0
2023-12-28,1550.0,833.0,5770.0,1075.0,760.0,1146.0,465.0,1778.0,1841.0
2023-12-29,1533.0,833.0,5735.0,1074.0,756.0,1160.0,470.0,1719.0,1834.0
2024-01-02,1525.0,837.0,5739.0,1088.0,767.0,1244.0,473.0,1751.0,1822.0
2024-01-03,1537.0,837.0,5710.0,1065.0,763.0,1215.0,466.0,1759.0,1822.0
2024-01-04,1545.0,824.0,5693.0,1059.0,761.0,1164.0,439.0,1722.0,1828.0
2024-01-05,1540.0,822.0,5692.0,1057.0,746.0,1187.0,431.0,1696.0,1792.0
2024-01-08,1535.0,822.0,5683.0,1055.0,743.0,1174.0,425.0,1708.0,1771.0
2024-01-09,1524.0,821.0,5676.0,1046.0,739.0,1127.0,432.0,1727.0,1762.0
2024-01-10,1521.0,815.0,5637.0,1047.0,741.0,1137.0,428.0,1715.0,1762.0
2024-01-11,1529.0,820.0,5673.0,1050.0,738.0,1181.0,457.0,1770.0,1791.0
2024-01-12,1522.0,818.0,5671.0,1049.0,724.0,1167.0,449.0,1776.0,1787.0
2024-01-15,1512.0,823.0,5630.0,1041.0,727.0,1138.0,445.0,1746.0,1810.0
2024-01-16,1502.0,820.0,5642.0,1037.0,720.0,1126.0,455.0,1741.0,1814.0
2024-01-17,1506.0,817.0,5634.0,1038.0,714.0,1125.0,444.0,1745.0,1840.0
2024-01-18,1507.0,805.0,5647.0,1036.0,705.0,1132.0,447.0,1761.0,1841.0
2024-01-19,1506.0,801.0,5638.0,1029.0,716.0,1129.0,443.0,1757.0,1852.0
2024-01-22,1508.0,801.0,5650.0,1030.0,713.0,1115.0,436.0,1728.0,1845.0
2024-01-23,1525.0,809.0,5667.0,1029.0,711.0,1125.0,446.0,1780.0,1886.0
2024-01-24,1535.0,823.0,5689.0,1049.0,712.0,1153.0,447.0,1780.0,1894.0
2024-01-25,1541.0,828.0,5731.0,1040.0,714.0,1141.0,443.0,1779.0,1906.0
2024-01-26,1547.0,829.0,5730.0,1050.0,711.0,1126.0,440.0,1788.0,1915.0
2024-01-29,1543.0,829.0,5723.0,1048.0,705.0,1128.0,445.0,1773.0,1915.0
2024-01-30,1544.0,824.0,5739.0,1045.0,708.0,1123.0,441.0,1744.0,1892.0
2024-01-31,1549.0,825.0,5770.0,1048.0,700.0,1112.0,433.0,1742.0,1887.0
2024-02-01,1560.0,809.0,5741.0,1042.0,702.0,1112.0,435.0,1731.0,1871.0
2024-02-02,1551.0,802.0,5710.0,1037.0,703.0,1090.0,438.0,1734.0,1849.0
2024-02-05,1547.0,795.0,5704.0,1037.0,704.0,1092.0,439.0,1712.0,1817.0
2024-02-06,1535.0,796.0,5663.0,1039.0,701.0,1090.0,424.0,1714.0,1801.0
2024-02-07,1542.0,796.0,5670.0,1041.0,712.0,1095.0,427.0,1702.0,1815.0
2024-02-08,1568.0,794.0,5656.0,1042.0,715.0,1092.0,421.0,1731.0,1878.0
2024-02-19,1542.0,785.0,5689.0,1035.0,707.0,1086.0,414.0,1727.0,1878.0
2024-02-20,1492.0,782.0,5688.0,1030.0,705.0,1093.0,405.0,1736.0,1874.0
2024-02-21,1556.0,791.0,5741.0,1044.0,710.0,1117.0,423.0,1759.0,1888.0
2024-02-22,1564.0,789.0,5758.0,1036.0,708.0,1117.0,427.0,1801.0,1882.0
2024-02-23,1568.0,790.0,5767.0,1039.0,711.0,1145.0,445.0,1860.0,1872.0
2024-02-26,1551.0,795.0,5740.0,1036.0,703.0,1135.0,447.0,1820.0,1861.0
2024-02-27,1541.0,801.0,5736.0,1038.0,708.0,1134.0,466.0,1835.0,1869.0
2024-02-28,1535.0,795.0,5716.0,1036.0,703.0,1117.0,472.0,1836.0,1864.0
2024-02-29,1528.0,799.0,5735.0,1043.0,697.0,1116.0,521.0,1883.0,1888.0
2024-03-01,1547.0,798.0,5729.0,1045.0,705.0,1114.0,522.0,1874.0,1881.0
2024-03-04,1552.0,800.0,5750.0,1049.0,709.0,1109.0,514.0,1868.0,1889.0
2024-03-05,1557.0,801.0,5741.0,1051.0,706.0,1113.0,487.0,1865.0,1890.0
2024-03-06,1551.0,806.0,5744.0,1051.0,701.0,1110.0,498.0,1849.0,1897.0
2024-03-07,1566.0,817.0,5781.0,1055.0,699.0,1114.0,494.0,1861.0,1910.0
2024-03-08,1582.0,827.0,5819.0,1058.0,700.0,1141.0,495.0,1893.0,1921.0
2024-03-11,1561.0,824.0,5777.0,1057.0,696.0,1121.0,508.0,1882.0,1896.0
2024-03-12,1571.0,829.0,5811.0,1057.0,700.0,1120.0,524.0,1918.0,1895.0
2024-03-13,1591.0,830.0,5854.0,1061.0,699.0,1123.0,519.0,1942.0,1898.0
2024-03-14,1629.0,831.0,5950.0,1056.0,698.0,1127.0,490.0,1918.0,1936.0
2024-03-15,1659.0,834.0,6080.0,1065.0,674.0,1139.0,503.0,1940.0,1949.0
2024-03-18,1648.0,828.0,6055.0,1064.0,670.0,1164.0,511.0,1913.0,1972.0
2024-03-19,1647.0,820.0,6062.0,1060.0,668.0,1150.0,502.0,1879.0,1969.0
2024-03-20,1636.0,822.0,6037.0,1064.0,669.0,1151.0,512.0,1867.0,1939.0
2024-03-21,1653.0,835.0,6089.0,1075.0,668.0,1173.0,513.0,1886.0,1976.0
2024-03-22,1630.0,824.0,6010.0,1071.0,659.0,1157.0,500.0,1842.0,1955.0
2024-03-25,1628.0,820.0,6011.0,1074.0,653.0,1142.0,469.0,1823.0,1948.0
2024-03-26,1618.0,816.0,5986.0,1076.0,648.0,1139.0,474.0,1802.0,1913.0
2024-03-27,1614.0,807.0,5993.0,1072.0,638.0,1146.0,474.0,1771.0,1929.0
2024-03-28,1623.0,810.0,6027.0,1075.0,636.0,1141.0,474.0,1785.0,1924.0
2024-03-29,1633.0,813.0,6030.0,1088.0,630.0,1143.0,468.0,1790.0,1965.0
2024-04-01,1658.0,816.0,6077.0,1091.0,629.0,1163.0,492.0,1799.0,1951.0
2024-04-02,1666.0,819.0,6089.0,1093.0,635.0,1154.0,485.0,1812.0,1963.0
2024-04-03,1686.0,825.0,6152.0,1100.0,633.0,1152.0,488.0,1825.0,1963.0
2024-04-08,1725.0,843.0,6278.0,1115.0,636.0,1161.0,496.0,1868.0,2021.0
2024-04-09,1738.0,848.0,6318.0,1116.0,644.0,1159.0,499.0,1874.0,2048.0
2024-04-10,1772.0,878.0,6373.0,1132.0,640.0,1172.0,507.0,1909.0,2173.0
2024-04-11,1767.0,886.0,6329.0,1129.0,636.0,1161.0,491.0,1909.0,2139.0
2024-04-12,1789.0,893.0,6383.0,1144.0,640.0,1168.0,490.0,1890.0,2192.0
2024-04-15,1796.0,884.0,6388.0,1142.0,639.0,1207.0,488.0,1903.0,2231.0
2024-04-16,1777.0,863.0,6368.0,1113.0,627.0,1193.0,472.0,1839.0,2186.0
2024-04-17,1776.0,875.0,6383.0,1124.0,614.0,1217.0,478.0,1860.0,2197.0
2024-04-18,1836.0,885.0,6538.0,1129.0,611.0,1228.0,474.0,1892.0,2270.0
2024-04-19,1856.0,881.0,6587.0,1123.0,604.0,1217.0,470.0,1930.0,2341.0
2024-04-22,1861.0,873.0,6602.0,1132.0,613.0,1198.0,474.0,1958.0,2371.0
2024-04-23,1804.0,863.0,6475.0,1115.0,614.0,1201.0,477.0,1922.0,2182.0
2024-04-24,1831.0,874.0,6588.0,1118.0,618.0,1216.0,482.0,1950.0,2207.0
2024-04-25,1852.0,882.0,6652.0,1131.0,616.0,1274.0,479.0,1961.0,2233.0
2024-04-26,1877.0,888.0,6730.0,1138.0,617.0,1311.0,480.0,1989.0,2260.0
2024-04-29,1849.0,892.0,6717.0,1133.0,627.0,1296.0,506.0,1948.0,2225.0
2024-04-30,1890.0,911.0,6820.0,1135.0,627.0,1299.0,487.0,1952.0,2233.0
2024-05-06,1861.0,903.0,6747.0,1145.0,629.0,1336.0,491.0,1978.0,2250.0
2024-05-07,1835.0,902.0,6681.0,1139.0,627.0,1307.0,498.0,1966.0,2237.0
2024-05-08,1820.0,896.0,6600.0,1127.0,622.0,1288.0,489.0,1925.0,2210.0
2024-05-09,1826.0,898.0,6610.0,1137.0,632.0,1317.0,488.0,1934.0,2228.0
2024-05-10,1864.0,919.0,6723.0,1144.0,626.0,1320.0,473.0,1972.0,2301.0
2024-05-13,1860.0,913.0,6741.0,1136.0,628.0,1302.0,468.0,1957.0,2260.0
2024-05-14,1885.0,919.0,6835.0,1135.0,615.0,1275.0,459.0,1972.0,2346.0
2024-05-15,1898.0,928.0,6797.0,1132.0,613.0,1269.0,450.0,1970.0,2383.0
2024-05-16,1905.0,916.0,6840.0,1147.0,611.0,1292.0,454.0,2001.0,2351.0
2024-05-17,1940.0,923.0,6977.0,1158.0,619.0,1303.0,465.0,2093.0,2380.0
2024-05-20,2000.0,938.0,7260.0,1155.0,628.0,1344.0,463.0,2147.0,2382.0
2024-05-21,1995.0,959.0,7212.0,1163.0,639.0,1412.0,466.0,2154.0,2402.0
2024-05-22,1981.0,964.0,7140.0,1179.0,643.0,1431.0,465.0,2147.0,2385.0
2024-05-23,1911.0,941.0,6880.0,1146.0,637.0,1371.0,464.0,2066.0,2323.0
2024-05-24,1926.0,956.0,6960.0,1150.0,666.0,1411.0,470.0,2087.0,2347.0
2024-05-27,1917.0,955.0,6917.0,1153.0,663.0,1401.0,464.0,2088.0,2336.0
2024-05-28,1949.0,959.0,7006.0,1168.0,650.0,1390.0,459.0,2116.0,2374.0
2024-05-29,1970.0,980.0,7078.0,1187.0,644.0,1394.0,460.0,2126.0,2415.0
2024-05-30,1919.0,955.0,6861.0,1189.0,673.0,1364.0,463.0,2058.0,2356.0
2024-05-31,1908.0,962.0,6832.0,1187.0,660.0,1360.0,458.0,2061.0,2354.0
2024-06-03,1880.0,935.0,6750.0,1167.0,636.0,1306.0,449.0,2004.0,2285.0
2024-06-04,1893.0,943.0,6788.0,1180.0,644.0,1308.0,445.0,1992.0,2293.0
2024-06-05,1849.0,929.0,6626.0,1165.0,638.0,1307.0,437.0,1930.0,2212.0
2024-06-06,1872.0,931.0,6728.0,1173.0,641.0,1329.0,442.0,1941.0,2250.0
2024-06-07,1879.0,934.0,6750.0,1171.0,633.0,1322.0,437.0,1938.0,2291.0
2024-06-11,1835.0,915.0,6614.0,1152.0,623.0,1306.0,426.0,1896.0,2261.0
2024-06-12,1850.0,909.0,6611.0,1146.0,627.0,1336.0,434.0,1900.0,2338.0
2024-06-13,1857.0,915.0,6629.0,1137.0,625.0,1338.0,429.0,1882.0,2345.0
2024-06-14,1839.0,909.0,6592.0,1133.0,626.0,1328.0,426.0,1862.0,2323.0
2024-06-17,1801.0,896.0,6466.0,1115.0,625.0,1276.0,420.0,1836.0,2264.0
2024-06-18,1793.0,904.0,6486.0,1120.0,614.0,1280.0,410.0,1817.0,2275.0
2024-06-19,1814.0,920.0,6543.0,1125.0,618.0,1296.0,412.0,1827.0,2304.0
2024-06-20,1825.0,921.0,6575.0,1132.0,620.0,1319.0,413.0,1839.0,2341.0
2024-06-21,1815.0,918.0,6551.0,1125.0,615.0,1317.0,406.0,1812.0,2319.0
2024-06-24,1801.0,913.0,6498.0,1119.0,586.0,1304.0,391.0,1817.0,2336.0
2024-06-25,1797.0,914.0,6498.0,1117.0,582.0,1314.0,398.0,1834.0,2331.0
2024-06-26,1785.0,932.0,6483.0,1117.0,590.0,1299.0,408.0,1842.0,2280.0
2024-06-27,1766.0,931.0,6406.0,1109.0,587.0,1288.0,398.0,1810.0,2279.0
2024-06-28,1794.0,952.0,6473.0,1117.0,587.0,1308.0,398.0,1828.0,2341.0
2024-07-01,1789.0,941.0,6448.0,1117.0,589.0,1318.0,403.0,1848.0,2338.0
2024-07-02,1812.0,944.0,6501.0,1121.0,590.0,1339.0,396.0,1862.0,2339.0
2024-07-03,1824.0,948.0,6578.0,1126.0,591.0,1336.0,398.0,1860.0,2343.0
2024-07-04,1826.0,953.0,6598.0,1122.0,585.0,1325.0,395.0,1856.0,2341.0
2024-07-05,1835.0,953.0,6641.0,1116.0,579.0,1323.0,395.0,1863.0,2350.0
2024-07-08,1830.0,942.0,6601.0,1118.0,578.0,1326.0,394.0,1870.0,2346.0
2024-07-09,1847.0,943.0,6650.0,1124.0,582.0,1326.0,396.0,1854.0,2388.0
2024-07-10,1818.0,932.0,6573.0,1104.0,571.0,1280.0,386.0,1804.0,2367.0
2024-07-11,1835.0,946.0,6601.0,1109.0,561.0,1252.0,389.0,1806.0,2414.0
2024-07-12,1804.0,933.0,6515.0,1099.0,554.0,1252.0,384.0,1821.0,2338.0
2024-07-15,1808.0,936.0,6563.0,1095.0,540.0,1270.0,370.0,1812.0,2339.0
2024-07-16,1806.0,937.0,6544.0,1089.0,545.0,1281.0,374.0,1808.0,2336.0
2024-07-17,1790.0,915.0,6476.0,1082.0,551.0,1276.0,366.0,1778.0,2335.0
2024-07-18,1785.0,915.0,6470.0,1084.0,544.0,1291.0,370.0,1764.0,2278.0
2024-07-19,1748.0,904.0,6319.0,1075.0,544.0,1270.0,378.0,1756.0,2207.0
2024-07-22,1728.0,903.0,6238.0,1066.0,529.0,1259.0,374.0,1735.0,2175.0
2024-07-23,1709.0,890.0,6152.0,1058.0,531.0,1250.0,370.0,1727.0,2112.0
2024-07-24,1719.0,888.0,6176.0,1059.0,526.0,1272.0,366.0,1734.0,2155.0
2024-07-25,1674.0,870.0,6013.0,1051.0,527.0,1267.0,366.0,1680.0,2055.0
2024-07-26,1692.0,871.0,6106.0,1055.0,535.0,1257.0,361.0,1709.0,2108.0
2024-07-29,1684.0,879.0,6097.0,1052.0,534.0,1233.0,351.0,1717.0,2106.0
2024-07-30,1670.0,867.0,6046.0,1039.0,521.0,1217.0,342.0,1709.0,2079.0
2024-07-31,1700.0,880.0,6132.0,1049.0,537.0,1248.0,348.0,1779.0,2123.0
2024-08-01,1709.0,878.0,6158.0,1055.0,534.0,1252.0,340.0,1784.0,2128.0
2024-08-02,1697.0,883.0,6068.0,1054.0,535.0,1281.0,341.0,1767.0,2129.0
2024-08-05,1671.0,853.0,5945.0,1036.0,535.0,1263.0,343.0,1735.0,2084.0
2024-08-06,1645.0,848.0,5835.0,1030.0,526.0,1246.0,342.0,1737.0,2049.0
2024-08-07,1657.0,842.0,5880.0,1038.0,523.0,1257.0,338.0,1745.0,2089.0
2024-08-08,1643.0,841.0,5820.0,1038.0,509.0,1265.0,330.0,1717.0,2087.0
2024-08-09,1687.0,870.0,5903.0,1049.0,501.0,1311.0,326.0,1766.0,2189.0
2024-08-12,1689.0,891.0,5942.0,1052.0,490.0,1337.0,320.0,1732.0,2198.0
2024-08-13,1687.0,887.0,5953.0,1042.0,493.0,1324.0,324.0,1732.0,2169.0
2024-08-14,1678.0,870.0,5932.0,1042.0,475.0,1331.0,309.0,1719.0,2181.0
2024-08-15,1705.0,882.0,5995.0,1053.0,481.0,1349.0,305.0,1748.0,2213.0
2024-08-16,1724.0,898.0,6082.0,1063.0,488.0,1376.0,307.0,1727.0,2233.0
2024-08-19,1721.0,900.0,6079.0,1073.0,482.0,1421.0,309.0,1759.0,2245.0
2024-08-20,1710.0,899.0,6068.0,1077.0,492.0,1388.0,316.0,1747.0,2250.0
2024-08-21,1716.0,909.0,6079.0,1085.0,501.0,1372.0,328.0,1776.0,2259.0
2024-08-22,1722.0,914.0,6078.0,1087.0,495.0,1373.0,318.0,1738.0,2276.0
2024-08-23,1724.0,927.0,6042.0,1083.0,488.0,1358.0,309.0,1764.0,2281.0
2024-08-26,1749.0,935.0,6180.0,1090.0,483.0,1354.0,313.0,1770.0,2265.0
2024-08-27,1736.0,927.0,6167.0,1089.0,501.0,1374.0,320.0,1779.0,2273.0
2024-08-28,1726.0,927.0,6132.0,1089.0,499.0,1362.0,319.0,1767.0,2264.0
2024-08-29,1705.0,931.0,6100.0,1078.0,515.0,1366.0,323.0,1775.0,2248.0
2024-08-30,1710.0,929.0,6102.0,1086.0,515.0,1381.0,332.0,1772.0,2247.0
2024-09-02,1687.0,913.0,6051.0,1070.0,489.0,1344.0,316.0,1721.0,2182.0
2024-09-03,1683.0,909.0,5991.0,1067.0,495.0,1331.0,315.0,1736.0,2166.0
2024-09-04,1656.0,905.0,5894.0,1059.0,496.0,1325.0,310.0,1691.0,2108.0
2024-09-05,1640.0,875.0,5880.0,1050.0,484.0,1326.0,298.0,1664.0,2095.0
2024-09-06,1674.0,881.0,6000.0,1055.0,490.0,1346.0,300.0,1670.0,2159.0
2024-09-09,1653.0,880.0,5948.0,1051.0,496.0,1336.0,308.0,1654.0,2137.0
2024-09-10,1658.0,878.0,6007.0,1059.0,488.0,1335.0,304.0,1638.0,2143.0
2024-09-11,1648.0,884.0,6014.0,1062.0,501.0,1353.0,330.0,1658.0,2170.0
2024-09-12,1664.0,911.0,6065.0,1076.0,495.0,1365.0,324.0,1675.0,2172.0
2024-09-13,1665.0,921.0,6074.0,1079.0,490.0,1394.0,326.0,1672.0,2191.0
2024-09-18,1674.0,925.0,6120.0,1089.0,491.0,1397.0,317.0,1675.0,2165.0
2024-09-19,1704.0,937.0,6215.0,1100.0,492.0,1420.0,319.0,1696.0,2209.0
2024-09-20,1699.0,935.0,6231.0,1096.0,476.0,1417.0,317.0,1689.0,2229.0
2024-09-23,1685.0,914.0,6186.0,1078.0,480.0,1395.0,315.0,1681.0,2193.0
2024-09-24,1709.0,935.0,6306.0,1092.0,487.0,1429.0,323.0,1706.0,2225.0
2024-09-25,1714.0,953.0,6336.0,1096.0,487.0,1434.0,319.0,1716.0,2183.0
2024-09-26,1723.0,962.0,6388.0,1101.0,490.0,1445.0,324.0,1731.0,2188.0
2024-09-27,1745.0,973.0,6473.0,1117.0,495.0,1465.0,324.0,1738.0,2191.0
2024-09-30,1739.0,978.0,6478.0,1118.0,503.0,1476.0,336.0,1786.0,2254.0
2024-10-08,1701.0,984.0,6353.0,1127.0,491.0,1504.0,323.0,1787.0,2260.0
2024-10-09,1694.0,975.0,6374.0,1120.0,488.0,1498.0,322.0,1815.0,2247.0
2024-10-10,1716.0,965.0,6317.0,1124.0,486.0,1528.0,311.0,1777.0,2248.0
2024-10-11,1740.0,987.0,6345.0,1137.0,492.0,1590.0,313.0,1806.0,2275.0
2024-10-14,1743.0,988.0,6375.0,1140.0,490.0,1664.0,309.0,1808.0,2259.0
2024-10-15,1716.0,973.0,6291.0,1126.0,488.0,1623.0,311.0,1782.0,2245.0
2024-10-16,1735.0,986.0,6307.0,1132.0,490.0,1693.0,301.0,1781.0,2268.0
2024-10-17,1709.0,958.0,6252.0,1120.0,486.0,1682.0,290.0,1727.0,2201.0
2024-10-18,1724.0,978.0,6332.0,1126.0,477.0,1677.0,298.0,1731.0,2195.0
2024-10-21,1754.0,987.0,6392.0,1143.0,478.0,1723.0,292.0,1758.0,2183.0
2024-10-22,1734.0,978.0,6349.0,1137.0,487.0,1722.0,297.0,1709.0,2146.0
2024-10-23,1722.0,979.0,6309.0,1139.0,498.0,1720.0,303.0,1692.0,2162.0
2024-10-24,1756.0,1013.0,6332.0,1152.0,493.0,1777.0,299.0,1697.0,2178.0
2024-10-25,1725.0,980.0,6282.0,1133.0,504.0,1758.0,301.0,1690.0,2160.0
2024-10-28,1748.0,977.0,6321.0,1140.0,504.0,1812.0,308.0,1694.0,2188.0
2024-10-29,1740.0,979.0,6291.0,1134.0,490.0,1795.0,301.0,1660.0,2154.0
2024-10-30,1749.0,980.0,6305.0,1138.0,495.0,1759.0,297.0,1671.0,2167.0
2024-10-31,1746.0,989.0,6294.0,1130.0,503.0,1749.0,301.0,1659.0,2168.0
2024-11-01,1767.0,973.0,6293.0,1135.0,494.0,1790.0,308.0,1662.0,2172.0
2024-11-04,1782.0,984.0,6368.0,1138.0,494.0,1789.0,311.0,1672.0,2232.0
2024-11-05,1799.0,981.0,6385.0,1146.0,487.0,1840.0,311.0,1668.0,2225.0
2024-11-06,1798.0,977.0,6315.0,1144.0,481.0,1870.0,305.0,1668.0,2212.0
2024-11-07,1798.0,985.0,6287.0,1168.0,482.0,1871.0,309.0,1704.0,2213.0
2024-11-08,1824.0,979.0,6342.0,1182.0,478.0,1934.0,307.0,1735.0,2213.0
2024-11-11,1786.0,977.0,6297.0,1167.0,476.0,1936.0,326.0,1715.0,2218.0
2024-11-12,1741.0,971.0,6190.0,1142.0,477.0,1888.0,327.0,1697.0,2168.0
2024-11-13,1702.0,958.0,6100.0,1134.0,479.0,1886.0,348.0,1685.0,2092.0
2024-11-14,1695.0,952.0,6014.0,1123.0,476.0,1858.0,326.0,1672.0,2055.0
2024-11-15,1721.0,961.0,6071.0,1135.0,476.0,1895.0,315.0,1649.0,2065.0
2024-11-18,1708.0,963.0,6061.0,1119.0,475.0,1885.0,326.0,1668.0,2049.0
2024-11-19,1708.0,969.0,6109.0,1123.0,472.0,1905.0,333.0,1677.0,2069.0
2024-11-20,1735.0,982.0,6132.0,1135.0,476.0,1953.0,333.0,1697.0,2066.0
2024-11-21,1720.0,980.0,6118.0,1131.0,477.0,1930.0,330.0,1711.0,2064.0
2024-11-22,1707.0,978.0,6062.0,1114.0,471.0,1914.0,320.0,1675.0,2041.0
2024-11-25,1716.0,983.0,6094.0,1125.0,468.0,1922.0,323.0,1700.0,2052.0
2024-11-26,1703.0,994.0,6060.0,1122.0,455.0,1910.0,316.0,1703.0,2048.0
2024-11-27,1714.0,1020.0,6092.0,1123.0,468.0,1893.0,316.0,1690.0,1996.0
2024-11-28,1693.0,1001.0,6062.0,1104.0,457.0,1856.0,316.0,1696.0,1976.0
2024-11-29,1694.0,995.0,6067.0,1113.0,476.0,1879.0,316.0,1683.0,2028.0
2024-12-02,1707.0,1005.0,6058.0,1113.0,472.0,1916.0,315.0,1679.0,2045.0
2024-12-03,1727.0,999.0,6109.0,1112.0,471.0,1946.0,314.0,1683.0,2063.0
2024-12-04,1747.0,1006.0,6145.0,1123.0,458.0,1977.0,307.0,1708.0,2064.0
2024-12-05,1738.0,1009.0,6128.0,1119.0,456.0,1950.0,309.0,1671.0,2062.0
2024-12-06,1718.0,1008.0,6144.0,1109.0,455.0,1870.0,310.0,1688.0,2066.0
2024-12-09,1715.0,1009.0,6141.0,1109.0,451.0,1846.0,310.0,1697.0,2069.0
2024-12-10,1716.0,1017.0,6175.0,1107.0,450.0,1839.0,310.0,1694.0,2102.0
2024-12-11,1714.0,1019.0,6208.0,1111.0,452.0,1783.0,311.0,1677.0,2105.0
2024-12-12,1730.0,1021.0,6205.0,1120.0,451.0,1814.0,312.0,1730.0,2129.0
2024-12-13,1717.0,1015.0,6149.0,1108.0,444.0,1813.0,306.0,1723.0,2108.0
2024-12-16,1710.0,1013.0,6115.0,1101.0,446.0,1833.0,305.0,1689.0,2080.0
2024-12-17,1693.0,1007.0,6110.0,1085.0,443.0,1782.0,301.0,1660.0,2087.0
2024-12-18,1692.0,990.0,6074.0,1085.0,439.0,1832.0,299.0,1650.0,2078.0
2024-12-19,1688.0,989.0,6065.0,1081.0,433.0,1821.0,297.0,1639.0,2039.0
2024-12-20,1689.0,990.0,6067.0,1088.0,432.0,1842.0,302.0,1633.0,2055.0
2024-12-23,1694.0,993.0,6092.0,1085.0,435.0,1830.0,299.0,1668.0,2078.0
2024-12-24,1687.0,1001.0,6084.0,1083.0,439.0,1803.0,303.0,1667.0,2063.0
2024-12-25,1693.0,1008.0,6091.0,1084.0,443.0,1802.0,300.0,1670.0,2075.0
2024-12-26,1690.0,1007.0,6082.0,1076.0,428.0,1813.0,300.0,1685.0,2071.0
2024-12-27,1687.0,998.0,6086.0,1078.0,425.0,1818.0,296.0,1663.0,2056.0
2024-12-30,1692.0,1004.0,6101.0,1079.0,428.0,1856.0,303.0,1663.0,2089.0
2024-12-31,1678.0,1010.0,6060.0,1077.0,420.0,1840.0,298.0,1662.0,2072.0
2025-01-02,1682.0,1002.0,6020.0,1086.0,423.0,1803.0,301.0,1650.0,2070.0
2025-01-03,1660.0,979.0,5990.0,1081.0,413.0,1689.0,296.0,1634.0,2067.0
2025-01-06,1660.0,972.0,6046.0,1066.0,413.0,1641.0,301.0,1628.0,2087.0
2025-01-07,1663.0,968.0,6117.0,1072.0,405.0,1661.0,305.0,1635.0,2102.0
2025-01-08,1670.0,961.0,6117.0,1074.0,403.0,1613.0,299.0,1668.0,2128.0
2025-01-09,1679.0,957.0,6154.0,1084.0,402.0,1614.0,303.0,1671.0,2134.0
2025-01-10,1682.0,959.0,6183.0,1096.0,403.0,1597.0,302.0,1670.0,2135.0
2025-01-13,1691.0,964.0,6205.0,1101.0,406.0,1586.0,305.0,1701.0,2132.0
2025-01-14,1674.0,954.0,6198.0,1104.0,408.0,1538.0,306.0,1700.0,2109.0
2025-01-15,1647.0,935.0,6175.0,1098.0,408.0,1549.0,311.0,1700.0,2068.0
2025-01-16,1671.0,944.0,6258.0,1104.0,406.0,1527.0,309.0,1714.0,2098.0
2025-01-17,1680.0,963.0,6281.0,1113.0,413.0,1593.0,313.0,1708.0,2115.0
2025-01-20,1652.0,963.0,6187.0,1110.0,410.0,1569.0,313.0,1687.0,2103.0
2025-01-21,1664.0,962.0,6206.0,1110.0,402.0,1554.0,304.0,1707.0,2136.0
2025-01-22,1660.0,959.0,6197.0,1105.0,409.0,1557.0,307.0,1685.0,2107.0
2025-01-23,1638.0,942.0,6151.0,1095.0,409.0,1520.0,308.0,1650.0,2097.0
2025-01-24,1657.0,949.0,6226.0,1109.0,403.0,1523.0,308.0,1644.0,2095.0
2025-01-27,1652.0,940.0,6198.0,1101.0,414.0,1535.0,308.0,1650.0,2104.0
2025-02-05,1683.0,925.0,6178.0,1099.0,406.0,1470.0,302.0,1638.0,2156.0
2025-02-06,1702.0,941.0,6275.0,1106.0,412.0,1488.0,300.0,1693.0,2182.0
2025-02-07,1731.0,954.0,6340.0,1120.0,413.0,1482.0,301.0,1690.0,2192.0
2025-02-10,1735.0,947.0,6350.0,1117.0,410.0,1475.0,304.0,1697.0,2190.0
2025-02-11,1728.0,944.0,6328.0,1124.0,408.0,1471.0,299.0,1659.0,2179.0
2025-02-12,1723.0,947.0,6318.0,1118.0,408.0,1442.0,300.0,1656.0,2174.0
2025-02-13,1736.0,946.0,6364.0,1117.0,406.0,1430.0,299.0,1652.0,2183.0
2025-02-14,1758.0,960.0,6412.0,1126.0,405.0,1419.0,297.0,1658.0,2225.0
2025-02-17,1738.0,950.0,6322.0,1121.0,401.0,1452.0,299.0,1646.0,2207.0
2025-02-18,1732.0,951.0,6305.0,1121.0,399.0,1464.0,298.0,1644.0,2208.0
2025-02-19,1728.0,953.0,6326.0,1123.0,403.0,1455.0,299.0,1645.0,2214.0
2025-02-20,1746.0,962.0,6373.0,1130.0,400.0,1475.0,299.0,1675.0,2234.0
2025-02-21,1730.0,957.0,6318.0,1130.0,397.0,1459.0,297.0,1647.0,2231.0
2025-02-24,1731.0,955.0,6330.0,1123.0,396.0,1448.0,297.0,1667.0,2233.0
2025-02-25,1723.0,940.0,6300.0,1114.0,393.0,1443.0,297.0,1646.0,2232.0
2025-02-26,1712.0,938.0,6314.0,1119.0,390.0,1423.0,294.0,1643.0,2216.0
2025-02-27,1709.0,938.0,6310.0,1119.0,390.0,1440.0,295.0,1662.0,2147.0
2025-02-28,1701.0,933.0,6291.0,1120.0,391.0,1431.0,291.0,1677.0,2164.0
2025-03-03,1709.0,945.0,6308.0,1122.0,393.0,1423.0,292.0,1683.0,2163.0
2025-03-04,1719.0,943.0,6298.0,1119.0,391.0,1419.0,291.0,1684.0,2170.0
2025-03-05,1728.0,941.0,6343.0,1119.0,385.0,1397.0,292.0,1706.0,2172.0
2025-03-06,1750.0,955.0,6405.0,1132.0,384.0,1397.0,297.0,1700.0,2180.0
2025-03-07,1755.0,955.0,6412.0,1131.0,382.0,1391.0,295.0,1715.0,2221.0
2025-03-10,1753.0,949.0,6410.0,1134.0,378.0,1360.0,293.0,1757.0,2223.0
2025-03-11,1746.0,949.0,6387.0,1131.0,377.0,1358.0,294.0,1761.0,2227.0
2025-03-12,1780.0,950.0,6502.0,1138.0,373.0,1351.0,293.0,1770.0,2228.0
2025-03-13,1785.0,959.0,6500.0,1136.0,376.0,1337.0,292.0,1765.0,2236.0
2025-03-14,1837.0,964.0,6586.0,1138.0,376.0,1343.0,292.0,1770.0,2431.0
2025-03-17,1824.0,966.0,6588.0,1134.0,376.0,1325.0,295.0,1773.0,2397.0
2025-03-18,1806.0,949.0,6567.0,1123.0,375.0,1311.0,292.0,1714.0,2368.0
2025-03-19,1816.0,954.0,6618.0,1122.0,370.0,1283.0,291.0,1743.0,2384.0
2025-03-20,1828.0,952.0,6682.0,1132.0,368.0,1273.0,284.0,1717.0,2371.0
2025-03-21,1801.0,949.0,6595.0,1122.0,369.0,1285.0,284.0,1710.0,2337.0
2025-03-24,1827.0,966.0,6696.0,1125.0,372.0,1308.0,285.0,1720.0,2339.0
2025-03-25,1828.0,963.0,6702.0,1122.0,376.0,1305.0,286.0,1711.0,2325.0
2025-03-26,1838.0,964.0,6709.0,1123.0,369.0,1323.0,288.0,1717.0,2349.0
2025-03-27,1834.0,962.0,6673.0,1128.0,375.0,1301.0,288.0,1722.0,2377.0
2025-03-28,1811.0,949.0,6582.0,1115.0,372.0,1292.0,286.0,1742.0,2384.0
2025-03-31,1795.0,936.0,6541.0,1110.0,370.0,1250.0,287.0,1711.0,2385.0
2025-04-01,1823.0,942.0,6581.0,1112.0,370.0,1256.0,288.0,1726.0,2428.0
2025-04-02,1842.0,933.0,6536.0,1107.0,369.0,1230.0,284.0,1714.0,2513.0
2025-04-03,1799.0,924.0,6451.0,1106.0,371.0,1213.0,283.0,1686.0,2432.0
2025-04-07,1679.0,898.0,6025.0,1066.0,361.0,1180.0,275.0,1571.0,2263.0
2025-04-08,1717.0,887.0,5994.0,1062.0,361.0,1170.0,272.0,1579.0,2248.0
2025-04-09,1671.0,871.0,5895.0,1046.0,359.0,1186.0,271.0,1574.0,2144.0
2025-04-10,1730.0,902.0,6159.0,1073.0,361.0,1184.0,273.0,1608.0,2172.0
2025-04-11,1723.0,900.0,6152.0,1067.0,357.0,1189.0,272.0,1605.0,2172.0
2025-04-14,1740.0,904.0,6244.0,1069.0,352.0,1202.0,273.0,1629.0,2209.0
2025-04-15,1725.0,896.0,6212.0,1064.0,347.0,1185.0,274.0,1645.0,2187.0
2025-04-16,1713.0,880.0,6162.0,1062.0,341.0,1194.0,272.0,1644.0,2155.0
2025-04-17,1720.0,883.0,6205.0,1067.0,341.0,1201.0,272.0,1669.0,2175.0
2025-04-18,1721.0,885.0,6234.0,1070.0,330.0,1174.0,271.0,1663.0,2164.0
2025-04-21,1746.0,899.0,6329.0,1079.0,335.0,1184.0,266.0,1666.0,2221.0
2025-04-22,1729.0,895.0,6315.0,1072.0,333.0,1171.0,262.0,1661.0,2177.0
2025-04-23,1747.0,902.0,6378.0,1079.0,336.0,1192.0,266.0,1670.0,2189.0
2025-04-24,1742.0,907.0,6338.0,1082.0,334.0,1199.0,264.0,1663.0,2192.0
2025-04-25,1743.0,913.0,6341.0,1088.0,331.0,1185.0,263.0,1664.0,2220.0
2025-04-28,1733.0,904.0,6352.0,1083.0,331.0,1192.0,258.0,1649.0,2200.0
2025-04-29,1725.0,905.0,6354.0,1082.0,322.0,1152.0,256.0,1642.0,2209.0
2025-04-30,1733.0,901.0,6323.0,1081.0,322.0,1136.0,254.0,1636.0,2198.0
2025-05-06,1728.0,898.0,6354.0,1075.0,314.0,1114.0,252.0,1648.0,2204.0
2025-05-07,1727.0,892.0,6369.0,1057.0,312.0,1126.0,248.0,1646.0,2206.0
2025-05-08,1720.0,891.0,6326.0,1059.0,313.0,1164.0,248.0,1635.0,2207.0
2025-05-09,1715.0,891.0,6336.0,1063.0,309.0,1177.0,243.0,1632.0,2191.0
2025-05-12,1742.0,906.0,6408.0,1082.0,313.0,1184.0,247.0,1668.0,2221.0
2025-05-13,1725.0,901.0,6392.0,1088.0,310.0,1183.0,244.0,1638.0,2213.0
2025-05-14,1753.0,917.0,6463.0,1104.0,319.0,1226.0,252.0,1656.0,2243.0
2025-05-15,1730.0,912.0,6384.0,1101.0,316.0,1244.0,247.0,1635.0,2239.0
2025-05-16,1713.0,907.0,6401.0,1098.0,306.0,1204.0,238.0,1641.0,2237.0
2025-05-19,1698.0,903.0,6374.0,1097.0,305.0,1302.0,236.0,1638.0,2237.0
2025-05-20,1687.0,902.0,6358.0,1095.0,298.0,1305.0,235.0,1625.0,2236.0
2025-05-21,1707.0,910.0,6409.0,1101.0,295.0,1352.0,236.0,1630.0,2261.0
2025-05-22,1698.0,903.0,6392.0,1102.0,296.0,1339.0,240.0,1631.0,2237.0
2025-05-23,1690.0,902.0,6372.0,1099.0,297.0,1320.0,235.0,1620.0,2235.0
2025-05-26,1692.0,901.0,6416.0,1099.0,286.0,1274.0,232.0,1624.0,2232.0
2025-05-27,1687.0,906.0,6417.0,1093.0,280.0,1257.0,235.0,1615.0,2236.0
2025-05-28,1682.0,902.0,6414.0,1096.0,275.0,1246.0,233.0,1584.0,2170.0
2025-05-29,1688.0,913.0,6436.0,1101.0,270.0,1234.0,227.0,1591.0,2177.0
2025-05-30,1674.0,902.0,6392.0,1094.0,268.0,1234.0,231.0,1599.0,2113.0
2025-06-03,1672.0,900.0,6396.0,1083.0,264.0,1249.0,231.0,1601.0,2109.0
2025-06-04,1710.0,911.0,6441.0,1094.0,272.0,1276.0,236.0,1619.0,2177.0
2025-06-05,1701.0,908.0,6440.0,1091.0,267.0,1226.0,233.0,1606.0,2186.0
2025-06-06,1721.0,910.0,6504.0,1094.0,271.0,1208.0,234.0,1614.0,2225.0
2025-06-09,1710.0,890.0,6502.0,1092.0,279.0,1204.0,234.0,1620.0,2226.0
2025-06-10,1711.0,886.0,6500.0,1089.0,276.0,1202.0,234.0,1603.0,2224.0
2025-06-11,1720.0,897.0,6535.0,1103.0,280.0,1206.0,237.0,1609.0,2240.0
2025-06-12,1708.0,894.0,6474.0,1110.0,275.0,1206.0,232.0,1585.0,2237.0
2025-06-13,1684.0,881.0,6420.0,1107.0,271.0,1188.0,230.0,1584.0,2225.0
2025-06-16,1686.0,883.0,6464.0,1108.0,274.0,1188.0,230.0,1581.0,2232.0
2025-06-17,1683.0,887.0,6468.0,1111.0,274.0,1191.0,230.0,1566.0,2226.0
2025-06-18,1695.0,893.0,6493.0,1123.0,276.0,1216.0,230.0,1565.0,2236.0
2025-06-19,1684.0,887.0,6447.0,1121.0,278.0,1208.0,231.0,1571.0,2223.0
2025-06-20,1666.0,887.0,6416.0,1116.0,275.0,1204.0,226.0,1562.0,2200.0
2025-06-23,1668.0,891.0,6443.0,1115.0,276.0,1210.0,227.0,1550.0,2210.0
2025-06-24,1681.0,897.0,6476.0,1113.0,279.0,1209.0,233.0,1551.0,2226.0
2025-06-25,1688.0,902.0,6493.0,1115.0,281.0,1216.0,234.0,1565.0,2222.0
2025-06-26,1707.0,910.0,6510.0,1120.0,287.0,1228.0,236.0,1593.0,2257.0
2025-06-27,1733.0,917.0,6595.0,1127.0,299.0,1244.0,243.0,1589.0,2270.0
2025-06-30,1731.0,921.0,6591.0,1127.0,300.0,1243.0,239.0,1593.0,2264.0
2025-07-01,1764.0,911.0,6654.0,1130.0,289.0,1226.0,241.0,1592.0,2278.0
2025-07-02,1762.0,910.0,6647.0,1130.0,306.0,1279.0,246.0,1598.0,2268.0
2025-07-03,1762.0,914.0,6649.0,1133.0,298.0,1260.0,246.0,1606.0,2267.0
2025-07-04,1748.0,917.0,6581.0,1130.0,297.0,1259.0,243.0,1612.0,2257.0
2025-07-07,1727.0,904.0,6544.0,1119.0,300.0,1267.0,245.0,1590.0,2226.0
2025-07-08,1727.0,901.0,6571.0,1125.0,306.0,1295.0,246.0,1587.0,2242.0
2025-07-09,1703.0,905.0,6468.0,1124.0,303.0,1303.0,247.0,1571.0,2219.0
2025-07-10,1710.0,917.0,6489.0,1134.0,315.0,1336.0,247.0,1598.0,2252.0
2025-07-11,1698.0,917.0,6479.0,1134.0,313.0,1298.0,247.0,1601.0,2229.0
2025-07-14,1675.0,912.0,6475.0,1120.0,324.0,1310.0,255.0,1597.0,2251.0
2025-07-15,1670.0,906.0,6451.0,1121.0,327.0,1318.0,256.0,1575.0,2223.0
2025-07-16,1670.0,904.0,6449.0,1123.0,323.0,1296.0,255.0,1590.0,2229.0
2025-07-17,1654.0,908.0,6439.0,1122.0,326.0,1286.0,261.0,1580.0,2213.0
2025-07-18,1658.0,915.0,6488.0,1127.0,324.0,1305.0,269.0,1589.0,2234.0
2025-07-21,1692.0,941.0,6598.0,1145.0,345.0,1410.0,274.0,1616.0,2258.0
2025-07-22,1684.0,942.0,6595.0,1149.0,359.0,1463.0,280.0,1630.0,2269.0
2025-07-23,1674.0,943.0,6583.0,1143.0,355.0,1397.0,267.0,1625.0,2268.0
2025-07-24,1669.0,944.0,6608.0,1141.0,361.0,1427.0,295.0,1638.0,2314.0
2025-07-25,1628.0,939.0,6555.0,1141.0,362.0,1428.0,309.0,1638.0,2297.0
2025-07-28,1647.0,929.0,6534.0,1133.0,332.0,1351.0,281.0,1602.0,2261.0
2025-07-29,1640.0,930.0,6521.0,1132.0,348.0,1377.0,272.0,1605.0,2251.0
2025-07-30,1659.0,930.0,6528.0,1134.0,346.0,1385.0,271.0,1604.0,2261.0
2025-07-31,1628.0,917.0,6455.0,1127.0,326.0,1342.0,262.0,1579.0,2239.0
2025-08-01,1640.0,916.0,6484.0,1127.0,316.0,1317.0,265.0,1578.0,2236.0
2025-08-04,1637.0,913.0,6479.0,1128.0,311.0,1344.0,265.0,1589.0,2249.0
2025-08-05,1647.0,918.0,6500.0,1130.0,315.0,1345.0,260.0,1593.0,2258.0
2025-08-06,1638.0,918.0,6475.0,1135.0,323.0,1351.0,267.0,1595.0,2253.0
2025-08-07,1629.0,927.0,6490.0,1140.0,321.0,1342.0,277.0,1605.0,2262.0
2025-08-08,1612.0,924.0,6490.0,1137.0,323.0,1323.0,295.0,1597.0,2260.0
2025-08-11,1620.0,928.0,6538.0,1139.0,334.0,1330.0,310.0,1609.0,2265.0
2025-08-12,1564.0,929.0,6541.0,1140.0,328.0,1384.0,316.0,1613.0,2280.0
2025-08-13,1605.0,929.0,6565.0,1143.0,319.0,1351.0,326.0,1612.0,2277.0
2025-08-14,1587.0,923.0,6528.0,1139.0,322.0,1336.0,327.0,1597.0,2257.0
2025-08-15,1588.0,924.0,6538.0,1143.0,327.0,1325.0,333.0,1589.0,2252.0
2025-08-18,1571.0,917.0,6526.0,1134.0,320.0,1311.0,342.0,1585.0,2254.0
2025-08-19,1569.0,911.0,6523.0,1131.0,320.0,1291.0,335.0,1585.0,2262.0
2025-08-20,1587.0,913.0,6503.0,1131.0,312.0,1302.0,310.0,1580.0,2260.0
2025-08-21,1535.0,912.0,6493.0,1134.0,321.0,1292.0,317.0,1577.0,2249.0
2025-08-22,1598.0,914.0,6505.0,1136.0,325.0,1298.0,302.0,1574.0,2244.0
2025-08-25,1624.0,919.0,6591.0,1144.0,322.0,1317.0,304.0,1583.0,2275.0
2025-08-26,1620.0,914.0,6550.0,1141.0,316.0,1270.0,303.0,1584.0,2274.0
2025-08-27,1624.0,916.0,6550.0,1146.0,317.0,1260.0,302.0,1602.0,2292.0
2025-08-28,1627.0,910.0,6528.0,1143.0,318.0,1267.0,299.0,1592.0,2299.0
2025-08-29,1650.0,908.0,6568.0,1143.0,312.0,1256.0,295.0,1602.0,2348.0
2025-09-01,1656.0,909.0,6597.0,1137.0,315.0,1244.0,289.0,1625.0,2304.0
2025-09-02,1670.0,916.0,6584.0,1142.0,315.0,1250.0,278.0,1613.0,2310.0
2025-09-03,1682.0,914.0,6622.0,1141.0,315.0,1238.0,275.0,1603.0,2304.0
2025-09-04,1665.0,908.0,6596.0,1136.0,316.0,1233.0,281.0,1591.0,2295.0
2025-09-05,1681.0,909.0,6629.0,1140.0,328.0,1244.0,284.0,1597.0,2297.0
2025-09-08,1660.0,913.0,6586.0,1141.0,317.0,1225.0,286.0,1607.0,2283.0
2025-09-09,1648.0,908.0,6588.0,1143.0,312.0,1212.0,279.0,1589.0,2273.0
2025-09-10,1652.0,911.0,6598.0,1146.0,322.0,1213.0,271.0,1591.0,2281.0
2025-09-11,1668.0,913.0,6626.0,1152.0,325.0,1218.0,272.0,1588.0,2287.0
2025-09-12,1697.0,916.0,6707.0,1163.0,325.0,1206.0,272.0,1606.0,2310.0
2025-09-15,1688.0,916.0,6693.0,1159.0,327.0,1214.0,278.0,1615.0,2310.0
2025-09-16,1687.0,914.0,6689.0,1157.0,331.0,1232.0,280.0,1614.0,2300.0
2025-09-17,1670.0,914.0,6664.0,1154.0,333.0,1215.0,282.0,1604.0,2299.0
2025-09-18,1648.0,905.0,6583.0,1146.0,331.0,1213.0,279.0,1592.0,2270.0
2025-09-19,1638.0,904.0,6605.0,1146.0,346.0,1222.0,283.0,1600.0,2267.0
2025-09-22,1640.0,906.0,6631.0,1144.0,332.0,1214.0,281.0,1598.0,2298.0
2025-09-23,1629.0,896.0,6611.0,1140.0,331.0,1190.0,282.0,1590.0,2276.0
2025-09-24,1632.0,897.0,6614.0,1141.0,335.0,1203.0,279.0,1597.0,2292.0
2025-09-25,1704.0,904.0,6841.0,1145.0,336.0,1217.0,283.0,1617.0,2308.0
2025-09-26,1707.0,902.0,6823.0,1144.0,333.0,1200.0,279.0,1596.0,2308.0
2025-09-29,1698.0,895.0,6813.0,1142.0,320.0,1201.0,283.0,1592.0,2298.0
2025-09-30,1727.0,896.0,6875.0,1140.0,321.0,1187.0,279.0,1589.0,2320.0
2025-10-09,1810.0,916.0,7182.0,1162.0,321.0,1189.0,281.0,1636.0,2420.0
2025-10-10,1785.0,914.0,7107.0,1157.0,322.0,1182.0,279.0,1606.0,2413.0
2025-10-13,1756.0,914.0,7042.0,1151.0,326.0,1167.0,278.0,1596.0,2378.0
2025-10-14,1742.0,912.0,6980.0,1151.0,317.0,1160.0,279.0,1588.0,2364.0
2025-10-15,1759.0,904.0,7102.0,1154.0,318.0,1157.0,279.0,1593.0,2376.0
2025-10-16,1740.0,901.0,7038.0,1157.0,320.0,1154.0,288.0,1594.0,2373.0
2025-10-17,1716.0,895.0,6981.0,1153.0,315.0,1158.0,290.0,1593.0,2368.0
2025-10-20,1725.0,896.0,7063.0,1153.0,318.0,1161.0,291.0,1586.0,2357.0
2025-10-21,1730.0,901.0,7065.0,1156.0,315.0,1163.0,291.0,1593.0,2369.0
2025-10-22,1718.0,902.0,7066.0,1160.0,315.0,1170.0,295.0,1593.0,2375.0
2025-10-23,1715.0,916.0,7120.0,1167.0,324.0,1174.0,306.0,1593.0,2372.0
2025-10-24,1761.0,917.0,7257.0,1170.0,319.0,1163.0,305.0,1603.0,2394.0
2025-10-27,1778.0,917.0,7311.0,1177.0,321.0,1170.0,314.0,1607.0,2415.0
2025-10-28,1740.0,915.0,7195.0,1166.0,320.0,1165.0,313.0,1583.0,2385.0
2025-10-29,1777.0,920.0,7340.0,1174.0,328.0,1191.0,318.0,1595.0,2415.0
2025-10-30,1753.0,917.0,7279.0,1171.0,328.0,1165.0,319.0,1588.0,2389.0
2025-10-31,1744.0,917.0,7201.0,1174.0,326.0,1155.0,309.0,1583.0,2392.0
2025-11-03,1743.0,925.0,7230.0,1189.0,327.0,1154.0,315.0,1589.0,2407.0
2025-11-04,1740.0,929.0,7092.0,1183.0,318.0,1146.0,301.0,1572.0,2391.0
2025-11-05,1733.0,929.0,7090.0,1180.0,323.0,1147.0,303.0,1576.0,2375.0
2025-11-06,1737.0,930.0,7145.0,1192.0,324.0,1153.0,308.0,1573.0,2387.0
2025-11-07,1712.0,932.0,7112.0,1190.0,330.0,1151.0,315.0,1568.0,2388.0
2025-11-10,1704.0,930.0,7159.0,1196.0,332.0,1170.0,334.0,1571.0,2414.0
2025-11-11,1708.0,930.0,7175.0,1192.0,329.0,1165.0,332.0,1567.0,2427.0
2025-11-12,1725.0,930.0,7185.0,1204.0,329.0,1167.0,332.0,1559.0,2465.0
2025-11-13,1745.0,933.0,7246.0,1214.0,327.0,1175.0,336.0,1561.0,2513.0
2025-11-14,1717.0,920.0,7190.0,1202.0,323.0,1167.0,335.0,1537.0,2457.0
2025-11-17,1666.0,921.0,7153.0,1196.0,325.0,1165.0,365.0,1533.0,2449.0
2025-11-18,1609.0,914.0,7088.0,1181.0,321.0,1150.0,358.0,1508.0,2436.0
2025-11-19,1641.0,919.0,7125.0,1187.0,336.0,1134.0,380.0,1518.0,2475.0
2025-11-20,1635.0,917.0,7127.0,1185.0,325.0,1130.0,379.0,1513.0,2462.0
2025-11-21,1650.0,917.0,7088.0,1175.0,321.0,1122.0,349.0,1495.0,2452.0
2025-11-24,1665.0,917.0,7122.0,1177.0,320.0,1132.0,347.0,1515.0,2470.0
2025-11-25,1658.0,916.0,7165.0,1182.0,321.0,1128.0,366.0,1523.0,2484.0
2025-11-26,1661.0,915.0,7164.0,1181.0,323.0,1124.0,363.0,1537.0,2491.0
2025-11-27,1682.0,918.0,7199.0,1184.0,327.0,1122.0,361.0,1533.0,2544.0
2025-11-28,1699.0,918.0,7230.0,1189.0,328.0,1121.0,363.0,1535.0,2567.0
2025-12-01,1740.0,925.0,7389.0,1203.0,329.0,1111.0,365.0,1545.0,2582.0
2025-12-02,1749.0,932.0,7357.0,1206.0,323.0,1106.0,364.0,1548.0,2585.0
2025-12-03,1775.0,933.0,7381.0,1208.0,322.0,1093.0,353.0,1545.0,2631.0
2025-12-04,1818.0,937.0,7530.0,1215.0,321.0,1081.0,353.0,1544.0,2665.0
2025-12-05,1854.0,954.0,7678.0,1231.0,318.0,1060.0,347.0,1544.0,2675.0
2025-12-08,1848.0,954.0,7696.0,1228.0,313.0,1071.0,357.0,1547.0,2689.0
2025-12-09,1804.0,944.0,7542.0,1199.0,301.0,1053.0,349.0,1540.0,2631.0
2025-12-10,1818.0,945.0,7604.0,1208.0,297.0,1030.0,361.0,1535.0,2719.0
2025-12-11,1813.0,941.0,7636.0,1207.0,296.0,1028.0,372.0,1519.0,2701.0
2025-12-12,1873.0,967.0,7790.0,1218.0,301.0,1033.0,368.0,1515.0,2806.0
2025-12-15,1821.0,960.0,7651.0,1204.0,300.0,1052.0,381.0,1504.0,2760.0
2025-12-16,1792.0,943.0,7604.0,1200.0,301.0,1053.0,379.0,1472.0,2701.0
2025-12-17,1810.0,940.0,7678.0,1204.0,304.0,1056.0,409.0,1492.0,2769.0
2025-12-18,1821.0,942.0,7660.0,1206.0,311.0,1054.0,400.0,1494.0,2819.0
2025-12-19,1850.0,944.0,7708.0,1219.0,312.0,1032.0,419.0,1537.0,2892.0
2025-12-22,1851.0,946.0,7803.0,1221.0,309.0,1029.0,431.0,1593.0,2869.0
2025-12-23,1837.0,945.0,7770.0,1219.0,315.0,1038.0,453.0,1616.0,2898.0
2025-12-24,1867.0,950.0,7950.0,1227.0,318.0,1054.0,470.0,1675.0,2874.0
2025-12-25,1862.0,944.0,7959.0,1224.0,317.0,1050.0,465.0,1642.0,2824.0
2025-12-26,1901.0,948.0,8166.0,1231.0,319.0,1095.0,491.0,1659.0,2845.0
2025-12-29,1972.0,951.0,8175.0,1240.0,313.0,1080.0,447.0,1646.0,2815.0
2025-12-30,1904.0,957.0,8116.0,1240.0,320.0,1080.0,458.0,1733.0,2747.0
2025-12-31,1890.96,952.16,8127.4,1257.76,318.37,1090.56,457.8,1737.54,2717.38
2026-01-05,1938.59,974.83,8382.68,1298.86,313.7,1087.42,489.43,1755.56,2812.58
2026-01-06,2035.21,994.44,8710.65,1336.95,319.81,1106.26,519.41,1828.56,2933.3
2026-01-07,2052.13,995.46,8558.64,1337.78,322.68,1153.37,535.82,1936.04,3018.84
2026-01-08,1906.74,980.75,8364.5,1302.43,306.69,1123.93,545.99,1783.77,2940.85
2026-01-09,1989.04,980.96,8391.76,1336.41,313.16,1116.08,540.04,1818.12,2963.43
2026-01-12,2059.23,987.49,8590.03,1350.93,314.6,1125.11,587.64,1885.63,3170.2
2026-01-13,2015.14,991.78,8466.12,1335.86,310.29,1091.34,628.75,1810.54,3190.18
2026-01-14,2133.58,999.75,8601.6,1347.91,314.6,1099.2,609.78,1843.19,3472.93
2026-01-15,2172.22,1024.87,8493.38,1335.86,313.7,1094.88,614.6,1919.98,3640.91
2026-01-16,2109.05,1010.98,8324.85,1311.2,309.21,1079.96,550.51,1849.07,3401.57
2026-01-19,2067.2565,998.7253,8358.7192,1320.2381,317.8314,1072.8939,554.5001,1861.3427,3274.8036
2026-01-20,2072.097,997.0914,8362.8498,1312.5655,314.238,1048.5546,604.3546,1848.6752,3353.2129
2026-01-21,2101.7894,994.6406,8366.9804,1323.8004,315.4957,1048.9472,627.851,1869.7007,3518.3424
2026-01-22,2033.2055,996.683,8319.0653,1318.32,317.1127,1066.6128,635.5326,1864.0852,3441.1085
2026-01-23,2091.7802,1004.2398,8371.9372,1331.199,316.933,1069.3608,683.5044,1937.4785,3606.238
2026-01-26,2119.9721,1010.0782,8418.674,1327.3091,320.3467,1072.5014,623.8597,1903.6706,3569.847
2026-01-27,2153.9919,1018.6893,8476.4457,1331.9087,318.3704,1073.2865,676.2747,1911.5495,3788.7702
2026-01-28,2161.682,1044.676,8513.3985,1404.1472,314.777,1103.5144,626.1189,1889.8612,3726.2104
2026-01-29,2279.6229,1060.5446,9014.1377,1402.9431,320.706,1105.4773,620.6214,1925.0322,3746.5613
2026-01-30,2159.4868,1055.2439,8560.9589,1345.7973,318.011,1086.6339,558.0396,1832.2046,3438.4432
2026-02-02,2050.8988,1000.1983,8097.8926,1258.0279,316.0347,1088.2042,498.6961,1688.8623,3289.9193
