,CIFI.WI,NH0004.NHF,NH0011.NHF,NH0014.NHF,NH0024.NHF,NH0031.NHF,NH0037.NHF,NH0042.NHF,NH0043.NHF,NH0045.NHF,NH0049.NHF,NH0051.NHF,NH0054.NHF,NH0059.NHF,NH0071.NHF,NH0072.NHF
2017-01-03,655.29,1029.03,531.93,756.13,819.37,378.46,1481.15,,,,,,,,,
2017-01-04,657.16,1027.44,526.07,763.13,820.29,379.32,1474.75,,,,,,,,,
2017-01-05,647.26,1027.97,521.77,744.39,817.53,378.17,1478.21,,,,,,,,,
2017-01-06,640.85,1009.42,522.75,735.33,812.92,382.75,1458.51,,,,,,,,,
2017-01-09,668.2,1038.03,525.09,781.25,834.42,387.61,1494.29,,,,,,,,,
2017-01-10,673.07,1044.92,520.99,793.6,833.5,381.03,1484.78,,,,,,,,,
2017-01-11,680.06,1040.15,527.24,805.34,826.44,382.17,1484.78,,,,,,,,,
2017-01-12,697.44,1041.21,532.12,835.82,842.1,386.17,1511.05,,,,,,,,,
2017-01-13,701.99,1070.89,532.91,837.26,847.63,392.17,1535.08,,,,,,,,,
2017-01-16,730.52,1088.37,532.91,886.06,881.74,392.46,1590.04,,,,,,,,,
2017-01-17,721.47,1073.54,530.95,875.15,869.75,381.88,1559.62,,,,,,,,,
2017-01-18,723.3,1083.07,529.0,877.0,871.91,382.46,1570.86,,,,,,,,,
2017-01-19,718.88,1074.6,532.52,871.23,858.08,378.45,1546.31,,,,,,,,,
2017-01-20,690.46,1087.84,527.44,812.75,861.15,367.31,1560.49,,,,,,,,,
2017-01-23,698.28,1094.2,544.24,817.28,874.98,370.16,1588.49,,,,,,,,,
2017-01-24,705.23,1084.13,543.85,833.55,877.13,376.45,1577.77,,,,,,,,,
2017-01-25,711.01,1102.68,553.03,832.73,901.71,377.6,1627.9,,,,,,,,,
2017-01-26,734.54,1087.27,552.41,884.41,899.86,385.03,1610.98,,,,,,,,,
2017-02-03,707.63,1085.19,552.05,830.87,895.56,388.74,1599.21,,,,,,,,,
2017-02-06,710.47,1101.09,564.94,826.96,899.86,391.89,1615.97,,,,,,,,,
2017-02-07,720.32,1092.61,561.23,851.67,904.16,388.17,1600.93,,,,,,,,,
2017-02-08,720.82,1083.6,563.38,853.52,903.24,394.18,1591.77,,,,,,,,,
2017-02-09,716.41,1083.07,556.93,847.76,897.1,390.75,1591.43,,,,,,,,,
2017-02-10,726.03,1086.25,561.04,863.61,904.47,401.32,1595.4,,,,,,,,,
2017-02-13,755.72,1123.87,571.0,906.24,935.5,419.9,1650.37,,,,,,,,,
2017-02-14,756.53,1122.28,571.98,906.65,954.24,419.62,1655.04,,,,,,,,,
2017-02-15,735.83,1061.35,557.52,887.5,942.87,403.89,1591.95,,,,,,,,,
2017-02-16,707.02,1050.22,553.03,836.84,933.96,401.04,1552.19,,,,,,,,,
2017-02-17,707.76,1047.57,554.2,839.32,936.12,400.75,1541.99,,,,,,,,,
2017-02-20,707.48,1051.81,555.76,836.02,938.88,412.18,1544.76,,,,,,,,,
2017-02-21,699.79,1041.74,552.83,827.37,910.31,406.18,1517.27,,,,,,,,,
2017-02-22,699.0,1043.86,551.46,825.31,909.39,414.47,1516.41,,,,,,,,,
2017-02-23,665.94,1022.14,540.72,769.72,885.73,400.75,1493.42,,,,,,,,,
2017-02-24,670.36,1025.32,546.19,774.25,901.09,411.61,1496.19,,,,,,,,,
2017-02-27,671.16,1025.32,547.56,773.63,914.3,418.76,1501.55,,,,,,,,,
2017-02-28,662.49,1019.49,543.85,761.48,893.72,412.47,1483.05,,,,,,,,,
2017-03-01,667.44,1015.78,543.85,771.98,884.19,420.19,1480.28,,,,,,,,,
2017-03-02,669.59,1020.02,543.06,776.51,877.74,412.76,1484.95,,,,,,,,,
2017-03-03,674.37,1023.73,540.33,786.6,878.66,409.32,1490.31,,,,,,,,,
2017-03-06,668.3,1030.09,543.85,770.54,869.14,406.18,1508.11,,,,,,,,,
2017-03-07,665.59,1023.2,544.24,767.04,875.28,407.61,1493.77,,,,,,,,,
2017-03-08,638.88,986.11,527.24,732.24,852.86,398.46,1437.42,,,,,,,,,
2017-03-09,629.12,981.34,509.27,722.97,837.8,383.03,1430.5,,,,,,,,,
2017-03-10,625.88,965.97,497.74,726.47,839.03,378.74,1403.54,,,,,,,,,
2017-03-13,631.64,976.04,497.74,733.89,829.82,387.89,1425.15,,,,,,,,,
2017-03-14,623.14,974.45,495.2,721.33,817.83,375.6,1407.0,,,,,,,,,
2017-03-15,629.28,980.28,496.18,729.56,835.65,382.74,1423.94,,,,,,,,,
2017-03-16,633.84,995.11,498.72,733.89,823.06,385.03,1442.95,,,,,,,,,
2017-03-17,642.29,996.7,499.11,750.77,821.83,384.17,1444.16,,,,,,,,,
2017-03-20,634.26,1000.94,496.38,736.36,808.92,385.03,1433.27,,,,,,,,,
2017-03-21,626.02,996.17,495.59,721.12,789.88,389.32,1429.29,,,,,,,,,
2017-03-22,602.55,979.75,492.66,682.0,777.28,370.16,1400.6,,,,,,,,,
2017-03-23,605.05,990.34,496.96,682.82,776.05,368.45,1412.35,,,,,,,,,
2017-03-24,600.12,981.34,490.71,676.85,782.5,368.74,1407.34,,,,,,,,,
2017-03-27,589.99,974.45,485.44,644.11,762.23,360.45,1366.55,,,,,,,,,
2017-03-28,591.92,969.15,484.26,647.26,772.67,369.88,1370.35,,,,,,,,,
2017-03-29,604.79,986.11,488.56,662.09,784.04,373.88,1423.76,,,,,,,,,
2017-03-30,595.62,972.86,484.07,650.27,784.65,373.88,1404.23,,,,,,,,,
2017-03-31,594.14,968.62,477.43,651.18,791.11,374.45,1390.92,,,,,,,,,
2017-04-05,614.83,1004.12,487.0,676.5,813.84,397.03,1436.55,,,,,,,,,
2017-04-06,612.9,1011.36,490.38,670.32,817.1,397.32,1439.56,,,,,,,,,
2017-04-07,587.38,1003.8,486.11,624.87,816.01,392.17,1427.2,,,,,,,,,
2017-04-10,583.7,979.91,488.17,618.69,799.39,390.75,1387.71,,,,,,,,,
2017-04-11,579.76,983.43,485.27,614.31,783.23,364.73,1384.39,,,,,,,,,
2017-04-12,563.23,974.3,479.78,588.8,780.38,364.16,1372.1,,,,,,,,,
2017-04-13,567.7,970.54,480.35,597.37,781.02,363.02,1373.83,,,,,,,,,
2017-04-14,571.03,949.07,479.97,591.19,756.02,351.3,1339.9,,,,,,,,,
2017-04-17,574.48,945.31,486.79,594.18,756.65,357.59,1327.95,,,,,,,,,
2017-04-18,570.19,946.92,486.79,582.42,751.9,353.3,1330.89,,,,,,,,,
2017-04-19,565.38,943.17,479.59,573.45,760.13,358.73,1327.6,,,,,,,,,
2017-04-20,571.59,948.0,476.94,589.99,758.23,356.73,1338.16,,,,,,,,,
2017-04-21,568.41,938.87,474.48,590.19,753.8,353.3,1323.1,,,,,,,,,
2017-04-24,567.01,927.6,473.15,590.59,747.47,352.73,1309.77,,,,,,,,,
2017-04-25,563.72,921.16,468.41,584.81,742.41,358.45,1307.69,,,,,,,,,
2017-04-26,561.57,927.06,467.28,578.43,750.0,356.16,1327.6,,,,,,,,,
2017-04-27,566.5,931.89,468.79,582.42,757.91,360.19,1347.17,,,,,,,,,
2017-04-28,570.94,953.37,467.66,588.4,758.23,365.77,1358.94,,,,,,,,,
2017-05-02,579.61,953.37,472.01,607.73,759.18,366.31,1356.17,,,,,,,,,
2017-05-03,576.99,949.07,472.01,601.75,753.17,366.14,1349.42,,,,,,,,,
2017-05-04,556.58,939.95,463.11,561.29,720.57,352.24,1314.44,,,,,,,,,
2017-05-05,543.3,934.58,453.45,542.15,706.02,336.11,1302.15,,,,,,,,,
2017-05-08,545.96,937.8,456.29,540.76,711.4,341.4,1310.64,,,,,,,,,
2017-05-09,546.85,938.34,456.48,543.35,711.71,343.06,1309.77,,,,,,,,,
2017-05-10,539.32,928.14,453.45,530.39,704.75,341.4,1289.17,,,,,,,,,
2017-05-11,548.98,944.24,457.05,547.14,710.45,345.57,1301.98,,,,,,,,,
2017-05-12,544.55,945.85,456.29,539.76,698.42,341.67,1296.44,,,,,,,,,
2017-05-15,555.81,972.69,462.73,546.74,713.61,350.01,1335.57,,,,,,,,,
2017-05-16,561.74,982.35,466.14,555.11,723.74,355.02,1349.25,,,,,,,,,
2017-05-17,560.95,978.6,465.76,549.53,731.65,353.35,1344.4,,,,,,,,,
2017-05-18,557.46,988.26,464.82,537.77,720.89,354.46,1356.86,,,,,,,,,
2017-05-19,569.39,1003.83,470.12,549.13,760.13,360.86,1401.53,,,,,,,,,
2017-05-22,569.69,997.92,473.53,552.12,759.18,361.41,1401.01,,,,,,,,,
2017-05-23,569.4,995.77,472.01,556.51,753.17,350.01,1398.94,,,,,,,,,
2017-05-24,563.17,988.26,470.12,546.14,746.84,349.74,1387.33,,,,,,,,,
2017-05-25,566.6,986.65,467.47,548.13,765.51,357.24,1399.63,,,,,,,,,
2017-05-26,555.9,980.21,455.91,536.77,750.95,343.9,1389.59,,,,,,,,,
2017-05-31,534.26,966.25,454.78,498.7,707.91,325.55,1358.77,,,,,,,,,
2017-06-01,536.07,989.87,449.28,497.51,719.31,327.22,1368.29,,,,,,,,,
2017-06-02,528.19,958.73,447.77,494.52,702.85,321.66,1328.64,,,,,,,,,
2017-06-05,532.24,955.51,451.75,499.5,712.98,326.11,1326.39,,,,,,,,,
2017-06-06,535.17,954.98,455.34,496.51,727.53,329.72,1328.99,,,,,,,,,
2017-06-07,537.29,951.22,458.94,500.3,731.96,328.61,1332.28,,,,,,,,,
2017-06-08,536.84,957.12,457.43,494.52,739.56,326.66,1338.34,,,,,,,,,
2017-06-09,536.39,958.73,457.24,497.31,737.03,324.16,1336.61,,,,,,,,,
2017-06-12,542.99,980.74,457.24,505.28,738.93,325.27,1372.45,,,,,,,,,
2017-06-13,532.28,958.73,460.27,491.33,726.27,322.21,1331.07,,,,,,,,,
2017-06-14,542.92,958.2,461.97,514.25,740.83,323.33,1336.61,,,,,,,,,
2017-06-15,537.87,948.53,458.56,512.06,725.95,318.6,1321.02,,,,,,,,,
2017-06-16,540.18,949.07,457.81,513.25,737.34,320.27,1330.2,,,,,,,,,
2017-06-19,540.93,956.59,459.89,505.88,749.69,319.99,1334.53,,,,,,,,,
2017-06-20,537.86,954.44,457.24,503.49,752.85,321.94,1326.56,,,,,,,,,
2017-06-21,534.24,949.07,454.97,500.89,750.0,314.99,1322.06,,,,,,,,,
2017-06-22,526.68,932.97,450.61,494.72,731.02,312.76,1306.65,,,,,,,,,
2017-06-23,532.12,937.26,453.07,505.08,732.6,314.71,1320.16,,,,,,,,,
2017-06-26,535.18,946.92,454.02,507.47,731.02,316.93,1337.47,,,,,,,,,
2017-06-27,539.6,953.37,454.59,516.44,728.8,318.88,1346.47,,,,,,,,,
2017-06-28,541.58,948.0,456.67,521.43,723.74,319.99,1335.57,,,,,,,,,
2017-06-29,554.09,963.56,461.6,538.17,743.67,325.55,1363.1,,,,,,,,,
2017-06-30,552.4,968.93,459.7,531.59,746.52,326.94,1368.29,,,,,,,,,
2017-07-03,557.74,969.47,462.54,538.17,760.76,328.89,1381.45,,,,,,,,,
2017-07-04,540.91,946.92,459.13,506.87,749.05,323.88,1350.11,,,,,,,,,
2017-07-05,548.73,947.46,468.79,511.46,759.5,329.16,1358.94,,,,,,,,,
2017-07-06,555.43,961.42,468.04,514.25,781.33,330.0,1387.51,,,,,,,,,
2017-07-07,556.0,967.86,468.41,513.65,785.45,330.28,1401.88,,,,,,,,,
2017-07-10,549.61,951.22,468.41,505.88,775.64,330.28,1382.49,,,,,,,,,
2017-07-11,562.64,966.79,492.47,514.65,789.88,340.28,1396.68,,,,,,,,,
2017-07-12,569.41,974.3,500.05,527.6,786.4,340.84,1395.13,,,,,,,,,
2017-07-13,570.51,980.74,503.08,528.0,780.38,344.18,1388.55,,,,,,,,,
2017-07-14,576.83,983.43,510.46,536.37,786.08,349.46,1396.16,,,,,,,,,
2017-07-17,579.11,983.96,510.84,537.97,788.61,357.8,1405.86,,,,,,,,,
2017-07-18,582.87,989.87,512.93,536.57,797.16,356.41,1418.5,,,,,,,,,
2017-07-19,593.98,993.09,511.03,559.89,800.32,360.86,1428.37,,,,,,,,,
2017-07-20,598.44,1036.03,500.61,559.5,802.22,357.8,1470.79,,,,,,,,,
2017-07-21,596.5,1037.11,496.83,556.9,789.88,354.18,1471.48,,,,,,,,,
2017-07-24,588.27,1034.96,494.17,538.77,779.12,355.58,1466.28,,,,,,,,,
2017-07-25,592.09,1033.89,493.23,543.75,785.45,367.53,1471.65,,,,,,,,,
2017-07-26,585.74,1024.22,487.92,534.98,752.85,365.03,1453.99,,,,,,,,,
2017-07-27,589.65,1025.3,495.69,537.37,756.02,368.36,1445.51,,,,,,,,,
2017-07-28,571.26,1009.19,489.82,498.3,749.37,361.14,1415.9,,,,,,,,,
2017-07-31,580.71,1011.34,492.85,500.1,757.28,371.14,1424.04,,,,,,,,,
2017-08-01,582.12,1020.22,488.87,495.51,766.78,369.2,1443.78,,,,,,,,,
2017-08-02,582.25,1019.68,484.9,490.31,776.19,364.55,1449.66,,,,,,,,,
2017-08-03,581.03,1006.95,484.71,493.44,770.18,358.01,1428.76,,,,,,,,,
2017-08-04,594.54,1024.43,487.52,508.02,785.9,358.21,1455.96,,,,,,,,,
2017-08-07,598.02,1011.22,483.89,517.82,786.86,353.83,1442.27,,,,,,,,,
2017-08-08,605.67,1032.87,487.07,519.12,808.67,358.11,1477.12,,,,,,,,,
2017-08-09,618.15,1035.51,493.6,536.72,812.91,363.46,1485.41,,,,,,,,,
2017-08-10,618.87,1037.1,494.34,531.71,812.91,364.53,1493.2,,,,,,,,,
2017-08-11,603.09,1009.11,483.89,514.75,796.25,345.54,1474.41,,,,,,,,,
2017-08-14,602.91,1008.06,486.51,514.27,788.38,346.88,1468.15,,,,,,,,,
2017-08-15,604.43,998.02,478.29,523.8,785.35,349.55,1445.14,,,,,,,,,
2017-08-16,604.51,998.55,476.06,525.41,785.35,351.16,1444.97,,,,,,,,,
2017-08-17,615.31,1021.78,478.67,530.91,817.75,358.65,1490.66,,,,,,,,,
2017-08-18,617.98,1028.12,481.65,535.59,815.94,363.19,1495.23,,,,,,,,,
2017-08-21,623.99,1035.51,485.57,535.75,826.24,363.19,1515.53,,,,,,,,,
2017-08-22,630.26,1060.33,490.8,539.47,832.6,363.99,1545.48,,,,,,,,,
2017-08-23,624.48,1050.3,490.24,532.2,831.69,359.45,1538.2,,,,,,,,,
2017-08-24,624.26,1049.77,496.21,530.42,829.57,366.4,1537.19,,,,,,,,,
2017-08-25,630.17,1051.36,495.65,540.11,835.32,368.54,1549.03,,,,,,,,,
2017-08-28,628.45,1051.36,493.22,537.69,836.53,366.67,1543.79,,,,,,,,,
2017-08-29,632.52,1062.45,492.85,531.23,861.97,363.46,1571.37,,,,,,,,,
2017-08-30,632.23,1062.97,494.72,529.61,868.64,362.39,1569.34,,,,,,,,,
2017-08-31,636.99,1074.59,495.09,534.46,872.88,357.31,1583.38,,,,,,,,,
2017-09-01,642.78,1094.13,501.44,536.88,881.96,361.59,1618.4,,,,,,,,,
2017-09-04,653.88,1097.82,501.44,554.49,891.66,349.55,1626.19,,,,,,,,,
2017-09-05,655.16,1102.58,501.81,559.98,890.14,348.22,1626.02,,,,,,,,,
2017-09-06,655.61,1086.21,496.02,567.57,888.02,348.75,1595.05,,,,,,,,,
2017-09-07,650.62,1073.01,494.34,564.99,875.6,338.05,1575.26,,,,,,,,,
2017-09-08,636.95,1064.03,492.85,541.4,872.57,330.03,1563.92,,,,,,,,,
2017-09-11,633.88,1058.22,490.98,538.34,868.03,332.97,1550.89,,,,,,,,,
2017-09-12,643.22,1075.12,494.53,541.08,895.59,334.04,1587.1,,,,,,,,,
2017-09-13,636.21,1049.24,489.31,541.89,876.51,330.56,1536.51,,,,,,,,,
2017-09-14,628.0,1031.29,490.8,530.42,865.0,330.83,1506.9,,,,,,,,,
2017-09-15,615.27,1029.71,490.42,507.97,849.56,333.24,1503.35,,,,,,,,,
2017-09-18,606.79,1033.93,489.68,491.33,846.53,334.84,1508.09,,,,,,,,,
2017-09-19,601.39,1021.26,492.85,483.26,838.65,329.76,1481.69,,,,,,,,,
2017-09-20,607.16,1027.59,496.4,487.3,848.95,330.83,1497.09,,,,,,,,,
2017-09-21,591.45,1005.42,491.54,468.88,811.7,326.02,1456.82,,,,,,,,,
2017-09-22,594.13,1007.53,495.46,470.5,813.82,332.44,1465.62,,,,,,,,,
2017-09-25,596.89,1012.81,497.7,470.98,812.61,332.17,1486.09,,,,,,,,,
2017-09-26,598.5,1021.26,496.21,472.44,816.24,334.58,1496.24,,,,,,,,,
2017-09-27,599.29,1020.73,495.28,473.41,817.75,335.65,1506.39,,,,,,,,,
2017-09-28,573.09,998.02,477.55,439.49,802.31,325.48,1465.45,,,,,,,,,
2017-09-29,575.64,1004.36,480.16,435.93,823.21,324.68,1498.78,,,,,,,,,
2017-10-09,572.8,1004.89,479.41,431.25,829.57,314.78,1486.26,,,,,,,,,
2017-10-10,572.65,998.55,479.23,430.12,808.97,317.99,1477.46,,,,,,,,,
2017-10-11,569.81,989.05,478.11,427.86,784.74,321.2,1465.62,,,,,,,,,
2017-10-12,573.61,1006.47,478.29,432.06,780.2,323.61,1470.52,,,,,,,,,
2017-10-13,581.43,1026.54,479.23,438.52,801.1,324.41,1515.7,,,,,,,,,
2017-10-16,584.49,1034.46,481.28,438.68,805.03,321.47,1541.42,,,,,,,,,
2017-10-17,587.08,1039.74,481.09,437.06,809.58,323.08,1540.74,,,,,,,,,
2017-10-18,589.5,1041.32,486.88,438.36,816.24,322.54,1540.57,,,,,,,,,
2017-10-19,578.35,1023.37,482.21,431.73,797.16,317.73,1498.1,,,,,,,,,
2017-10-20,594.28,1049.77,484.08,442.56,831.69,320.94,1546.49,,,,,,,,,
2017-10-23,591.24,1040.27,482.59,436.1,833.2,322.81,1534.31,,,,,,,,,
2017-10-24,591.49,1038.68,483.15,433.67,837.14,322.81,1532.45,,,,,,,,,
2017-10-25,594.04,1043.96,483.52,437.23,832.6,332.97,1523.65,,,,,,,,,
2017-10-26,592.21,1030.76,485.2,437.87,832.9,332.7,1498.95,,,,,,,,,
2017-10-27,582.76,1014.92,484.27,430.6,810.18,331.9,1482.87,,,,,,,,,
2017-10-30,580.74,1013.34,487.07,429.15,805.03,338.59,1483.04,,,,,,,,,
2017-10-31,578.75,1004.36,480.91,428.34,808.37,335.11,1468.32,,,,,,,,,
2017-11-01,585.96,1001.72,481.65,439.16,817.15,331.37,1468.15,,,,,,,,,
2017-11-02,595.51,1018.62,482.96,445.3,834.11,331.99,1491.5,,,,,,,,,
2017-11-03,598.03,1026.01,484.64,442.23,843.2,336.41,1516.04,,,,,,,,,
2017-11-06,611.44,1042.38,495.28,456.61,858.95,338.44,1540.57,,,,,,,,,
2017-11-07,610.41,1043.96,496.02,451.92,860.16,341.8,1549.2,,,,,,,,,
2017-11-08,609.83,1040.27,494.53,446.43,861.97,340.31,1555.12,,,,,,,,,
2017-11-09,611.15,1047.13,497.89,445.95,865.61,339.82,1557.66,,,,,,,,,
2017-11-10,608.84,1036.04,498.82,447.56,858.34,339.57,1535.83,,,,,,,,,
2017-11-13,622.46,1039.74,515.24,457.25,881.96,343.29,1553.43,,,,,,,,,
2017-11-14,621.71,1035.51,524.95,455.64,878.03,341.55,1539.22,,,,,,,,,
2017-11-15,602.92,1020.2,516.55,428.67,863.49,325.42,1509.44,,,,,,,,,
2017-11-16,600.61,1009.11,514.31,428.67,861.67,325.91,1501.32,,,,,,,,,
2017-11-17,609.58,1015.98,515.06,429.47,881.66,326.66,1532.96,,,,,,,,,
2017-11-20,613.83,1024.95,520.47,432.38,882.87,332.12,1549.03,,,,,,,,,
2017-11-21,620.8,1032.87,516.55,430.77,904.07,334.6,1555.12,,,,,,,,,
2017-11-22,622.42,1037.63,507.59,432.54,909.22,341.06,1559.69,,,,,,,,,
2017-11-23,622.95,1027.07,504.79,443.36,901.95,342.3,1547.0,,,,,,,,,
2017-11-24,625.1,1032.87,506.29,447.24,901.65,343.54,1554.95,,,,,,,,,
2017-11-27,607.3,1006.47,503.12,433.19,872.57,335.35,1507.58,,,,,,,,,
2017-11-28,606.6,1004.36,499.88,437.55,875.91,337.08,1498.27,,,,,,,,,
2017-11-29,614.05,1013.34,501.37,444.66,886.81,334.85,1504.7,,,,,,,,,
2017-11-30,607.81,1010.97,499.36,436.09,880.15,340.56,1499.96,,,,,,,,,
2017-12-01,623.63,1017.82,516.26,454.59,901.35,344.28,1527.88,,,,,,,,,
2017-12-04,638.53,1034.7,516.82,466.56,935.16,344.53,1560.42,,,,,,,,,
2017-12-05,632.04,1027.83,509.58,460.08,946.85,343.29,1552.45,,,,,,,,,
2017-12-06,629.1,1026.75,510.69,448.04,950.95,344.28,1552.65,,,,,,,,,
2017-12-07,612.69,1010.01,501.22,436.78,925.06,324.43,1501.34,,,,,,,,,
2017-12-08,618.08,1021.89,501.41,439.75,958.2,327.65,1534.7,,,,,,,,,
2017-12-11,620.33,1020.81,500.85,438.35,963.22,327.4,1546.27,,,,,,,,,
2017-12-12,628.0,1033.23,502.89,442.88,990.34,323.68,1562.1,,,,,,,,,
2017-12-13,627.87,1020.81,501.96,440.22,985.66,325.67,1544.74,,,,,,,,,
2017-12-14,624.3,1016.49,494.35,446.48,972.6,324.67,1531.64,,,,,,,,,
2017-12-15,622.4,1011.63,495.09,450.7,970.25,325.42,1520.57,,,,,,,,,
2017-12-18,629.36,1021.35,495.65,455.23,986.32,328.65,1544.06,,,,,,,,,
2017-12-19,630.21,1040.78,498.06,450.85,982.98,327.16,1572.48,,,,,,,,,
2017-12-20,635.62,1044.02,499.36,452.42,993.02,327.9,1574.18,,,,,,,,,
2017-12-21,625.54,1044.56,498.43,449.13,978.96,321.2,1571.8,,,,,,,,,
2017-12-22,619.77,1038.63,497.51,437.88,977.62,321.2,1568.57,,,,,,,,,
2017-12-25,614.05,1028.91,498.25,438.66,958.87,322.19,1556.14,,,,,,,,,
2017-12-26,624.75,1057.52,506.79,447.57,970.59,323.18,1588.31,,,,,,,,,
2017-12-27,620.43,1052.12,508.09,443.04,957.87,326.41,1574.18,,,,,,,,,
2017-12-28,619.24,1053.74,510.69,443.98,950.5,325.67,1576.73,,,,,,,,,
2017-12-29,618.59,1058.06,512.55,441.0,955.19,325.42,1580.14,,,,,,,,,
2018-01-02,629.74,1074.79,517.75,448.35,978.62,332.87,1615.54,,,,,,,,,
2018-01-03,627.42,1076.95,515.52,446.95,973.94,330.38,1615.02,,,,,,,,,
2018-01-04,628.49,1078.57,523.13,441.32,981.97,334.6,1620.81,,,,,,,,,
2018-01-05,626.15,1076.95,522.76,440.54,978.96,334.85,1618.09,,,,,,,,,
2018-01-08,632.9,1075.33,528.15,440.07,1001.73,333.86,1621.66,,,,,,,,,
2018-01-09,631.18,1072.09,528.52,440.07,997.71,336.59,1616.56,,,,,,,,,
2018-01-10,631.82,1081.81,526.48,438.82,996.7,342.3,1631.7,,,,,,,,,
2018-01-11,635.41,1088.83,527.22,443.04,996.03,341.3,1639.19,,,,,,,,,
2018-01-12,635.55,1095.85,523.69,446.95,988.33,341.55,1647.19,,,,,,,,,
2018-01-15,635.95,1092.07,527.03,451.64,983.31,348.5,1644.64,,,,,,,,,
2018-01-16,626.17,1066.16,522.39,444.76,946.48,343.29,1602.43,,,,,,,,,
2018-01-17,622.46,1060.22,519.23,442.26,945.14,343.29,1596.3,,,,,,,,,
2018-01-18,623.09,1060.76,519.79,442.88,944.14,343.04,1599.71,,,,,,,,,
2018-01-19,622.0,1065.08,521.28,439.75,937.44,340.81,1611.28,,,,,,,,,
2018-01-22,623.56,1067.78,526.29,440.07,941.8,345.52,1609.24,,,,,,,,,
2018-01-23,621.12,1075.87,526.85,431.31,951.84,343.79,1623.02,,,,,,,,,
2018-01-24,619.24,1067.78,534.28,430.69,942.8,355.21,1616.22,,,,,,,,,
2018-01-25,621.17,1073.71,535.02,430.06,951.51,361.91,1624.04,,,,,,,,,
2018-01-26,620.82,1080.73,532.6,430.53,946.48,361.66,1633.06,,,,,,,,,
2018-01-29,620.21,1075.87,532.98,430.53,953.18,363.4,1627.62,,,,,,,,,
2018-01-30,610.61,1062.38,528.89,418.81,941.8,359.18,1614.85,,,,,,,,,
2018-01-31,607.1,1057.52,531.68,410.21,932.09,359.67,1618.77,,,,,,,,,
2018-02-01,599.9,1049.42,525.55,405.05,928.07,356.94,1601.07,,,,,,,,,
2018-02-02,599.97,1042.94,526.29,406.61,928.74,358.68,1595.45,,,,,,,,,
2018-02-05,603.95,1048.88,526.29,408.18,938.45,355.45,1616.73,,,,,,,,,
2018-02-06,594.24,1037.55,524.8,393.48,942.8,348.5,1602.43,,,,,,,,,
2018-02-07,594.33,1034.85,524.06,395.67,937.11,349.25,1583.71,,,,,,,,,
2018-02-08,588.3,1031.61,522.76,387.38,933.09,343.29,1572.31,,,,,,,,,
2018-02-09,587.38,1026.75,520.16,389.26,926.73,340.31,1572.14,,,,,,,,,
2018-02-12,587.27,1019.19,519.6,391.45,911.33,335.84,1566.18,,,,,,,,,
2018-02-13,584.87,1017.03,520.9,389.26,909.66,334.85,1566.35,,,,,,,,,
2018-02-14,587.97,1029.45,522.76,390.82,910.32,333.11,1587.11,,,,,,,,,
2018-02-22,589.46,1027.83,529.63,390.82,913.67,338.82,1579.63,,,,,,,,,
2018-02-23,598.57,1035.39,534.28,401.77,925.73,344.78,1583.37,,,,,,,,,
2018-02-26,603.06,1032.69,541.52,404.42,904.3,346.77,1567.37,,,,,,,,,
2018-02-27,602.84,1024.05,543.37,402.86,895.93,345.03,1561.25,,,,,,,,,
2018-02-28,603.72,1024.05,543.0,407.39,896.6,347.01,1556.99,,,,,,,,,
2018-03-01,606.61,1045.1,540.4,406.77,891.58,345.03,1577.93,,,,,,,,,
2018-03-02,604.85,1039.17,541.15,404.89,896.26,343.79,1576.22,,,,,,,,,
2018-03-05,603.22,1029.99,537.25,408.18,896.6,337.33,1560.91,,,,,,,,,
2018-03-06,601.93,1029.45,536.13,404.27,896.6,338.57,1570.27,,,,,,,,,
2018-03-07,598.1,1022.43,529.08,402.24,895.93,336.34,1557.16,,,,,,,,,
2018-03-08,594.18,1004.62,525.18,403.64,884.55,336.09,1526.53,,,,,,,,,
2018-03-09,589.32,1004.62,518.3,394.58,900.95,334.6,1528.57,,,,,,,,,
2018-03-12,588.86,988.96,517.0,396.92,908.32,338.82,1512.75,,,,,,,,,
2018-03-13,588.32,992.74,519.6,396.92,912.33,330.63,1511.55,,,,,,,,,
2018-03-14,591.93,1009.47,516.26,399.42,923.38,331.87,1519.89,,,,,,,,,
2018-03-15,590.31,1007.32,518.3,400.52,916.02,333.36,1512.92,,,,,,,,,
2018-03-16,583.8,999.76,514.78,393.32,906.31,337.08,1490.45,,,,,,,,,
2018-03-19,586.63,1008.94,516.26,391.14,933.76,342.55,1490.28,,,,,,,,,
2018-03-20,579.59,1005.7,512.92,382.69,933.09,345.03,1481.6,,,,,,,,,
2018-03-21,577.0,1001.38,513.1,379.25,929.74,345.77,1480.07,,,,,,,,,
2018-03-22,579.76,1000.84,516.26,379.25,943.47,347.51,1489.43,,,,,,,,,
2018-03-23,559.8,989.5,510.13,353.46,910.66,345.52,1450.8,,,,,,,,,
2018-03-26,557.7,978.16,511.25,344.55,903.29,352.97,1448.59,,,,,,,,,
2018-03-27,560.86,990.58,507.16,349.4,898.61,352.72,1465.09,,,,,,,,,
2018-03-28,558.39,986.8,504.19,346.27,899.28,351.48,1453.86,,,,,,,,,
2018-03-29,560.91,995.44,500.74,347.05,901.95,353.96,1478.54,,,,,,,,,
2018-03-30,564.37,995.98,504.86,352.99,910.32,358.18,1482.96,,,,,,,,,
2018-04-02,565.18,1003.54,506.64,351.35,898.61,352.97,1504.92,,,,,,,,,
2018-04-03,561.58,999.86,507.02,346.4,890.1,346.52,1500.43,,,,,,,,,
2018-04-04,558.0,993.58,502.0,343.38,892.1,345.52,1500.26,,,,,,,,,
2018-04-09,563.27,1005.4,499.95,346.74,911.82,340.81,1527.18,,,,,,,,,
2018-04-10,568.15,1011.69,505.16,350.68,911.06,349.25,1534.29,,,,,,,,,
2018-04-11,565.41,1011.15,507.76,347.65,912.81,349.74,1525.35,,,,,,,,,
2018-04-12,566.0,1008.97,509.06,347.65,927.59,352.72,1524.17,,,,,,,,,
2018-04-13,565.27,1007.89,507.02,348.4,934.97,351.73,1519.11,,,,,,,,,
2018-04-16,557.17,995.93,507.39,337.2,933.57,346.27,1507.98,,,,,,,,,
2018-04-17,558.16,997.56,511.3,335.84,940.95,350.49,1507.47,,,,,,,,,
2018-04-18,564.71,1001.36,514.64,338.86,955.73,353.22,1510.17,,,,,,,,,
2018-04-19,575.38,1010.06,522.08,356.73,953.27,355.21,1522.15,,,,,,,,,
2018-04-20,566.61,992.67,518.55,349.92,929.7,351.48,1484.88,,,,,,,,,
2018-04-23,569.72,999.73,521.52,353.7,943.42,350.99,1490.78,,,,,,,,,
2018-04-24,572.11,1003.54,522.27,349.16,957.49,351.23,1493.31,,,,,,,,,
2018-04-25,571.3,1008.43,520.78,351.43,943.07,343.29,1508.32,,,,,,,,,
2018-04-26,566.87,1006.8,518.55,345.83,936.73,345.52,1505.96,,,,,,,,,
2018-04-27,566.72,1008.43,518.92,341.89,943.07,345.52,1513.04,,,,,,,,,
2018-05-02,578.87,1023.65,523.57,349.01,951.86,353.96,1548.96,,,,,,,,,
2018-05-03,580.21,1031.26,522.64,351.43,950.45,353.57,1551.32,,,,,,,,,
2018-05-04,586.61,1037.24,521.9,351.74,970.5,354.66,1565.49,,,,,,,,,
2018-05-07,591.14,1041.05,525.99,356.28,971.91,356.71,1564.47,,,,,,,,,
2018-05-08,590.83,1038.33,527.29,355.37,971.91,356.23,1560.43,,,,,,,,,
2018-05-09,590.47,1036.16,526.73,351.43,975.43,356.23,1555.2,,,,,,,,,
2018-05-10,594.55,1034.52,533.43,353.7,977.89,358.36,1564.31,,,,,,,,,
2018-05-11,597.67,1035.07,538.82,353.7,982.11,360.49,1562.11,,,,,,,,,
2018-05-14,594.53,1026.37,538.82,351.28,974.72,359.07,1549.47,,,,,,,,,
2018-05-15,595.35,1026.37,544.03,346.44,987.39,359.54,1554.86,,,,,,,,,
2018-05-16,599.17,1028.0,543.84,346.89,998.64,360.25,1563.97,,,,,,,,,
2018-05-17,597.12,1019.3,542.54,346.59,999.35,361.2,1557.39,,,,,,,,,
2018-05-18,600.1,1020.39,541.61,356.28,995.13,382.25,1557.05,,,,,,,,,
2018-05-21,605.63,1021.48,544.77,370.36,990.55,387.22,1569.7,,,,,,,,,
2018-05-22,598.91,1015.5,538.64,368.09,980.0,386.74,1569.7,,,,,,,,,
2018-05-23,592.74,1011.69,537.33,359.15,977.54,379.88,1556.04,,,,,,,,,
2018-05-24,591.56,1002.99,537.15,359.0,975.08,379.18,1550.81,,,,,,,,,
2018-05-25,589.94,1002.99,539.38,359.61,958.89,377.28,1538.17,,,,,,,,,
2018-05-28,581.86,997.56,528.96,354.91,961.71,369.0,1528.89,,,,,,,,,
2018-05-29,585.41,1004.62,529.52,361.27,964.52,369.95,1548.79,,,,,,,,,
2018-05-30,580.79,1001.36,528.59,352.95,956.43,368.53,1547.95,,,,,,,,,
2018-05-31,582.91,996.47,530.27,353.4,970.15,371.61,1548.12,,,,,,,,,
2018-06-01,589.64,1010.6,534.17,353.7,981.76,373.73,1566.67,,,,,,,,,
2018-06-04,587.35,1010.06,534.17,354.16,974.02,377.52,1565.65,,,,,,,,,
2018-06-05,582.86,1008.97,530.08,351.43,963.47,375.39,1567.0,,,,,,,,,
2018-06-06,581.05,1002.99,529.71,351.89,966.28,382.01,1550.14,,,,,,,,,
2018-06-07,589.55,1006.8,530.08,353.85,988.44,386.27,1566.67,,,,,,,,,
2018-06-08,582.55,1010.06,528.22,345.68,985.63,377.52,1569.36,,,,,,,,,
2018-06-11,587.77,1016.58,528.78,345.22,993.01,377.76,1589.1,,,,,,,,,
2018-06-12,588.68,1015.5,531.2,345.22,1001.46,382.96,1581.34,,,,,,,,,
2018-06-13,576.27,1006.8,527.1,328.11,991.96,372.32,1574.26,,,,,,,,,
2018-06-14,575.92,1001.91,531.94,327.36,989.5,372.79,1565.99,,,,,,,,,
2018-06-15,576.94,1001.36,530.45,326.75,996.18,374.21,1566.33,,,,,,,,,
2018-06-19,560.61,983.42,517.43,308.58,975.78,362.14,1538.34,,,,,,,,,
2018-06-20,564.29,989.95,517.99,313.43,981.41,364.98,1539.68,,,,,,,,,
2018-06-21,561.67,981.25,518.36,313.12,964.87,362.62,1528.05,,,,,,,,,
2018-06-22,562.21,972.55,520.78,317.36,962.76,358.6,1514.39,,,,,,,,,
2018-06-25,563.44,976.36,522.64,317.06,965.23,364.27,1519.78,,,,,,,,,
2018-06-26,566.18,986.14,524.31,317.52,960.3,364.27,1527.54,,,,,,,,,
2018-06-27,570.53,993.75,541.05,317.67,968.39,371.61,1530.75,,,,,,,,,
2018-06-28,572.46,990.49,539.38,316.61,983.87,374.44,1534.29,,,,,,,,,
2018-06-29,581.8,1007.34,544.03,320.24,998.64,378.7,1566.33,,,,,,,,,
2018-07-02,576.89,1001.91,543.1,316.3,993.37,376.57,1558.57,,,,,,,,,
2018-07-03,580.23,1005.71,547.38,319.03,997.59,381.07,1556.72,,,,,,,,,
2018-07-04,583.74,1008.43,546.45,315.24,1012.71,379.88,1561.44,,,,,,,,,
2018-07-05,581.37,995.93,545.33,315.09,1015.53,382.72,1535.13,,,,,,,,,
2018-07-06,584.02,994.3,546.63,312.97,1022.21,384.14,1533.78,,,,,,,,,
2018-07-09,584.66,998.64,549.98,317.82,1016.93,390.29,1540.53,,,,,,,,,
2018-07-10,586.56,1006.26,551.84,312.97,1026.08,392.66,1556.38,,,,,,,,,
2018-07-11,583.02,1004.08,549.61,312.37,1020.8,394.55,1556.04,,,,,,,,,
2018-07-12,586.96,1011.69,548.87,313.58,1026.78,386.51,1570.88,,,,,,,,,
2018-07-13,582.67,1014.95,546.45,312.67,1012.71,384.62,1575.94,,,,,,,,,
2018-07-16,580.97,1013.87,549.24,311.16,1007.44,384.38,1573.58,,,,,,,,,
2018-07-17,578.95,1014.41,545.15,312.97,1006.73,381.07,1575.94,,,,,,,,,
2018-07-18,580.42,1013.32,546.26,315.09,1009.2,380.83,1573.92,,,,,,,,,
2018-07-19,583.82,1008.97,554.45,312.06,1017.99,381.3,1569.03,,,,,,,,,
2018-07-20,587.95,1018.76,559.1,311.46,1029.25,385.8,1581.84,,,,,,,,,
2018-07-23,585.43,1020.93,559.65,307.67,1029.25,384.14,1589.77,,,,,,,,,
2018-07-24,594.95,1026.91,571.74,306.16,1042.26,389.11,1603.09,,,,,,,,,
2018-07-25,598.53,1026.91,571.0,312.52,1028.54,392.18,1599.55,,,,,,,,,
2018-07-26,598.95,1025.28,573.04,311.76,1024.32,388.64,1597.36,,,,,,,,,
2018-07-27,600.46,1024.2,577.14,311.46,1028.54,386.27,1600.73,,,,,,,,,
2018-07-30,614.8,1028.0,591.09,311.91,1045.43,392.66,1619.11,,,,,,,,,
2018-07-31,610.86,1025.83,588.11,313.12,1039.1,391.71,1619.96,,,,,,,,,
2018-08-01,612.04,1027.02,597.22,309.49,1036.63,383.67,1620.63,,,,,,,,,
2018-08-02,627.45,1038.14,616.97,309.7,1061.27,385.33,1642.2,,,,,,,,,
2018-08-03,641.98,1045.03,634.27,307.99,1097.69,393.13,1665.17,,,,,,,,,
2018-08-06,654.26,1052.68,646.27,313.3,1129.4,393.6,1704.47,,,,,,,,,
2018-08-07,651.52,1056.51,644.17,321.8,1140.43,404.49,1715.82,,,,,,,,,
2018-08-08,658.97,1061.43,666.34,321.42,1140.43,402.59,1712.94,,,,,,,,,
2018-08-09,651.15,1061.43,658.49,323.47,1129.78,398.57,1712.6,,,,,,,,,
2018-08-10,657.89,1059.24,671.44,318.33,1114.67,396.92,1706.85,,,,,,,,,
2018-08-13,664.4,1061.43,683.21,320.77,1118.44,403.3,1709.05,,,,,,,,,
2018-08-14,679.09,1069.08,687.72,317.43,1154.51,398.57,1724.11,,,,,,,,,
2018-08-15,677.24,1067.99,691.64,317.69,1146.61,397.63,1722.25,,,,,,,,,
2018-08-16,691.82,1066.35,722.44,305.73,1142.83,386.98,1711.25,,,,,,,,,
2018-08-17,686.55,1053.23,715.96,301.49,1121.88,386.03,1684.34,,,,,,,,,
2018-08-20,706.61,1057.06,741.07,306.37,1156.92,388.64,1693.82,,,,,,,,,
2018-08-21,701.87,1051.04,742.84,325.27,1146.27,386.27,1679.43,,,,,,,,,
2018-08-22,711.62,1057.06,751.27,323.47,1163.44,386.03,1677.23,,,,,,,,,
2018-08-23,699.41,1050.5,745.58,318.2,1136.65,386.27,1653.2,,,,,,,,,
2018-08-24,693.19,1045.03,731.66,320.9,1133.9,394.31,1645.08,,,,,,,,,
2018-08-27,700.34,1048.31,742.25,321.8,1133.21,397.39,1653.88,,,,,,,,,
2018-08-28,719.07,1044.48,777.16,315.63,1132.87,396.68,1650.15,,,,,,,,,
2018-08-29,713.27,1037.93,773.63,317.3,1126.0,398.1,1654.55,,,,,,,,,
2018-08-30,713.9,1040.11,772.26,320.26,1133.21,405.9,1655.06,,,,,,,,,
2018-08-31,704.82,1025.36,770.69,317.82,1120.5,411.34,1647.95,,,,,,,,,
2018-09-03,709.85,1017.16,778.14,308.3,1103.33,410.64,1643.38,,,,,,,,,
2018-09-04,702.62,1020.98,762.45,307.92,1114.32,408.74,1651.17,,,,,,,,,
2018-09-05,703.21,1018.8,758.53,308.82,1127.03,407.09,1657.43,,,,,,,,,
2018-09-06,702.24,1020.44,760.69,310.1,1125.31,416.08,1651.0,,,,,,,,,
2018-09-07,704.21,1020.98,753.62,307.92,1152.79,422.94,1665.05,,,,,,,,,
2018-09-10,707.2,1026.99,761.47,309.59,1165.85,447.54,1685.02,,,,,,,,,
2018-09-11,696.07,1016.06,734.99,306.76,1146.61,431.45,1657.09,,,,,,,,,
2018-09-12,695.87,1019.89,737.93,315.5,1125.66,433.58,1653.03,,,,,,,,,
2018-09-13,690.92,1022.62,733.81,319.36,1112.6,432.87,1653.88,,,,,,,,,
2018-09-14,689.15,1026.99,719.3,317.04,1119.47,432.87,1661.49,,,,,,,,,
2018-09-17,687.73,1028.63,719.1,311.77,1121.19,426.72,1683.49,,,,,,,,,
2018-09-18,684.99,1035.74,707.53,312.03,1116.04,425.06,1700.93,,,,,,,,,
2018-09-19,689.33,1041.75,703.21,312.03,1146.27,432.4,1704.99,,,,,,,,,
2018-09-20,687.11,1045.58,704.78,323.22,1147.3,435.94,1707.36,,,,,,,,,
2018-09-21,687.74,1039.57,707.53,320.52,1147.3,436.65,1701.94,,,,,,,,,
2018-09-25,683.59,1043.39,699.29,321.8,1144.21,439.02,1698.22,,,,,,,,,
2018-09-26,679.0,1032.46,701.06,321.54,1116.38,436.42,1678.25,,,,,,,,,
2018-09-27,675.14,1035.19,704.78,315.89,1116.04,440.44,1687.39,,,,,,,,,
2018-09-28,681.92,1038.47,710.86,317.82,1108.83,439.02,1689.76,,,,,,,,,
2018-10-08,687.88,1061.98,716.36,317.04,1142.15,445.88,1757.79,,,,,,,,,
2018-10-09,711.3,1074.0,735.97,327.84,1175.47,455.1,1791.47,,,,,,,,,
2018-10-10,708.44,1057.06,741.46,323.6,1184.4,450.14,1793.0,,,,,,,,,
2018-10-11,699.15,1042.3,730.09,312.67,1164.13,440.68,1767.1,,,,,,,,,
2018-10-12,709.06,1045.58,727.73,316.4,1199.51,445.17,1764.73,,,,,,,,,
2018-10-15,702.72,1040.66,726.36,313.83,1190.58,442.1,1738.5,,,,,,,,,
2018-10-16,688.38,1027.54,714.79,311.26,1156.57,435.0,1717.68,,,,,,,,,
2018-10-17,686.62,1025.9,709.69,315.5,1163.44,441.15,1720.56,,,,,,,,,
2018-10-18,685.61,1029.18,688.89,308.3,1162.76,431.69,1729.36,,,,,,,,,
2018-10-19,679.51,1029.73,685.36,308.94,1150.73,430.74,1711.25,,,,,,,,,
2018-10-22,681.3,1032.46,681.05,310.1,1144.21,432.87,1697.37,,,,,,,,,
2018-10-23,673.49,1030.82,682.62,306.89,1142.83,428.61,1697.54,,,,,,,,,
2018-10-24,675.94,1034.65,679.48,307.14,1155.89,418.91,1692.63,,,,,,,,,
2018-10-25,663.34,1020.44,663.98,303.03,1118.44,412.05,1660.65,,,,,,,,,
2018-10-26,663.41,1014.97,664.18,304.32,1107.45,410.4,1678.08,,,,,,,,,
2018-10-29,654.92,1001.85,680.46,291.59,1055.24,408.03,1651.68,,,,,,,,,
2018-10-30,648.67,995.29,682.42,291.84,1037.38,407.32,1651.85,,,,,,,,,
2018-10-31,652.13,989.83,683.6,288.76,1036.69,408.98,1673.51,,,,,,,,,
2018-11-01,641.62,979.99,673.99,289.66,1004.06,400.7,1648.8,,,,,,,,,
2018-11-02,641.13,996.39,662.61,292.36,1013.33,392.33,1671.82,,,,,,,,,
2018-11-05,636.42,997.48,664.96,286.06,1026.39,394.7,1668.26,,,,,,,,,
2018-11-06,638.35,993.11,658.69,288.89,994.44,394.28,1667.75,,,,,,,,,
2018-11-07,632.38,991.47,644.37,291.07,973.14,394.18,1660.82,,,,,,,,,
2018-11-08,633.05,992.01,646.52,291.33,982.42,399.85,1665.55,,,,,,,,,
2018-11-09,625.15,979.44,636.52,290.56,974.52,393.0,1625.1,,,,,,,,,
2018-11-12,622.45,968.51,645.54,286.96,960.43,385.21,1603.27,,,,,,,,,
2018-11-13,619.03,979.44,642.01,288.63,959.4,380.25,1604.79,,,,,,,,,
2018-11-14,613.51,987.1,626.32,290.17,932.61,363.01,1594.13,,,,,,,,,
2018-11-15,612.63,990.38,631.81,287.47,940.85,368.67,1597.35,,,,,,,,,
2018-11-16,622.28,986.55,644.17,288.63,952.53,371.04,1597.86,,,,,,,,,
2018-11-19,613.43,987.1,644.76,285.8,935.01,367.26,1581.61,,,,,,,,,
2018-11-20,604.7,975.08,631.62,279.89,919.56,363.95,1551.14,,,,,,,,,
2018-11-21,592.9,976.18,613.18,279.12,879.37,347.89,1500.2,,,,,,,,,
2018-11-22,589.79,959.84,604.55,277.32,877.31,341.28,1503.25,,,,,,,,,
2018-11-23,574.03,935.84,589.84,275.9,849.83,328.29,1436.23,,,,,,,,,
2018-11-26,568.49,926.76,583.17,281.3,822.34,319.55,1430.98,,,,,,,,,
2018-11-27,563.15,924.49,574.93,276.8,820.28,319.08,1431.32,,,,,,,,,
2018-11-28,575.92,940.94,591.21,279.5,842.27,333.25,1486.32,1000.0,,,,,,,,
2018-11-29,567.68,938.11,587.87,279.5,829.21,331.59,1467.03,1000.77,,,,,,,,
2018-11-30,568.48,946.05,591.41,280.66,802.77,331.59,1486.66,993.06,,,,,,,,
2018-12-03,570.05,948.32,600.62,279.89,792.8,343.88,1520.17,960.26,,,,,,,,
2018-12-04,582.77,955.69,611.16,280.61,847.58,343.64,1556.03,975.69,,,,,,,,
2018-12-05,591.21,959.66,632.48,282.16,855.28,338.92,1565.36,991.51,,,,,,,,
2018-12-06,582.78,957.96,627.25,281.65,841.87,328.29,1532.26,989.97,,,,,,,,
2018-12-07,591.62,964.2,647.11,282.58,853.12,328.29,1544.1,991.13,,,,,,,,
2018-12-10,582.93,961.93,630.86,281.83,841.07,329.71,1524.01,996.53,,,,,,,,
2018-12-11,569.79,947.75,622.63,279.95,812.62,319.79,1486.52,982.64,,,,,,,,
2018-12-12,574.84,950.02,626.13,282.58,814.3,324.27,1487.59,991.13,1000.0,,,,,,,
2018-12-13,576.0,961.93,626.13,285.6,823.0,325.69,1511.63,988.81,1008.48,,,,,,,
2018-12-14,581.02,965.9,638.06,283.84,834.38,329.71,1525.62,989.97,1011.18,,,,,,,
2018-12-17,581.77,972.7,641.35,284.97,838.06,329.94,1539.08,989.97,1013.35,,,,,,,
2018-12-18,579.48,978.94,639.29,287.11,827.01,323.56,1540.15,988.81,1014.97,,,,,,,
2018-12-19,575.84,986.32,634.97,284.09,830.03,318.13,1548.94,976.47,1013.71,,,,,,,
2018-12-20,575.07,977.81,629.83,288.74,832.37,321.91,1527.77,977.24,1005.77,,,,,,,
2018-12-21,571.94,976.11,618.93,284.59,819.99,324.75,1514.68,973.77,977.27,,,,,,,
2018-12-24,564.5,963.63,607.82,285.22,808.27,321.91,1504.81,961.03,961.76,,,,,,,
2018-12-25,549.59,957.39,591.37,277.68,775.47,304.67,1491.18,964.51,933.26,,,,,,,
2018-12-26,550.68,962.49,592.81,277.43,785.18,303.73,1513.78,952.55,929.29,,,,,,,
2018-12-27,556.58,972.14,592.6,282.84,797.23,311.76,1531.9,955.25,926.23,,,,,,,
2018-12-28,555.04,975.54,580.05,284.09,799.24,310.81,1543.38,973.77,926.05,,,,,,,
2019-01-02,551.33,963.06,574.7,283.71,801.91,304.43,1519.52,980.32,911.08,,,,,,,
2019-01-03,557.28,961.93,582.93,287.74,816.3,310.57,1526.7,980.32,924.78,,,,,,,
2019-01-04,569.14,980.64,600.0,297.66,830.36,323.09,1561.86,991.51,929.29,,,,,,,
2019-01-07,567.7,981.78,600.83,293.39,828.35,327.11,1568.85,997.3,925.87,,,,,,,
2019-01-08,567.22,974.97,605.15,293.39,822.66,325.22,1545.89,994.98,916.31,,,,,,,
2019-01-09,574.42,971.57,616.05,296.15,831.37,332.07,1555.4,1023.15,923.88,,,,,,,
2019-01-10,573.49,968.17,617.28,292.51,833.37,333.96,1546.43,1016.98,918.47,,,,,,,
2019-01-11,575.54,976.67,619.13,292.51,837.72,336.79,1565.09,1027.01,922.98,,,,,,,
2019-01-14,574.3,973.27,620.16,289.12,836.72,331.12,1539.97,1021.22,927.67,,,,,,,
2019-01-15,578.5,972.7,629.21,289.12,839.73,334.43,1548.94,1011.19,941.74,,,,,,,
2019-01-16,580.87,981.78,626.95,292.51,843.41,340.1,1574.23,1025.85,942.64,,,,,,,
2019-01-17,577.52,984.61,624.07,290.88,830.36,338.92,1572.26,1025.46,930.56,,,,,,,
2019-01-18,587.21,995.96,640.94,293.01,831.7,351.67,1590.38,1037.81,930.01,,,,,,,
2019-01-21,600.62,997.09,660.89,297.66,857.47,364.19,1594.5,1050.93,951.12,,,,,,,
2019-01-22,593.75,986.32,660.27,291.0,837.06,358.52,1573.52,1047.45,951.84,,,,,,,
2019-01-23,593.02,989.72,655.75,291.88,834.04,359.7,1582.13,1049.77,947.69,,,,,,,
2019-01-24,590.56,985.18,656.16,291.76,831.03,361.59,1572.26,1040.51,946.07,,,,,,,
2019-01-25,594.31,986.88,665.42,291.76,837.06,371.04,1565.98,1043.6,944.08,,,,,,,
2019-01-28,586.4,982.91,653.48,290.37,819.65,366.55,1567.6,1027.39,934.34,,,,,,,
2019-01-29,577.47,976.67,657.19,287.99,815.97,368.2,1548.04,1026.23,930.19,,,,,,,
2019-01-30,581.18,990.85,661.92,285.85,829.02,370.56,1583.02,1025.46,939.21,,,,,,,
2019-01-31,589.12,996.53,680.02,284.72,843.75,375.05,1589.84,1046.68,952.2,,,,,,,
2019-02-01,589.18,995.96,682.49,286.98,848.1,386.39,1595.58,1055.94,959.96,,,,,,,
2019-02-11,584.65,973.84,680.02,284.09,847.43,387.57,1570.83,1043.98,942.1,,,,,,,
2019-02-12,593.99,974.97,685.98,291.88,855.13,389.22,1567.78,1062.11,944.08,,,,,,,
2019-02-13,583.34,963.06,662.12,293.39,847.77,376.94,1545.89,1052.85,931.1,,,,,,,
2019-02-14,588.96,971.57,661.3,296.15,862.83,381.19,1555.76,1044.37,932.54,,,,,,,
2019-02-15,581.82,964.76,657.39,292.51,830.03,371.98,1544.1,1040.51,925.51,,,,,,,
2019-02-18,582.53,968.17,667.06,296.91,819.65,379.3,1550.38,1049.0,908.91,,,,,,,
2019-02-19,588.37,986.32,665.83,310.98,828.35,376.94,1582.49,1064.04,913.42,,,,,,,
2019-02-20,588.02,990.29,663.36,313.12,831.37,378.12,1584.28,1060.19,911.62,,,,,,,
2019-02-21,589.45,985.75,666.44,309.72,842.75,387.33,1580.15,1082.95,924.06,,,,,,,
2019-02-22,591.2,987.45,664.39,314.5,848.1,388.75,1575.67,1093.75,927.49,,,,,,,
2019-02-25,588.53,979.51,664.59,312.74,842.75,379.78,1558.99,1082.56,926.23,,,,,,,
2019-02-26,590.3,985.75,658.83,311.61,854.46,379.07,1576.21,1077.16,930.38,,,,,,,
2019-02-27,586.13,977.24,651.84,311.73,844.08,382.85,1557.01,1073.69,929.47,,,,,,,
2019-02-28,587.39,973.27,651.43,314.12,846.09,384.74,1552.89,1070.22,933.44,,,,,,,
2019-03-01,606.82,990.29,677.76,320.91,884.58,405.75,1587.33,1079.48,954.18,,,,,,,
2019-03-04,610.28,992.55,680.02,314.0,890.94,401.27,1602.93,1070.99,965.19,,,,,,,
2019-03-05,609.3,989.15,682.49,313.24,888.26,398.91,1595.58,1072.53,961.94,,,,,,,
2019-03-06,616.37,996.53,695.24,312.74,889.6,398.2,1601.32,1071.76,979.8,,,,,,,
2019-03-07,607.6,988.02,691.54,306.96,864.83,388.75,1579.97,1055.17,962.48,,,,,,,
2019-03-08,599.3,981.21,679.2,303.94,862.83,385.21,1565.62,1043.21,955.63,,,,,,,
2019-03-11,598.98,981.78,678.58,304.7,862.83,389.69,1577.64,1047.84,950.04,,,,,,,
2019-03-12,604.54,984.61,678.79,305.7,878.89,397.72,1584.64,1047.07,950.58,,,,,,,
2019-03-13,599.78,984.61,669.94,301.68,876.21,401.27,1585.18,1043.98,945.35,,,,,,,
2019-03-14,597.82,977.24,668.5,302.31,865.17,400.09,1567.6,1038.58,941.74,,,,,,,
2019-03-15,588.53,964.76,661.3,297.79,843.75,401.03,1548.58,1045.14,926.59,,,,,,,
2019-03-18,581.85,944.34,647.52,299.42,824.0,400.8,1516.12,1047.45,924.78,,,,,,,
2019-03-19,583.28,949.45,648.96,301.18,819.99,404.81,1525.98,1050.54,921.18,,,,,,,
2019-03-20,585.65,948.32,651.43,300.3,834.04,399.38,1526.88,1026.62,928.39,,,,,,,
2019-03-21,584.02,953.42,653.28,300.05,834.04,395.84,1539.26,1028.16,930.19,,,,,,,
2019-03-22,584.57,956.26,654.31,298.54,835.05,398.67,1543.92,1029.32,924.6,,,,,,,
2019-03-25,577.27,955.69,656.57,288.99,831.7,391.58,1548.94,1024.69,922.26,,,,,,,
2019-03-26,575.46,951.15,655.54,289.17,827.35,391.11,1543.02,1026.23,913.24,,,,,,,
2019-03-27,572.27,953.42,652.05,285.01,816.97,399.14,1543.2,1026.23,898.81,,,,,,,
2019-03-28,567.15,942.64,655.13,280.95,798.9,398.43,1528.85,1009.65,868.33,,,,,,,
2019-03-29,572.88,948.88,668.91,283.14,797.9,404.57,1543.38,1026.62,873.38,,,,,,,
2019-04-01,579.85,959.09,672.82,286.81,817.31,405.75,1568.31,1031.25,879.33,,,,,,,
2019-04-02,578.51,961.95,662.5,285.96,816.33,412.84,1569.74,1029.71,873.56,,,,,,,
2019-04-03,581.22,965.84,660.63,288.16,819.11,416.62,1582.86,1047.45,875.36,,,,,,,
2019-04-04,585.15,967.57,673.49,288.77,822.42,414.49,1584.26,1044.37,883.48,,,,,,,
2019-04-08,592.83,982.4,684.66,289.75,844.23,416.62,1629.72,1051.31,876.08,,,,,,,
2019-04-09,589.93,979.52,689.51,286.45,837.69,410.71,1620.47,1046.3,878.97,,,,,,,
2019-04-10,592.37,982.4,688.4,292.69,839.65,410.71,1624.35,1047.45,878.61,,,,,,,
2019-04-11,593.28,984.12,694.79,291.59,836.05,410.01,1629.16,1053.24,870.67,,,,,,,
2019-04-12,595.89,983.55,700.08,292.08,827.87,406.94,1630.46,1048.23,870.85,,,,,,,
2019-04-15,590.11,978.37,697.66,289.88,817.08,405.05,1614.92,1045.52,860.75,,,,,,,
2019-04-16,586.65,976.07,698.54,286.08,808.57,407.17,1611.77,1040.9,849.03,,,,,,,
2019-04-17,585.86,974.91,693.69,285.1,810.2,410.01,1612.14,1033.18,848.48,,,,,,,
2019-04-18,569.66,958.8,661.31,279.1,790.24,403.87,1595.31,1034.34,849.03,,,,,,,
2019-04-19,571.26,958.8,661.53,280.82,798.1,412.13,1599.93,1042.05,853.17,,,,,,,
2019-04-22,576.93,954.77,667.26,281.06,803.99,421.82,1598.82,1045.14,854.26,,,,,,,
2019-04-23,577.5,956.5,669.9,282.53,804.64,424.18,1607.52,1032.02,853.72,,,,,,,
2019-04-24,573.98,951.32,667.04,280.94,799.73,421.58,1604.19,1035.49,843.98,,,,,,,
2019-04-25,575.24,954.77,663.29,281.43,804.64,432.21,1595.12,1033.18,834.6,,,,,,,
2019-04-26,567.51,954.2,656.24,275.92,782.39,428.9,1586.8,1020.45,820.53,,,,,,,
2019-04-29,567.74,953.62,656.68,275.55,787.95,422.52,1591.79,1021.99,837.66,,,,,,,
2019-04-30,574.34,955.92,659.55,286.45,784.68,426.07,1606.04,1011.57,832.79,,,,,,,
2019-05-06,568.47,947.87,643.91,285.59,791.22,418.04,1591.24,989.58,827.38,,,,,,,
2019-05-07,574.18,951.32,648.09,290.49,801.37,420.92,1600.3,992.44,826.65,,,,,,,
2019-05-08,572.36,939.81,647.87,290.0,805.95,417.62,1572.56,991.67,831.12,,,,,,,
2019-05-09,569.6,920.82,648.09,288.65,801.37,415.06,1554.61,982.84,825.22,,,,,,,
2019-05-10,571.74,924.85,648.75,288.28,803.33,417.95,1562.75,987.49,827.9,,,,,,,
2019-05-13,564.57,904.13,635.76,291.47,791.88,419.86,1543.14,997.21,804.03,,,,,,,
2019-05-14,550.48,885.71,612.4,282.53,776.83,405.81,1505.22,972.33,778.59,,,,,,,
2019-05-15,553.77,890.31,614.39,287.55,784.35,409.38,1520.95,971.16,781.75,,,,,,,
2019-05-16,562.68,897.8,619.67,299.91,799.08,414.62,1536.11,971.16,786.66,,,,,,,
2019-05-17,558.91,902.98,613.07,298.81,800.71,409.86,1536.11,959.5,772.8,,,,,,,
2019-05-20,562.54,913.91,614.83,294.89,820.67,414.86,1550.54,960.28,775.61,,,,,,,
2019-05-21,566.59,926.0,615.49,302.97,829.51,412.72,1568.3,964.94,780.34,,,,,,,
2019-05-22,560.74,909.88,608.88,291.47,830.49,408.91,1554.24,947.45,773.32,,,,,,,
2019-05-23,547.3,898.95,590.82,286.94,806.6,390.34,1528.71,948.61,772.62,,,,,,,
2019-05-24,543.94,893.19,584.43,290.12,793.84,380.11,1521.87,949.0,793.86,,,,,,,
2019-05-27,546.06,893.77,598.75,290.36,799.41,373.68,1515.58,952.11,790.17,,,,,,,
2019-05-28,549.64,908.16,600.07,292.69,800.06,378.68,1531.86,952.5,782.27,,,,,,,
2019-05-29,554.3,909.31,600.51,298.81,816.09,378.44,1545.36,959.11,787.71,,,,,,,
2019-05-30,549.31,897.22,594.56,294.53,798.1,382.25,1525.75,945.89,787.01,,,,,,,
2019-05-31,546.2,896.65,589.49,299.91,786.97,367.97,1519.65,941.62,788.24,,,,,,,
2019-06-03,532.56,882.26,571.65,291.34,754.58,354.4,1490.42,910.13,774.73,,,,,,,
2019-06-04,532.7,879.96,571.21,291.59,760.14,356.55,1483.95,914.01,779.99,,,,,,,
2019-06-05,528.97,864.42,568.35,296.85,749.67,356.07,1466.0,902.74,762.09,,,,,,,
2019-06-06,530.58,873.05,567.69,299.55,750.65,345.84,1483.21,891.08,766.66,,,,,,,
2019-06-10,536.18,870.75,585.97,300.89,758.83,353.93,1486.91,894.96,769.81,,,,,,,
2019-06-11,540.55,875.35,583.11,305.3,763.08,363.92,1491.35,905.07,773.5,,,,,,,
2019-06-12,530.67,864.42,568.13,298.44,751.3,358.93,1470.81,888.74,769.29,,,,,,,
2019-06-13,536.9,873.05,575.4,300.16,771.59,357.74,1488.2,892.24,772.62,,,,,,,
2019-06-14,530.19,866.14,576.5,293.06,765.37,350.6,1479.88,887.96,766.83,,,,,,,
2019-06-17,530.92,864.42,585.75,287.92,766.03,348.45,1482.65,888.35,766.83,,,,,,,
2019-06-18,535.08,870.17,596.54,290.36,770.94,343.22,1490.61,886.8,775.08,,,,,,,
2019-06-19,542.65,879.96,613.95,287.43,774.21,349.41,1513.55,887.19,782.45,,,,,,,
2019-06-20,546.41,894.92,618.79,288.04,786.32,360.35,1541.66,881.74,787.36,,,,,,,
2019-06-21,542.08,890.89,609.76,287.3,779.12,359.16,1538.15,879.41,778.59,,,,,,,
2019-06-24,547.59,901.82,626.72,284.0,786.64,367.26,1550.54,886.41,801.4,,,,,,,
2019-06-25,545.64,902.98,623.42,284.98,773.55,362.26,1544.81,891.08,795.08,,,,,,,
2019-06-26,554.21,912.18,647.21,284.37,776.5,369.64,1566.08,886.02,797.01,,,,,,,
2019-06-27,552.5,902.98,649.63,283.75,760.14,370.35,1548.88,882.91,788.06,,,,,,,
2019-06-28,548.22,901.25,652.06,278.0,743.45,371.54,1551.47,904.29,773.5,,,,,,,
2019-07-01,564.86,909.88,692.81,279.35,753.27,391.3,1580.33,915.96,779.47,,,,,,,
2019-07-02,577.09,928.3,710.21,277.27,767.66,391.06,1631.01,920.23,789.99,,,,,,,
2019-07-03,564.22,924.85,695.89,273.23,763.74,384.63,1637.67,917.9,778.59,,,,,,,
2019-07-04,555.08,923.69,668.36,275.68,757.85,384.63,1612.14,934.62,785.61,,,,,,,
2019-07-05,551.79,930.02,648.75,276.9,759.81,386.54,1623.24,931.12,787.54,,,,,,,
2019-07-08,551.78,933.48,654.26,269.8,760.14,395.58,1641.19,914.01,778.24,,,,,,,
2019-07-09,542.81,921.39,646.33,260.37,739.85,394.87,1628.61,881.36,744.37,,,,,,,
2019-07-10,555.0,919.67,674.09,262.82,745.41,393.2,1642.3,884.08,748.41,,,,,,,
2019-07-11,554.76,911.03,679.15,262.82,738.87,401.77,1624.35,887.58,751.21,,,,,,,
2019-07-12,544.7,893.77,656.68,259.76,731.02,398.44,1600.86,884.47,749.99,,,,,,,
2019-07-15,545.25,903.55,651.84,260.62,729.38,397.72,1636.38,887.19,753.85,,,,,,,
2019-07-16,539.93,894.34,648.75,256.7,710.73,397.96,1625.83,889.13,750.69,,,,,,,
2019-07-17,540.06,896.65,649.19,258.66,713.35,393.44,1610.48,883.69,765.08,,,,,,,
2019-07-18,542.68,898.95,664.83,260.99,706.47,389.87,1593.46,879.02,766.83,,,,,,,
2019-07-19,537.75,900.1,645.67,262.33,714.98,391.53,1594.2,886.02,789.12,,,,,,,
2019-07-22,535.8,888.59,616.37,262.33,706.47,398.91,1593.46,890.3,787.19,,,,,,,
2019-07-23,532.63,891.47,606.24,261.84,687.82,398.44,1607.33,897.68,770.87,,,,,,,
2019-07-24,530.37,880.53,595.44,261.6,689.79,402.96,1594.94,884.08,777.18,,,,,,,
2019-07-25,529.9,870.75,587.51,265.88,681.93,397.48,1588.65,886.41,779.99,,,,,,,
2019-07-26,530.88,878.8,593.24,263.56,669.5,402.96,1600.49,882.91,783.33,,,,,,,
2019-07-29,529.08,881.11,580.68,261.6,674.08,401.29,1606.59,887.58,800.35,,,,,,,
2019-07-30,531.32,889.16,590.82,260.37,680.95,398.2,1609.37,883.3,793.68,,,,,,,
2019-07-31,531.47,878.8,595.66,262.94,691.75,402.01,1589.76,888.35,788.77,,,,,,,
2019-08-01,531.45,887.44,592.14,258.66,691.42,394.15,1596.23,877.86,779.99,,,,,,,
2019-08-02,523.77,875.67,579.4,253.08,696.37,378.2,1580.89,869.18,774.13,,,,,,,
2019-08-05,516.16,863.19,571.47,252.06,675.89,370.59,1552.53,864.1,755.34,,,,,,,
2019-08-06,520.58,860.18,572.33,259.93,682.44,369.4,1565.0,875.76,764.34,,,,,,,
2019-08-07,522.19,862.73,571.08,258.65,691.27,370.83,1560.92,875.0,763.92,,,,,,,
2019-08-08,524.38,865.05,573.98,260.45,699.02,366.3,1560.33,882.6,767.43,,,,,,,
2019-08-09,525.63,877.82,573.76,261.58,702.43,368.68,1581.26,887.17,779.19,,,,,,,
2019-08-12,526.19,880.15,574.43,258.54,699.95,374.4,1582.22,899.72,783.76,1000.0,,,,,,
2019-08-13,525.35,880.73,573.98,255.62,705.22,372.97,1578.74,899.34,782.18,1029.72,,,,,,
2019-08-14,530.76,872.6,584.67,259.33,698.4,376.54,1585.32,900.48,781.83,1009.32,,,,,,
2019-08-15,523.79,871.44,576.43,255.95,692.82,365.59,1574.67,886.79,792.0,1012.82,,,,,,
2019-08-16,522.69,862.73,577.77,255.95,680.41,367.02,1575.64,890.21,799.9,1013.4,,,,,,
2019-08-19,528.31,865.63,582.67,261.8,685.69,374.16,1574.48,901.25,799.02,1014.57,,,,,,
2019-08-20,529.22,866.79,584.23,260.23,680.41,375.11,1586.29,884.13,800.95,1014.57,,,,,,
2019-08-21,523.28,859.25,574.43,256.29,662.12,386.06,1572.15,887.17,801.66,1001.17,,,,,,
2019-08-22,519.2,849.96,566.41,257.3,665.22,381.54,1553.94,878.8,798.67,1004.08,,,,,,
2019-08-23,518.68,843.57,572.87,256.18,670.8,380.59,1531.28,888.31,797.62,1002.33,,,,,,
2019-08-26,516.67,847.05,567.3,258.77,664.29,375.11,1532.05,910.38,811.13,1011.66,,,,,,
2019-08-27,514.74,838.93,568.86,259.55,656.53,369.64,1524.11,908.85,802.71,1012.82,,,,,,
2019-08-28,516.64,834.86,572.42,262.82,671.11,374.4,1517.33,907.71,809.9,1019.81,,,,,,
2019-08-29,512.23,819.19,565.07,261.92,664.91,361.78,1508.42,904.67,804.29,1040.79,,,,,,
2019-08-30,516.06,828.47,568.19,265.85,663.67,367.73,1537.86,894.02,803.06,1042.54,,,,,,
2019-09-02,520.33,834.28,567.52,264.39,685.07,367.73,1549.1,897.06,810.78,1046.62,,,,,,
2019-09-03,520.42,832.54,569.75,268.55,685.07,362.02,1545.42,902.01,804.11,1043.71,,,,,,
2019-09-04,524.83,842.41,571.53,272.49,689.41,363.45,1564.02,903.91,804.99,1056.53,,,,,,
2019-09-05,527.22,840.67,576.43,271.37,677.0,368.68,1564.6,898.96,813.76,1055.94,,,,,,
2019-09-06,525.52,835.44,577.54,268.44,683.21,369.16,1562.47,898.96,820.78,1060.61,,,,,,
2019-09-09,533.83,853.44,582.89,271.59,700.88,374.4,1584.74,907.71,836.58,1062.35,,,,,,
2019-09-10,530.26,846.47,577.99,271.25,696.85,372.97,1570.6,899.34,832.89,1055.36,,,,,,
2019-09-11,527.75,848.79,570.42,270.02,696.23,367.97,1573.7,895.92,838.86,1058.86,,,,,,
2019-09-12,525.16,846.47,567.74,268.1,697.16,362.5,1565.37,892.88,834.3,1057.69,,,,,,
2019-09-16,541.65,885.95,586.9,270.8,727.86,383.2,1618.06,905.05,876.24,1043.12,,,,,,
2019-09-17,550.55,909.17,599.82,271.37,741.2,393.2,1632.98,917.6,933.98,1037.88,,,,,,
2019-09-18,537.26,891.18,583.34,267.88,715.15,378.2,1607.6,913.04,892.04,1040.21,,,,,,
2019-09-19,531.65,892.92,570.64,265.85,712.98,373.92,1587.26,911.9,888.35,1036.13,,,,,,
2019-09-20,533.59,887.11,572.64,267.09,718.25,378.68,1592.49,905.43,879.05,1025.64,,,,,,
2019-09-23,538.6,885.95,576.43,270.02,737.17,380.59,1600.24,909.23,890.1,1027.39,,,,,,
2019-09-24,537.5,885.37,571.98,266.3,737.79,380.82,1602.76,904.29,891.51,1032.63,,,,,,
2019-09-25,537.33,879.57,572.87,264.28,745.54,382.01,1601.79,903.15,907.83,1023.31,,,,,,
2019-09-26,534.37,874.34,572.2,262.03,737.17,382.25,1596.17,901.25,874.31,1024.48,,,,,,
2019-09-27,526.71,867.37,567.52,257.08,726.0,376.3,1578.16,879.18,872.2,1019.23,,,,,,
2019-09-30,531.81,874.92,569.75,258.09,746.16,378.2,1585.13,884.89,874.49,1022.73,,,,,,
2019-10-08,528.26,860.41,569.75,257.19,743.68,376.06,1572.93,886.03,873.78,1021.56,1000.0,,,,,
2019-10-09,532.98,858.08,576.43,259.22,743.37,374.87,1574.86,894.4,873.08,1030.89,997.99,,,,,
2019-10-10,528.59,857.5,573.76,261.47,733.14,365.11,1573.12,891.35,844.83,1024.48,984.31,,,,,
2019-10-11,527.8,862.73,568.19,261.35,721.04,366.78,1581.06,891.73,837.63,1020.98,982.18,,,,,
2019-10-14,526.43,873.18,570.19,263.15,709.88,360.59,1600.43,882.22,822.36,1013.4,975.15,,,,,
2019-10-15,521.46,865.05,558.39,259.44,705.22,352.26,1587.26,883.75,817.1,1012.24,959.96,,,,,
2019-10-16,516.6,848.79,557.5,259.44,684.14,350.6,1569.05,876.52,804.46,1008.16,944.53,,,,,
2019-10-17,515.14,847.05,554.38,260.23,681.65,349.88,1564.21,874.23,799.02,999.42,938.5,,,,,
2019-10-18,517.77,852.28,552.6,264.73,682.9,349.64,1571.57,878.04,801.48,998.83,947.04,,,,,
2019-10-21,512.04,842.41,540.35,263.83,666.46,352.98,1555.49,871.57,792.35,990.68,940.51,,,,,
2019-10-22,513.26,842.99,541.68,266.53,667.7,352.5,1558.2,877.66,794.81,980.77,937.37,,,,,
2019-10-23,513.86,849.96,543.47,266.42,658.09,354.17,1561.88,881.08,794.99,978.44,934.61,,,,,
2019-10-24,515.88,852.86,551.04,266.08,661.19,355.83,1571.76,880.7,805.17,980.77,942.39,,,,,
2019-10-25,513.27,848.21,547.25,266.75,644.44,354.4,1566.15,880.7,803.59,979.02,935.74,,,,,
2019-10-28,511.33,848.21,536.56,263.49,646.92,353.45,1555.1,875.0,810.96,981.93,932.48,,,,,
2019-10-29,511.94,844.15,538.79,265.29,650.95,355.59,1544.45,883.75,799.55,982.52,926.58,,,,,
2019-10-30,513.52,844.15,538.57,269.0,652.81,352.02,1544.84,887.55,805.17,984.85,920.68,,,,,
2019-10-31,513.92,846.47,539.23,270.35,651.57,353.69,1538.83,883.75,802.88,982.52,919.3,,,,,
2019-11-01,512.74,842.41,538.34,267.43,645.99,353.93,1542.9,878.42,801.3,983.1,909.64,,,,,
2019-11-04,512.27,846.47,538.12,266.08,647.54,351.07,1550.65,882.6,797.27,980.19,917.67,,,,,
2019-11-05,517.93,842.99,540.35,274.52,658.09,353.6,1553.94,885.65,799.2,991.84,920.06,,,,,
2019-11-06,512.39,840.09,533.67,272.49,643.51,352.93,1551.23,871.57,784.81,980.77,919.93,,,,,
2019-11-07,511.11,842.41,529.43,272.38,635.45,353.94,1547.36,870.43,782.0,972.03,910.89,,,,,
2019-11-08,507.61,836.02,525.42,269.34,622.42,354.43,1546.19,872.71,778.84,957.46,889.43,,,,,
2019-11-11,503.12,831.96,520.97,268.55,607.22,341.33,1532.83,870.05,781.12,953.38,873.87,,,,,
2019-11-12,506.4,833.12,522.31,271.82,609.09,341.57,1553.36,867.77,792.53,959.21,872.36,,,,,
2019-11-13,504.28,829.64,520.97,270.8,607.22,342.54,1541.93,867.77,796.22,960.96,874.0,,,,,
2019-11-14,505.68,822.67,524.09,274.29,603.5,343.27,1540.77,866.63,807.1,952.8,870.98,,,,,
2019-11-15,501.28,821.51,521.64,267.99,606.29,340.11,1522.56,860.54,802.18,959.79,872.11,,,,,
2019-11-18,505.2,823.25,529.88,272.27,609.09,343.03,1526.24,861.68,803.94,935.31,879.02,,,,,
2019-11-19,502.94,822.09,528.54,272.94,596.99,340.6,1521.79,855.21,806.04,934.73,872.74,,,,,
2019-11-20,505.78,824.41,524.98,281.94,591.1,341.57,1527.99,851.79,807.62,932.98,869.73,,,,,
2019-11-21,510.16,833.7,532.11,283.4,601.33,345.21,1538.25,855.97,798.5,932.4,875.25,,,,,
2019-11-22,510.42,832.54,532.11,284.08,603.19,347.15,1541.16,855.97,790.25,946.39,876.76,,,,,
2019-11-25,516.67,838.93,535.45,288.02,622.42,348.36,1556.27,859.78,793.23,967.37,889.31,,,,,
2019-11-26,513.25,837.18,529.88,283.18,613.12,351.03,1548.32,858.26,787.97,964.45,897.34,,,,,
2019-11-27,512.54,834.86,528.54,281.38,611.57,349.58,1552.78,856.73,797.44,974.94,896.21,,,,,
2019-11-28,510.98,838.34,526.32,280.7,603.81,349.58,1553.36,852.93,814.12,974.36,897.59,,,,,
2019-11-29,511.75,848.21,531.44,278.6,605.05,360.01,1563.63,846.08,807.27,976.11,894.2,,,,,
2019-12-02,511.01,851.12,528.77,279.44,597.3,355.88,1573.12,836.19,815.87,967.95,885.54,,,,,
2019-12-03,515.21,846.7,529.39,281.47,611.51,355.88,1579.41,838.53,831.97,967.27,899.47,,,,,
2019-12-04,516.53,843.44,529.42,283.97,614.15,352.49,1569.99,838.08,828.91,980.7,900.6,,,,,
2019-12-05,523.84,841.46,536.96,291.48,623.31,351.52,1568.0,839.96,822.1,992.61,916.42,,,,,
2019-12-06,525.25,847.65,535.72,293.25,621.84,352.24,1573.39,839.07,829.92,987.4,919.55,1000.0,,,,
2019-12-09,526.03,848.23,539.02,291.48,631.07,362.68,1563.36,844.24,842.13,991.38,913.15,1007.05,,,,
2019-12-10,525.78,844.73,533.74,292.14,628.69,368.74,1565.82,842.39,846.87,987.97,925.7,1046.76,,,,
2019-12-11,524.88,836.57,533.96,293.14,621.24,366.8,1545.75,843.87,845.23,986.27,912.15,1056.37,,,,
2019-12-12,528.72,840.65,542.1,292.58,633.15,369.95,1547.18,843.5,858.36,989.11,919.43,1044.2,,,,
2019-12-13,526.09,848.23,540.78,289.71,630.47,368.74,1547.39,843.5,836.66,986.27,919.05,1044.2,,,,
2019-12-16,528.39,849.98,547.82,289.05,632.86,375.29,1556.4,840.91,842.13,982.29,921.94,1045.48,,,,
2019-12-17,530.56,848.23,545.4,292.91,642.39,374.56,1540.84,842.39,853.99,982.29,932.48,1039.72,,,,
2019-12-18,524.92,844.73,544.96,288.17,627.79,373.35,1528.34,837.59,846.69,970.36,924.2,1042.92,,,,
2019-12-19,522.3,847.65,540.34,282.2,633.75,377.47,1538.58,839.8,846.69,981.15,932.98,1041.64,,,,
2019-12-20,523.47,854.64,541.66,282.76,640.0,377.23,1540.02,839.43,840.86,974.34,929.22,1032.03,,,,
2019-12-23,521.25,855.22,537.04,280.77,642.68,374.08,1542.27,849.04,833.57,974.9,922.44,1025.62,,,,
2019-12-24,523.86,851.14,546.5,282.87,638.52,376.02,1534.9,848.67,841.95,965.81,923.57,1027.55,,,,
2019-12-25,523.96,856.97,545.84,283.09,644.47,378.44,1539.4,849.78,830.65,968.65,922.57,1026.91,,,,
2019-12-26,524.51,860.47,546.72,282.87,643.58,376.99,1553.74,850.15,832.47,973.77,924.45,1030.75,,,,
2019-12-27,530.01,859.89,554.65,283.75,654.0,387.42,1559.26,852.0,836.12,972.06,929.72,1030.11,,,,
2019-12-30,533.61,863.39,556.41,286.73,662.04,386.21,1563.36,853.84,846.15,974.34,925.58,1046.12,,,,
2019-12-31,529.06,852.31,547.16,286.18,650.43,386.69,1552.51,850.52,837.03,978.88,913.15,1046.12,,,,
2020-01-02,526.1,852.31,544.52,282.76,654.3,388.39,1549.03,851.63,844.32,974.9,915.04,1041.0,,,,
2020-01-03,530.92,856.97,551.56,282.87,666.51,393.49,1539.61,850.52,848.7,973.77,918.8,1043.56,,,,
2020-01-06,541.89,867.47,561.03,289.16,684.08,410.47,1559.67,843.5,866.57,981.72,927.08,1049.33,,,,
2020-01-07,539.86,862.8,550.9,291.15,679.91,405.62,1544.32,846.45,859.09,989.67,918.42,1042.28,,,,
2020-01-08,545.61,872.13,553.76,291.26,696.29,409.98,1561.93,860.86,873.86,991.38,925.45,1044.2,,,,
2020-01-09,534.37,860.47,540.34,286.29,666.81,393.24,1559.67,861.97,869.48,983.43,916.79,1045.48,,,,
2020-01-10,536.8,868.63,541.22,289.27,669.79,398.58,1576.46,859.39,891.91,987.4,932.23,1062.14,,,,
2020-01-13,547.19,872.71,541.88,295.12,700.46,401.98,1586.5,864.93,897.19,1001.04,946.41,1058.94,,,,
2020-01-14,543.56,865.13,537.48,292.58,706.12,396.4,1568.89,861.97,887.17,997.06,946.41,1058.94,,,,
2020-01-15,540.92,858.72,536.6,291.37,700.16,382.33,1549.23,861.6,878.23,998.76,945.16,1066.62,,,,
2020-01-16,538.68,850.56,539.24,290.38,690.93,384.51,1543.91,863.08,868.21,998.2,937.12,1068.55,,,,
2020-01-17,535.83,851.73,539.46,288.72,680.21,380.39,1538.99,863.08,870.03,991.95,936.12,1074.31,,,,
2020-01-20,535.96,846.48,542.1,284.74,697.18,385.48,1539.81,875.27,862.19,993.65,943.15,1067.91,,,,
2020-01-21,528.28,842.98,535.06,278.67,682.89,383.54,1524.86,856.06,854.71,977.18,932.98,1060.22,,,,
2020-01-22,522.77,837.73,535.06,274.26,671.27,382.33,1501.52,850.15,853.8,974.9,927.96,1051.89,,,,
2020-01-23,516.17,834.24,527.79,266.86,670.38,370.68,1499.68,843.13,852.53,971.49,913.91,1034.59,,,,
2020-02-03,480.57,785.85,491.92,246.1,625.11,340.36,1413.47,810.99,799.29,937.41,864.71,973.09,,,,
2020-02-04,478.93,793.43,480.03,243.78,611.41,345.69,1417.16,823.92,794.91,961.27,861.57,1000.0,,,,
2020-02-05,483.23,796.34,483.99,247.65,621.84,347.39,1412.04,824.29,797.28,966.95,871.61,999.36,,,,
2020-02-06,488.11,798.09,487.52,250.41,628.99,357.82,1417.77,829.83,802.02,970.36,877.38,1008.33,,,,
2020-02-07,489.23,794.01,488.4,250.19,635.54,359.76,1406.31,826.5,803.12,973.2,874.87,1008.33,,,,
2020-02-10,488.2,795.76,487.3,250.52,631.07,357.58,1399.14,824.66,802.39,976.61,874.25,1004.48,,,,
2020-02-11,491.12,795.18,490.16,253.94,629.58,362.19,1404.05,828.72,803.48,986.27,870.73,1011.53,,,,
2020-02-12,490.59,795.18,489.06,252.84,620.94,362.92,1404.26,827.98,804.39,985.7,861.95,1010.89,,,,
2020-02-13,489.59,793.43,489.94,252.39,621.84,362.43,1395.45,829.09,806.58,983.99,863.33,1012.81,,,,
2020-02-14,491.24,795.18,492.8,253.61,624.52,362.68,1403.44,829.09,805.12,986.83,864.21,1010.89,,,,
2020-02-17,495.4,800.42,495.66,258.03,629.28,362.92,1413.88,833.52,815.15,995.92,872.99,1016.02,,,,
2020-02-18,494.2,802.76,491.7,257.03,622.14,360.74,1423.51,834.63,807.68,995.92,870.73,1014.09,,,,
2020-02-19,496.99,811.5,493.46,256.15,631.37,371.89,1443.98,836.85,811.87,997.63,878.51,1016.66,,,,
2020-02-20,501.78,820.25,498.3,258.14,632.86,376.02,1461.59,849.41,818.43,992.52,881.9,1016.02,,,,
2020-02-21,501.88,816.16,501.38,258.8,631.07,374.56,1454.84,850.89,823.36,1018.65,884.04,1011.53,,,,
2020-02-24,495.54,808.59,494.56,251.73,620.05,369.23,1449.31,847.93,812.78,1026.6,881.53,1016.66,,,,
2020-02-25,499.1,810.92,493.24,254.93,634.64,374.56,1449.92,845.35,817.34,1027.74,879.64,1028.19,,,,
2020-02-26,491.58,806.84,484.43,250.08,623.33,358.79,1442.55,839.07,805.49,1016.38,867.34,1012.81,,,,
2020-02-27,485.89,803.34,476.73,248.09,620.35,345.94,1436.0,833.15,800.57,996.49,858.43,1008.97,,,,
2020-02-28,471.85,784.1,467.93,232.96,598.61,331.87,1399.34,824.29,790.54,993.65,840.49,1002.56,,,,
2020-03-02,482.49,801.59,473.43,242.68,609.03,346.91,1429.65,829.83,796.19,1003.88,848.27,1016.66,,,,
2020-03-03,485.58,808.59,478.27,243.45,609.63,352.49,1446.44,831.68,795.64,1009.56,840.99,1006.41,,,,
2020-03-04,486.72,809.17,480.69,244.22,607.24,352.49,1456.68,832.41,793.82,1031.72,848.27,1008.33,,,,
2020-03-05,486.68,809.75,477.61,245.55,607.54,352.0,1465.07,833.89,791.27,1028.31,847.26,996.8,,,,
2020-03-06,481.81,804.51,471.67,240.69,605.16,342.3,1463.03,843.5,781.42,1037.97,842.62,994.88,,,,
2020-03-09,458.58,771.28,448.78,227.22,571.21,318.77,1400.78,830.2,741.86,1000.47,807.48,978.22,,,,
2020-03-10,457.15,787.6,432.49,236.27,569.12,286.99,1430.67,842.02,751.52,1003.88,787.65,985.91,,,,
2020-03-11,451.37,783.52,433.81,232.41,561.98,274.61,1422.69,841.28,739.12,995.36,776.73,987.83,,,,
2020-03-12,444.12,778.27,424.57,230.98,551.85,264.43,1401.39,837.22,729.28,979.45,768.07,975.02,,,,
2020-03-13,444.95,777.11,423.91,232.74,553.04,256.91,1399.34,832.78,729.46,981.15,763.43,972.45,,,,
2020-03-16,435.39,765.45,414.22,227.66,543.51,248.66,1369.04,829.83,710.13,964.11,745.86,964.13,,,,
2020-03-17,432.44,759.62,405.2,228.21,540.83,248.9,1370.06,828.35,699.74,965.25,724.9,951.95,,,,
2020-03-18,420.6,744.46,393.53,220.04,530.41,232.89,1332.59,829.83,674.58,955.02,677.71,939.14,,,,
2020-03-19,409.49,739.21,379.89,213.75,512.84,220.76,1320.1,837.96,654.71,935.13,635.17,923.13,,,,
2020-03-20,417.8,743.88,389.35,216.73,527.43,235.31,1339.76,827.98,668.38,939.68,649.72,928.89,,,,
2020-03-23,404.38,731.05,373.51,206.91,516.71,229.01,1304.95,820.59,633.38,935.7,606.43,914.16,,,,
2020-03-24,403.88,721.14,366.9,209.41,516.41,240.89,1303.11,828.72,612.96,940.25,600.28,912.24,,,,
2020-03-25,403.01,712.4,371.3,212.79,505.39,242.11,1305.56,832.41,603.84,937.98,572.41,909.03,,,,
2020-03-26,395.46,678.58,368.44,211.62,500.03,228.04,1259.7,837.22,598.01,937.98,578.82,894.3,,,,
2020-03-27,387.11,658.71,362.28,208.34,480.67,227.07,1209.94,846.45,576.49,936.84,582.96,885.97,,,,
2020-03-30,371.44,624.65,344.67,203.51,465.19,215.42,1169.4,834.63,535.11,920.93,544.8,857.78,,,,
2020-03-31,381.45,639.6,354.29,207.91,475.31,225.61,1209.83,835.0,569.02,912.98,555.35,874.44,,,,
2020-04-01,373.3,646.33,346.74,203.62,463.1,227.79,1214.33,830.2,567.56,923.2,555.22,878.28,,,,
2020-04-02,389.98,674.2,362.97,209.31,484.94,245.99,1281.66,831.73,611.22,926.09,585.46,887.64,,,,
2020-04-03,391.89,685.81,367.33,207.7,487.93,247.2,1317.34,828.61,607.89,927.53,611.97,876.93,,,,
2020-04-07,405.64,710.2,373.06,211.89,501.0,260.79,1382.52,838.86,614.24,957.0,617.83,883.38,,,,
2020-04-08,404.03,687.56,371.99,216.29,499.7,258.12,1363.15,834.22,611.47,942.68,621.2,892.43,,,,
2020-04-09,412.81,702.07,381.12,216.93,520.27,264.18,1404.17,830.98,622.53,943.27,661.04,895.45,,,,
2020-04-10,417.9,727.04,379.42,217.79,526.75,262.0,1454.36,829.9,628.05,945.67,651.43,889.42,,,,
2020-04-13,418.35,735.17,370.51,213.5,517.74,261.51,1503.09,826.66,605.08,942.68,657.36,856.88,,,,
2020-04-14,414.29,717.75,374.33,216.07,497.16,262.49,1404.38,829.9,617.69,937.89,640.29,871.95,,,,
2020-04-15,413.81,720.66,373.27,215.54,501.67,265.4,1390.43,828.1,614.06,930.12,641.95,895.45,,,,
2020-04-16,410.33,722.98,367.75,212.21,487.86,261.27,1407.09,829.54,613.55,930.12,643.37,876.77,,,,
2020-04-17,412.79,714.27,366.26,215.86,494.34,260.06,1431.66,829.18,628.57,924.74,655.23,887.01,,,,
2020-04-20,411.76,707.88,362.02,217.79,495.19,257.39,1424.37,823.42,641.0,936.1,657.84,900.27,,,,
2020-04-21,397.3,681.17,351.62,210.49,480.25,235.31,1375.64,807.22,606.47,916.97,616.57,888.82,,,,
2020-04-22,386.91,665.49,331.89,208.66,467.85,222.46,1351.7,812.62,568.99,909.8,571.4,884.0,,,,
2020-04-23,408.72,708.46,353.74,215.32,488.99,245.02,1437.49,811.9,607.67,922.35,629.02,892.43,,,,
2020-04-24,405.47,709.62,353.96,213.93,476.87,244.53,1436.87,810.82,588.33,912.19,628.55,891.23,,,,
2020-04-27,403.65,722.98,348.02,213.39,469.26,245.26,1441.24,807.94,596.45,917.57,631.51,890.02,,,,
2020-04-28,407.31,713.69,352.26,212.42,481.94,241.14,1440.61,809.02,604.39,898.44,634.83,874.36,,,,
2020-04-29,409.17,707.3,359.47,211.56,482.51,248.17,1426.04,805.78,621.83,902.03,646.93,869.54,,,,
2020-04-30,416.7,717.75,362.66,214.03,503.36,248.9,1457.69,812.26,632.89,908.6,655.7,871.95,,,,
2020-05-06,424.13,749.11,371.36,221.23,503.08,258.12,1489.34,804.34,638.41,908.01,678.82,876.77,,,,
2020-05-07,421.88,736.34,371.15,222.95,493.5,255.87,1462.27,804.34,637.2,909.8,655.47,876.77,,,,
2020-05-08,420.72,738.66,371.78,222.2,496.6,256.6,1462.27,808.3,632.89,903.22,656.3,867.12,,,,
2020-05-11,416.16,724.72,370.08,221.98,493.5,252.45,1413.54,806.14,623.39,905.02,645.74,852.66,,,,
2020-05-12,413.66,725.88,367.33,219.83,486.17,247.36,1425.41,804.34,620.63,919.96,646.45,859.89,,,,
2020-05-13,416.48,731.11,365.63,220.05,492.65,254.48,1434.16,795.33,622.53,918.17,650.25,862.91,,,,
2020-05-14,415.51,730.53,368.81,217.79,492.93,250.81,1432.49,793.17,634.96,919.96,653.09,859.29,,,,
2020-05-15,421.89,742.72,379.42,221.12,496.03,254.48,1441.66,796.05,644.28,927.73,662.58,864.71,,,,
2020-05-18,420.98,739.82,382.6,220.05,483.07,253.4,1439.99,792.09,637.89,924.15,679.54,872.55,,,,
2020-05-19,423.29,739.24,383.24,221.87,480.82,257.29,1453.94,795.33,638.76,912.19,680.6,868.33,,,,
2020-05-20,432.27,753.76,395.55,223.81,490.96,264.2,1487.05,795.69,646.87,919.36,685.35,873.75,,,,
2020-05-21,433.11,756.66,394.06,224.13,492.37,266.79,1490.8,800.38,656.03,919.96,684.28,873.75,,,,
2020-05-22,423.09,745.05,381.76,218.87,474.05,258.15,1466.23,788.85,639.62,915.78,664.83,856.88,,,,
2020-05-25,428.85,753.76,386.21,219.94,476.31,270.67,1487.26,793.17,644.8,923.55,676.1,868.33,,,,
2020-05-26,430.39,753.76,387.06,221.77,475.18,276.72,1480.6,797.85,644.8,916.38,674.56,882.19,,,,
2020-05-27,431.03,754.92,383.88,220.15,483.35,274.99,1488.93,797.85,646.53,920.56,679.42,879.18,,,,
2020-05-28,432.09,761.89,387.7,220.58,482.22,273.05,1493.09,794.25,646.87,918.77,672.42,880.98,,,,
2020-05-29,430.55,756.66,382.18,218.33,475.74,276.07,1499.55,789.57,641.87,916.38,672.3,889.42,,,,
2020-06-01,442.25,776.4,393.21,221.55,482.51,286.0,1552.65,798.94,654.99,918.77,687.01,889.42,,,,
2020-06-02,441.82,776.98,392.37,221.23,481.1,284.27,1564.52,795.69,650.33,919.96,688.19,886.41,,,,
2020-06-03,446.37,781.05,396.82,224.02,493.5,285.35,1562.64,798.21,659.31,933.71,705.62,894.84,,,,
2020-06-04,439.31,763.05,389.4,221.01,490.68,281.68,1528.91,801.82,650.5,929.53,689.02,883.39,,,,
2020-06-05,444.26,770.02,392.58,228.64,495.19,284.49,1537.03,803.98,645.49,931.92,696.73,885.8,,,,
2020-06-08,445.57,767.69,400.22,227.67,497.16,286.64,1532.66,802.54,651.36,934.31,700.05,882.79,,,,
2020-06-09,444.87,773.5,397.46,228.53,492.65,281.25,1552.86,802.54,640.48,918.17,693.29,865.32,,,,
2020-06-10,442.88,772.34,395.34,227.35,490.12,281.68,1534.53,801.46,643.25,918.17,693.65,862.91,,,,
2020-06-11,438.82,771.76,391.3,226.49,484.76,275.64,1525.58,792.09,636.17,909.8,685.35,862.3,,,,
2020-06-12,436.6,776.98,389.4,222.84,482.79,272.61,1526.2,791.37,629.26,911.0,673.49,865.32,,,,
2020-06-15,432.25,771.76,385.58,219.3,474.05,271.32,1520.79,788.49,623.39,911.59,671.83,870.74,,,,
2020-06-16,441.66,795.57,392.15,221.98,484.76,282.33,1549.94,794.97,632.37,918.17,686.89,872.55,,,,
2020-06-17,442.16,792.66,393.85,221.77,481.66,282.11,1564.52,792.81,628.91,911.59,683.92,867.12,,,,
2020-06-18,441.86,795.57,392.79,221.55,483.63,281.68,1557.65,790.29,634.61,911.0,687.6,862.91,,,,
2020-06-19,445.02,789.18,396.19,224.99,492.37,283.41,1556.61,794.97,643.94,911.59,692.58,867.73,,,,
2020-06-22,442.39,788.02,393.64,222.3,490.4,281.9,1554.73,791.01,638.76,906.81,682.62,865.32,,,,
2020-06-23,445.11,793.83,393.0,223.38,497.73,282.97,1560.56,791.01,639.62,904.42,684.52,859.89,,,,
2020-06-24,442.89,798.47,393.21,221.77,495.75,283.41,1556.4,791.73,634.27,900.24,682.62,844.23,,,,
2020-06-29,436.18,788.02,384.09,216.07,490.4,280.82,1535.57,790.65,620.8,912.19,668.51,840.01,,,,
2020-06-30,440.85,801.37,386.64,218.65,493.5,289.02,1544.53,792.09,622.53,900.24,671.12,839.41,,,,
2020-07-01,442.45,800.21,386.42,219.62,494.63,298.08,1549.94,792.81,621.66,900.83,671.12,824.34,,,,
2020-07-02,446.66,800.21,388.12,222.84,503.64,299.38,1558.06,795.33,624.08,904.42,674.2,825.55,,,,
2020-07-03,451.58,812.99,389.4,225.2,507.87,305.21,1576.39,798.21,624.25,915.18,677.64,828.56,,,,
2020-07-06,458.09,833.89,391.73,227.89,511.54,310.6,1609.92,798.94,626.84,919.96,681.08,832.17,,,,
2020-07-07,452.53,845.51,384.3,226.38,502.52,306.29,1608.25,794.97,612.68,914.58,675.74,824.94,,,,
2020-07-08,453.47,847.83,385.79,228.75,507.59,305.64,1591.59,796.41,615.96,923.55,677.52,838.2,,,,
2020-07-09,455.09,846.67,384.51,229.61,509.0,308.88,1607.62,798.57,617.0,924.74,673.73,840.01,,,,
2020-07-10,445.43,839.12,376.24,225.42,499.7,299.81,1588.26,790.65,600.77,922.95,652.26,837.0,,,,
2020-07-13,451.88,846.67,381.12,227.67,510.41,306.72,1599.92,791.01,609.57,924.74,662.46,841.82,,,,
2020-07-14,452.03,848.41,382.18,227.67,511.25,301.75,1596.59,791.73,611.99,921.75,663.88,836.39,,,,
2020-07-15,455.15,840.28,382.6,228.53,518.3,307.8,1576.39,794.97,618.9,918.77,672.07,832.17,,,,
2020-07-16,450.79,826.93,380.27,226.28,517.45,303.05,1555.36,791.01,617.34,920.56,667.68,827.35,,,,
2020-07-17,448.62,823.44,377.3,227.89,506.18,301.32,1560.56,789.57,614.41,913.39,659.26,817.11,,,,
2020-07-20,445.97,824.6,373.06,225.63,499.13,299.81,1557.44,793.89,617.69,919.36,663.77,786.98,,,,
2020-07-21,449.16,819.96,375.6,229.39,497.44,308.44,1553.27,797.13,621.32,923.55,660.68,785.17,,,,
2020-07-22,449.42,812.41,376.03,228.96,497.16,309.74,1555.98,800.38,628.74,963.0,663.05,793.01,,,,
2020-07-23,450.76,815.89,377.94,227.99,499.7,311.25,1559.94,805.78,632.71,974.96,675.98,797.83,,,,
2020-07-24,446.04,806.02,379.0,226.28,484.2,304.99,1534.32,806.5,640.66,980.34,673.25,795.42,,,,
2020-07-27,449.22,818.8,376.24,229.18,490.12,304.56,1567.64,815.5,643.94,970.77,679.3,797.83,,,,
2020-07-28,452.98,825.76,378.78,229.61,487.02,301.75,1593.46,799.3,641.0,935.5,672.54,798.43,,,,
2020-07-29,456.61,824.02,378.78,233.15,496.6,306.93,1587.43,798.94,644.63,973.76,675.15,799.63,,,,
2020-07-30,456.97,818.21,380.69,233.79,491.52,308.01,1587.63,793.89,639.97,971.97,667.68,793.61,,,,
2020-07-31,455.2,811.25,381.97,232.83,485.89,306.5,1589.92,791.37,647.22,992.29,659.26,799.63,,,,
2020-08-03,454.84,822.86,377.09,233.26,478.0,301.75,1591.59,790.29,639.28,1026.96,654.52,829.16,,,,
2020-08-04,458.82,834.96,379.28,232.66,477.82,304.34,1614.79,797.04,649.18,1052.09,657.55,852.03,,,,
2020-08-05,459.55,836.37,383.41,233.94,477.85,302.83,1616.55,792.96,655.48,1062.2,659.04,848.27,,,,
2020-08-06,462.6,834.38,384.58,238.44,476.27,303.48,1613.99,793.32,651.25,1065.31,659.4,856.12,,,,
2020-08-07,465.47,833.32,388.56,239.98,479.02,300.89,1616.98,804.38,650.2,1066.94,649.07,873.13,,,,
2020-08-10,464.61,826.28,389.17,237.68,484.57,299.16,1607.25,802.97,648.37,1031.68,646.17,850.34,,,,
2020-08-11,461.85,825.11,388.36,236.72,482.8,288.8,1621.3,807.21,644.56,1053.95,645.28,843.83,,,,
2020-08-12,460.49,821.59,385.1,235.77,484.32,289.67,1607.03,806.15,643.56,1039.1,644.16,835.69,,,,
2020-08-13,458.74,815.13,383.07,235.0,481.29,287.29,1604.0,809.68,650.03,1040.96,645.61,835.69,,,,
2020-08-14,461.73,822.17,383.68,238.06,481.8,287.29,1618.27,807.56,649.7,1024.26,641.27,837.86,,,,
2020-08-17,462.73,826.87,384.08,238.83,480.28,289.67,1625.84,808.27,661.15,1009.41,637.14,841.12,,,,
2020-08-18,465.73,840.95,382.86,238.16,485.58,288.15,1655.47,806.15,659.82,1035.39,629.56,843.83,,,,
2020-08-19,463.63,838.02,381.23,237.58,485.07,287.51,1643.57,804.03,649.7,1014.36,614.95,851.43,,,,
2020-08-20,466.24,850.93,379.4,236.63,481.29,290.1,1667.14,801.2,646.38,1026.73,616.96,863.91,,,,
2020-08-21,465.52,839.78,379.0,237.01,486.34,291.18,1644.01,817.1,646.55,1014.98,630.0,869.88,,,,
2020-08-24,471.38,836.85,380.42,242.66,490.37,287.94,1650.28,820.63,643.9,1019.93,637.81,895.38,,,,
2020-08-25,474.08,852.1,381.64,240.17,491.38,289.23,1677.74,821.34,648.87,1023.64,637.36,913.83,,,,
2020-08-26,476.11,850.93,382.66,240.74,495.67,290.96,1673.41,831.94,650.2,1044.05,629.11,908.95,,,,
2020-08-27,477.77,864.43,380.83,241.51,494.41,290.96,1690.06,838.3,654.35,1039.72,640.15,903.52,,,,
2020-08-28,476.64,860.91,376.76,242.37,491.38,289.02,1688.55,847.13,654.51,1051.47,638.7,913.29,,,,
2020-08-31,483.28,876.16,381.44,245.24,499.45,292.69,1714.5,879.28,670.1,1010.65,644.72,945.31,,,,
2020-09-01,486.4,877.93,381.84,245.43,512.06,294.63,1713.63,871.86,676.57,1011.27,644.95,953.99,,,,
2020-09-02,490.6,897.88,386.73,245.63,513.83,295.49,1742.82,867.97,675.24,1013.13,650.52,974.61,,,,
2020-09-03,482.96,896.7,380.22,241.13,511.31,284.27,1736.77,852.78,670.43,993.95,643.83,968.64,,,,
2020-09-04,480.81,898.46,378.79,240.84,518.12,279.09,1722.93,857.37,670.43,997.66,639.59,957.79,,,,
2020-09-07,479.48,890.84,379.2,238.64,517.87,275.42,1703.69,852.43,667.95,1010.65,633.57,969.72,,,,
2020-09-08,477.52,887.9,380.62,239.5,511.06,275.42,1697.85,861.97,671.76,1005.7,628.33,956.16,,,,
2020-09-09,468.74,881.45,370.04,232.03,501.47,261.61,1678.17,841.48,660.81,1012.51,624.99,937.17,,,,
2020-09-10,468.58,872.64,371.06,233.56,501.22,264.41,1669.95,845.72,652.69,1016.84,637.14,943.68,,,,
2020-09-11,469.73,870.3,367.6,233.76,505.0,262.47,1670.39,845.01,652.19,1011.27,634.91,964.3,,,,
2020-09-14,472.19,869.12,369.43,236.15,511.81,264.84,1664.55,856.31,668.94,1027.97,640.26,938.25,,,,
2020-09-15,473.52,863.84,371.26,236.63,526.19,259.66,1657.63,837.94,666.29,1029.21,636.69,904.61,,,,
2020-09-16,475.25,872.06,372.48,238.83,525.69,263.33,1680.76,836.18,657.99,1010.03,644.5,911.66,,,,
2020-09-17,472.14,857.39,369.02,236.63,527.7,261.17,1656.33,829.82,646.88,1017.46,640.26,908.95,,,,
2020-09-18,472.67,866.78,371.46,240.26,523.92,261.61,1675.14,833.0,649.04,1035.39,648.07,927.4,,,,
2020-09-21,472.9,871.47,365.97,241.51,523.67,260.31,1687.04,835.47,640.91,1013.13,640.71,912.75,,,,
2020-09-22,464.12,849.76,364.34,237.39,508.03,253.19,1653.3,827.35,628.8,1008.8,627.66,938.79,,,,
2020-09-23,462.94,849.17,358.44,235.86,507.27,253.4,1655.47,825.58,622.66,1008.8,632.23,950.19,,,,
2020-09-24,462.38,842.13,360.47,237.2,503.49,247.79,1648.76,823.46,626.98,1006.32,623.31,945.31,,,,
2020-09-25,467.18,856.21,358.84,241.89,508.79,249.95,1680.55,829.82,623.99,1006.32,626.88,935.54,,,,
2020-09-28,465.98,852.1,352.13,242.66,502.23,250.81,1679.68,818.16,621.01,993.33,629.45,926.85,,,,
2020-09-29,464.14,852.69,352.53,241.7,498.44,251.03,1683.36,808.27,619.68,990.24,631.68,925.77,,,,
2020-09-30,456.27,838.02,348.06,236.44,483.56,252.32,1649.63,808.27,617.69,1010.65,623.98,931.74,,,,
2020-10-09,464.96,863.25,350.91,246.97,499.45,253.62,1690.93,810.74,626.15,1015.6,629.78,917.63,,,,
2020-10-12,475.7,877.93,354.16,252.04,511.31,251.89,1716.01,828.76,639.42,1013.74,640.04,936.08,1000.0,,,
2020-10-13,474.84,870.3,354.16,252.8,513.58,251.25,1705.41,830.88,643.07,1019.93,662.56,938.79,1036.01,,,
2020-10-14,479.22,871.47,360.88,255.77,514.34,252.97,1716.01,826.99,656.67,1019.31,688.1,926.31,1046.64,,,
2020-10-15,483.73,858.56,365.15,255.01,518.62,256.86,1711.25,826.99,649.87,1013.13,690.66,907.86,1074.42,,,
2020-10-16,490.44,855.04,367.6,264.67,521.9,262.47,1701.09,838.3,651.36,1018.69,688.32,911.66,1106.65,,,
2020-10-19,491.69,850.93,366.38,269.46,515.09,262.9,1683.58,837.59,654.35,1058.28,705.16,879.64,1131.0,,,
2020-10-20,499.97,855.04,367.8,281.23,512.57,263.33,1682.49,837.24,661.15,1036.01,716.09,888.33,1125.51,,,
2020-10-21,504.53,853.28,369.84,282.38,532.24,265.92,1684.01,831.23,657.0,1051.47,714.19,889.95,1114.54,,,
2020-10-22,502.14,850.93,364.95,284.49,526.7,261.17,1682.06,813.92,653.52,1053.33,725.45,882.9,1075.79,,,
2020-10-23,499.45,844.47,360.27,284.11,518.37,262.04,1674.28,813.92,642.07,1053.33,699.25,870.96,1069.62,,,
2020-10-26,507.14,849.76,354.98,293.87,505.51,262.04,1675.58,813.22,643.73,1054.57,709.06,876.93,1072.36,,,
2020-10-27,511.68,851.52,353.55,301.05,511.81,262.9,1688.55,814.98,635.1,1066.32,717.76,877.47,1053.5,,,
2020-10-28,524.26,852.1,350.09,316.56,518.88,257.94,1688.33,808.62,633.61,1066.32,735.82,873.67,1059.33,,,
2020-10-29,504.24,843.3,349.28,301.91,513.07,248.87,1684.66,807.92,628.3,1061.99,761.8,859.02,1038.75,,,
2020-10-30,509.99,852.69,341.95,300.19,507.78,239.59,1690.71,800.14,620.34,1089.2,752.21,850.88,1031.55,,,
2020-11-02,498.53,873.82,340.93,292.05,509.29,236.57,1751.04,791.31,628.97,1087.97,780.98,871.5,1044.92,,,
2020-11-03,505.19,879.1,343.99,288.99,514.59,240.27,1749.96,800.11,635.44,1055.18,776.19,856.31,1041.84,,,
2020-11-04,503.32,870.3,342.76,284.2,520.89,240.74,1735.04,800.81,640.25,1057.04,811.31,854.14,1040.12,,,
2020-11-05,498.04,866.78,335.44,287.36,515.6,237.31,1720.12,798.57,617.19,1062.61,789.57,842.74,1025.72,,,
2020-11-06,492.59,867.36,328.52,282.29,524.68,227.93,1718.61,818.54,608.23,1074.98,779.42,842.2,1009.6,,,
2020-11-09,486.43,863.25,330.76,272.62,524.93,232.63,1729.2,811.61,614.54,1086.11,824.13,825.92,1012.0,,,
2020-11-10,489.62,857.97,334.42,266.49,536.28,242.65,1717.52,818.89,622.66,1066.94,823.8,831.35,1029.84,,,
2020-11-11,499.14,867.36,343.99,270.8,543.85,244.14,1742.17,819.58,630.29,1080.54,847.44,825.92,1040.12,,,
2020-11-12,504.07,870.88,343.58,277.41,550.41,245.63,1747.58,821.31,615.86,1109.0,847.44,826.46,1037.04,,,
2020-11-13,506.55,892.6,342.36,275.39,568.82,243.5,1778.93,828.59,601.1,1113.94,876.43,832.43,1021.26,,,
2020-11-16,512.38,898.46,343.78,280.56,563.02,250.96,1805.1,834.14,610.72,1106.52,925.38,837.32,1022.63,,,
2020-11-17,506.3,901.99,343.58,275.01,563.27,247.34,1800.12,841.07,602.93,1115.8,887.58,837.32,1023.32,,,
2020-11-18,506.7,911.96,347.65,270.61,567.81,245.42,1836.23,832.06,624.16,1123.22,856.02,830.26,1028.81,,,
2020-11-19,510.92,924.87,349.07,274.44,575.13,244.99,1855.7,832.75,628.64,1118.27,838.3,840.57,1027.78,,,
2020-11-20,507.29,908.44,353.35,272.43,576.89,242.22,1842.94,836.21,637.43,1115.18,839.3,826.46,1029.84,,,
2020-11-23,516.29,934.85,351.92,279.7,575.38,250.96,1909.1,838.99,637.92,1097.86,848.78,822.12,1035.67,,,
2020-11-24,518.25,943.65,354.98,280.95,579.16,259.92,1908.02,841.41,641.91,1100.95,811.76,810.73,1045.95,,,
2020-11-25,520.54,924.87,354.77,282.1,582.69,264.18,1889.43,840.37,642.57,1117.04,818.45,806.93,1045.95,,,
2020-11-26,513.91,921.94,353.96,279.03,562.51,261.2,1873.21,846.26,633.78,1089.2,819.56,809.1,1039.78,,,
2020-11-27,526.34,935.44,356.0,291.57,568.57,264.14,1887.91,844.88,644.56,1101.57,839.86,824.84,1045.27,,,
2020-11-30,522.57,933.68,347.66,289.97,573.61,259.6,1885.54,831.71,635.1,1105.9,850.0,801.5,1031.55,,,
2020-12-01,522.98,928.39,348.99,290.88,580.42,262.2,1853.97,839.68,639.25,1084.25,826.36,784.68,1033.95,,,
2020-12-02,527.35,913.19,347.79,297.64,582.09,261.22,1834.28,844.86,628.83,1071.01,814.02,780.64,1019.55,,,
2020-12-03,523.54,908.58,352.26,294.86,570.39,267.17,1817.65,848.03,628.69,1081.53,821.89,785.28,1026.75,,,
2020-12-04,514.05,929.29,364.25,280.8,567.03,266.77,1840.69,847.42,643.42,1098.73,801.21,792.14,1044.58,,,
2020-12-07,517.36,946.62,370.14,281.93,572.83,270.34,1861.45,871.06,657.57,1101.69,827.95,788.44,1071.33,,,
2020-12-08,510.83,938.24,365.42,275.61,569.09,264.19,1844.08,876.86,651.28,1100.46,808.05,790.49,1060.01,,,
2020-12-09,509.1,935.85,361.69,269.1,585.78,267.76,1845.64,884.04,651.92,1107.88,805.16,765.81,1061.73,,,
2020-12-10,509.9,940.04,360.32,268.16,591.51,266.17,1864.57,889.84,637.42,1101.08,792.61,753.46,1057.27,,,
2020-12-11,523.0,952.01,367.39,273.54,616.41,267.17,1912.25,894.97,650.96,1132.61,810.58,752.43,1067.9,,,
2020-12-14,524.19,951.41,376.03,276.56,616.41,277.68,1881.28,888.13,665.31,1119.0,810.34,793.06,1087.79,,,
2020-12-15,524.13,935.25,373.09,275.71,626.37,276.09,1845.42,889.84,670.62,1106.64,822.4,795.64,1076.47,,,
2020-12-16,520.88,936.45,374.07,271.37,620.4,275.5,1839.62,885.4,668.21,1123.33,802.14,807.47,1075.1,,,
2020-12-17,527.09,944.23,379.96,275.89,623.38,277.68,1852.99,887.45,681.1,1120.24,828.19,817.24,1086.76,,,
2020-12-18,529.47,952.01,376.62,280.05,626.87,273.91,1867.25,899.75,680.62,1154.24,838.44,809.01,1083.33,,,
2020-12-21,530.45,935.25,374.26,282.41,625.38,264.19,1855.44,907.26,676.11,1160.43,807.69,856.84,1074.42,,,
2020-12-22,513.92,929.87,370.34,262.4,614.42,256.06,1831.16,899.41,680.62,1125.19,782.12,832.15,1065.84,,,
2020-12-23,515.89,929.27,369.94,266.18,604.71,254.47,1822.02,924.0,679.81,1133.84,768.98,845.52,1067.56,,,
2020-12-24,525.97,945.42,373.48,268.35,624.88,261.22,1839.85,921.61,683.84,1134.46,781.76,852.21,1078.53,,,
2020-12-25,521.56,917.3,375.25,267.59,612.18,261.81,1806.43,951.67,700.45,1130.75,778.39,848.61,1080.93,,,
2020-12-28,513.7,907.73,370.34,264.48,588.52,262.21,1776.58,944.5,690.13,1138.79,739.2,832.67,1072.7,,,
2020-12-29,506.89,902.34,370.34,258.82,581.79,259.83,1765.0,934.59,674.98,1117.77,733.41,819.29,1060.36,,,
2020-12-30,509.89,905.33,371.51,259.57,589.26,256.06,1772.12,953.72,683.04,1121.48,745.83,822.89,1077.16,,,
2020-12-31,514.43,923.88,375.25,262.31,596.98,252.29,1794.85,981.39,708.99,1131.99,766.45,828.55,1101.17,,,
2021-01-04,521.97,928.67,385.27,268.82,598.98,259.83,1789.28,980.02,725.92,1138.17,767.41,827.52,1121.06,,,
2021-01-05,521.65,922.68,382.12,272.03,601.72,253.28,1781.03,1005.64,712.7,1143.73,773.21,822.38,1130.66,,,
2021-01-06,525.78,914.31,388.21,271.27,594.25,261.61,1768.34,1016.23,717.38,1144.97,792.84,848.61,1151.23,,,
2021-01-07,535.29,908.32,399.61,280.71,592.75,267.36,1761.21,1047.32,715.44,1171.55,802.87,841.92,1174.21,,,
2021-01-08,531.52,891.57,395.68,279.67,577.06,269.94,1732.03,1041.85,711.89,1167.23,809.81,827.01,1166.67,,,
2021-01-11,519.42,896.36,384.09,265.8,579.55,256.46,1739.82,1017.6,713.99,1182.68,803.58,796.15,1126.89,,,
2021-01-12,524.75,904.73,389.39,267.12,583.29,262.01,1750.29,1063.37,732.05,1206.18,808.63,786.38,1139.57,,,
2021-01-13,530.07,913.71,399.02,270.33,588.27,266.57,1775.24,1052.1,732.21,1207.41,825.32,773.01,1153.29,,,
2021-01-14,526.15,904.73,396.27,269.2,577.31,267.36,1765.44,1052.78,709.64,1241.41,805.69,782.78,1131.0,,,
2021-01-15,532.08,910.12,396.47,275.05,573.57,270.34,1777.03,1076.01,714.8,1256.87,814.75,795.64,1127.57,,,
2021-01-18,539.55,928.67,390.96,278.73,583.04,270.34,1829.6,1099.58,717.05,1216.07,817.45,800.27,1136.15,,,
2021-01-19,534.42,926.28,390.77,276.74,576.56,270.54,1811.11,1062.35,713.99,1204.32,827.79,795.64,1139.23,,,
2021-01-20,533.37,919.09,391.36,276.74,563.61,270.93,1789.5,1067.13,722.21,1193.19,831.32,814.15,1141.63,,,
2021-01-21,536.47,935.25,389.2,278.25,577.31,271.33,1805.54,1077.72,716.09,1212.98,813.69,807.47,1134.09,,,
2021-01-22,530.69,943.03,382.32,271.37,582.29,265.98,1820.02,1073.96,692.07,1200.61,808.28,798.21,1113.51,,,
2021-01-25,529.16,926.28,385.86,269.1,567.85,265.78,1794.85,1087.62,704.32,1230.9,814.51,811.58,1116.6,,,
2021-01-26,527.18,926.87,382.12,265.33,557.63,264.39,1797.97,1110.85,694.81,1216.07,825.09,810.55,1106.65,,,
2021-01-27,533.99,941.23,387.04,270.04,562.37,272.32,1824.47,1125.2,714.63,1234.61,857.41,801.81,1121.06,,,
2021-01-28,532.27,949.61,384.28,267.03,562.62,270.93,1836.95,1113.93,723.34,1229.67,828.73,824.44,1107.34,,,
2021-01-29,541.07,955.0,396.47,271.84,572.08,271.33,1845.42,1144.67,751.07,1272.33,851.06,832.15,1134.77,,,
2021-02-01,543.22,941.23,404.91,276.56,572.08,274.7,1819.13,1146.38,749.29,1258.11,857.76,820.84,1152.95,,,
2021-02-02,542.9,940.64,407.47,274.95,566.6,278.27,1818.91,1143.71,767.51,1264.29,869.52,830.1,1157.06,,,
2021-02-03,538.21,955.0,403.54,269.86,564.61,277.68,1835.84,1104.99,759.45,1224.72,865.52,841.92,1149.86,,,
2021-02-04,547.44,967.56,408.25,275.8,577.56,282.44,1856.78,1128.41,759.13,1242.03,884.56,839.87,1164.61,,,
2021-02-05,548.56,962.78,406.68,277.97,579.8,284.22,1858.34,1129.16,748.97,1226.58,889.85,836.78,1161.87,,,
2021-02-08,551.65,960.98,409.24,278.63,577.81,286.01,1855.89,1144.92,758.48,1212.98,888.91,846.04,1200.96,,,
2021-02-09,553.14,956.79,409.83,280.33,579.3,291.36,1837.84,1158.29,745.43,1246.36,901.01,832.15,1217.08,,,
2021-02-10,546.52,952.01,406.88,277.03,559.88,287.2,1827.37,1171.31,735.11,1217.92,880.68,821.87,1224.97,,,
2021-02-18,571.72,1027.4,422.2,286.93,586.77,301.48,1954.13,1180.91,803.78,1253.78,979.65,857.87,1326.13,,,
2021-02-19,585.63,1052.53,422.01,295.33,594.49,297.12,1983.31,1199.6,815.71,1252.54,980.0,856.84,1302.13,,,
2021-02-22,597.47,1076.47,434.97,298.92,606.45,302.27,2079.77,1191.36,886.16,1263.67,1045.35,897.47,1375.86,,,
2021-02-23,605.34,1057.92,448.33,302.31,610.18,311.59,2046.58,1239.58,873.1,1264.29,1049.7,906.73,1366.26,,,
2021-02-24,611.31,1045.35,463.46,304.96,612.92,314.37,2042.79,1248.85,889.38,1251.31,1068.38,915.98,1378.6,,,
2021-02-25,635.9,1064.5,479.57,319.96,629.11,329.45,2080.44,1281.41,953.38,1254.4,1111.28,949.93,1458.5,,,
2021-02-26,621.54,1063.3,470.34,301.75,615.66,322.11,2082.22,1279.7,963.38,1214.21,1147.13,944.27,1433.81,,,
2021-03-01,619.47,1052.53,468.18,299.96,630.36,313.38,2069.52,1283.47,972.41,1201.23,1101.29,981.3,1379.63,,,
2021-03-02,604.4,1065.7,449.31,291.46,629.61,302.87,2070.41,1243.71,910.5,1198.76,1063.68,980.79,1341.56,,,
2021-03-03,600.19,1081.25,447.74,293.26,632.6,302.67,2087.34,1270.1,916.79,1178.97,1062.62,979.76,1335.39,,,
2021-03-04,603.81,1069.88,454.23,286.84,625.38,305.25,2070.63,1260.16,923.72,1171.55,1077.79,950.44,1323.73,,,
2021-03-05,612.4,1068.69,463.46,289.86,640.32,319.53,2078.65,1248.85,938.87,1138.79,1086.84,946.84,1334.02,,,
2021-03-08,618.36,1094.42,468.96,286.08,651.28,328.06,2134.57,1239.59,962.41,1174.03,1106.7,985.93,1358.02,,,
2021-03-09,609.65,1068.69,450.3,283.44,641.57,313.18,2059.5,1237.19,887.61,1171.55,1036.65,998.79,1303.16,,,
2021-03-10,604.21,1048.94,436.94,289.1,615.17,305.64,2045.46,1240.28,874.23,1198.76,1042.88,1009.59,1263.72,,,
2021-03-11,606.22,1074.07,445.78,290.33,612.68,310.21,2073.08,1244.39,850.53,1191.34,1055.81,973.07,1299.38,,,
2021-03-12,606.27,1080.65,446.96,288.07,616.91,309.61,2100.71,1253.3,845.86,1178.35,1032.07,966.39,1294.24,,,
2021-03-15,605.67,1086.64,446.76,285.24,609.44,310.8,2106.95,1240.96,849.57,1217.3,1030.42,998.27,1275.03,,,
2021-03-16,600.12,1074.67,436.74,285.9,612.18,299.69,2096.25,1224.51,844.73,1205.56,1009.26,987.47,1228.05,,,
2021-03-17,607.14,1063.3,446.96,288.73,607.44,304.26,2073.98,1242.33,832.64,1224.72,978.94,1027.08,1239.37,,,
2021-03-18,607.55,1053.13,448.14,286.37,601.22,301.68,2051.03,1257.76,818.29,1217.3,980.0,1026.56,1245.54,,,
2021-03-19,581.51,1034.58,422.99,271.08,578.06,279.66,2012.27,1209.77,792.66,1198.76,923.23,999.82,1202.67,,,
2021-03-22,588.1,1037.57,427.7,274.2,583.29,282.64,2014.05,1239.93,811.68,1182.06,949.32,989.53,1235.6,,,
2021-03-23,585.03,1023.81,427.9,273.44,585.28,282.64,1979.08,1230.68,807.01,1198.76,937.69,989.02,1235.94,,,
2021-03-24,583.73,1027.4,425.35,270.71,586.77,280.06,1990.66,1230.34,824.74,1217.3,961.07,987.47,1227.37,,,
2021-03-25,578.19,1027.4,423.18,266.55,583.29,277.08,1985.76,1208.74,811.04,1223.49,960.49,970.5,1203.36,,,
2021-03-26,581.35,1034.58,435.37,266.46,588.27,281.65,1994.45,1212.85,803.78,1248.83,982.58,978.73,1195.82,,,
2021-03-29,579.01,1029.79,432.42,267.21,592.25,280.46,1974.62,1202.23,796.89,1243.89,964.72,960.73,1172.5,,,
2021-03-30,576.89,1026.2,432.61,264.48,602.21,284.62,1972.84,1165.2,816.25,1238.32,988.81,968.44,1179.7,,,
2021-03-31,568.45,1017.23,430.45,258.44,593.0,281.05,1951.23,1136.41,806.6,1203.7,1001.62,964.33,1177.98,,,
2021-04-01,576.62,1032.19,429.67,261.36,593.0,283.83,1984.42,1197.08,815.83,1191.96,1051.11,979.24,1170.1,,,
2021-04-02,586.41,1043.94,439.02,267.08,606.61,291.96,1997.12,1216.4,831.44,1189.87,1047.53,983.9,1205.56,,,
2021-04-06,586.92,1042.38,443.71,265.85,612.49,284.22,1992.0,1239.09,832.45,1198.65,1073.98,970.56,1209.62,,,
2021-04-07,587.13,1046.11,447.88,265.73,614.96,280.85,1998.51,1246.59,833.96,1214.2,1060.66,948.55,1202.27,,,
2021-04-08,576.08,1033.45,432.7,259.38,613.04,276.49,1969.29,1241.65,820.2,1215.87,1038.22,940.64,1182.18,,,
2021-04-09,570.57,1021.37,429.24,255.76,610.75,277.68,1956.24,1222.08,802.07,1230.65,1022.17,914.82,1173.9,,,
2021-04-12,558.06,1000.23,426.36,249.91,588.68,271.13,1930.35,1200.07,785.11,1214.58,1018.89,904.3,1152.05,,,
2021-04-13,564.85,991.17,432.51,251.21,591.22,276.69,1921.65,1262.61,787.13,1237.07,1027.28,911.95,1150.06,,,
2021-04-14,571.7,994.79,440.58,252.98,596.29,287.6,1925.54,1263.66,793.34,1267.28,1055.49,914.34,1171.91,,,
2021-04-15,577.66,1008.08,451.92,254.93,612.28,292.95,1959.21,1240.95,814.15,1269.2,1056.1,895.69,1188.14,,,
2021-04-16,583.62,1008.08,455.38,255.76,623.44,298.5,1969.98,1270.29,812.81,1271.77,1057.68,910.51,1197.4,,,
2021-04-19,584.97,1007.48,455.38,253.54,624.71,296.12,1952.34,1281.13,803.91,1292.98,1077.5,941.12,1187.14,,,
2021-04-20,587.17,997.81,455.38,258.36,622.43,296.52,1947.76,1279.73,787.63,1310.98,1086.01,944.94,1195.42,,,
2021-04-21,579.1,976.67,450.0,258.27,611.26,292.75,1903.32,1257.02,771.68,1318.69,1086.25,925.34,1157.35,,,
2021-04-22,577.65,982.11,443.85,259.76,610.25,284.42,1919.13,1246.54,775.88,1347.61,1101.58,924.38,1159.67,,,
2021-04-23,579.37,978.48,446.34,261.89,602.63,285.81,1923.71,1244.09,778.06,1344.39,1114.95,919.6,1179.86,,,
2021-04-26,578.36,980.9,444.62,256.41,617.35,283.43,1929.89,1261.91,767.99,1325.76,1100.24,931.08,1152.38,,,
2021-04-27,584.05,988.75,458.07,256.41,623.19,288.98,1962.19,1257.02,776.89,1353.39,1098.9,956.9,1161.32,,,
2021-04-28,588.19,989.36,468.06,259.2,617.6,292.75,1965.63,1261.21,786.46,1351.46,1096.83,958.81,1169.38,,,
2021-04-29,589.69,986.34,468.25,260.5,622.17,295.33,1964.71,1248.28,786.79,1359.17,1101.94,977.94,1195.36,,,
2021-04-30,589.29,971.24,462.68,257.9,619.38,299.69,1939.06,1247.24,787.63,1368.17,1086.62,998.03,1182.39,,,
2021-05-06,605.16,994.79,469.4,266.9,642.22,306.04,1998.84,1262.96,804.92,1379.09,1138.42,1047.28,1210.64,,,
2021-05-07,611.56,1023.78,471.13,268.2,653.38,306.36,2032.97,1287.31,826.91,1363.67,1186.92,1033.89,1214.25,,,
2021-05-10,613.07,1009.89,470.36,270.99,650.84,308.1,2010.75,1284.74,840.68,1400.94,1210.77,1038.67,1212.93,,,
2021-05-11,604.01,996.0,459.41,263.0,649.32,302.91,1999.53,1282.84,832.12,1442.72,1193.62,1029.11,1189.32,,,
2021-05-12,618.98,1009.89,469.79,265.33,686.88,313.94,2055.42,1278.71,877.1,1464.56,1209.29,1075.5,1216.21,,,
2021-05-13,605.68,991.17,450.0,254.65,699.06,309.57,2032.74,1269.79,847.22,1474.2,1185.89,1057.32,1172.92,,,
2021-05-14,598.45,979.09,442.31,246.57,693.73,298.86,2006.63,1241.62,824.39,1424.08,1179.01,1052.54,1132.9,,,
2021-05-17,604.53,976.07,448.27,248.06,679.52,324.65,2001.36,1228.79,821.2,1456.85,1205.04,1070.24,1144.06,,,
2021-05-18,604.92,974.26,458.83,248.61,682.56,329.22,2005.94,1236.63,827.58,1503.77,1223.43,1065.93,1156.19,,,
2021-05-19,597.58,956.74,447.69,246.76,673.68,324.46,1975.94,1232.35,820.2,1466.49,1200.66,1019.07,1141.76,,,
2021-05-20,592.0,946.47,448.84,248.89,647.29,319.49,1935.62,1221.3,822.04,1474.2,1178.38,995.16,1133.23,,,
2021-05-21,591.59,943.45,440.58,253.91,637.65,315.53,1914.77,1201.33,822.88,1466.49,1136.21,998.03,1132.58,,,
2021-05-24,594.52,942.85,445.58,254.28,653.64,320.29,1920.27,1177.08,812.48,1456.85,1128.83,1004.72,1140.12,,,
2021-05-25,597.53,945.87,454.22,255.02,656.17,325.84,1919.13,1153.19,813.99,1438.22,1144.35,1022.42,1146.35,,,
2021-05-26,601.36,953.12,453.26,255.39,680.53,324.65,1942.95,1122.17,841.52,1453.64,1123.2,1020.98,1135.86,,,
2021-05-27,588.35,938.02,446.92,253.72,651.86,308.18,1907.22,1073.32,817.68,1413.15,1068.26,1018.11,1112.24,,,
2021-05-28,591.83,925.94,451.15,253.63,651.1,311.75,1902.63,1113.97,827.92,1472.92,1063.51,1040.59,1126.34,,,
2021-05-31,591.5,936.81,456.14,248.8,647.29,313.94,1908.59,1118.96,837.99,1507.62,1093.54,1042.98,1143.4,,,
2021-06-01,599.1,950.1,465.17,247.78,651.35,325.25,1932.18,1106.84,854.27,1506.98,1116.94,1094.63,1164.39,,,
2021-06-02,594.78,944.06,460.95,244.44,635.87,324.65,1921.42,1099.99,839.67,1527.53,1116.13,1094.15,1150.94,,,
2021-06-03,597.07,944.06,461.33,248.34,645.01,328.62,1918.44,1077.28,842.36,1601.22,1134.71,1083.15,1164.72,,,
2021-06-04,591.97,933.18,454.8,248.15,635.87,326.84,1893.93,1109.86,843.53,1578.69,1114.24,1073.58,1146.02,,,
2021-06-07,581.13,912.65,446.92,242.67,620.4,318.9,1857.28,1109.36,808.78,1585.99,1081.19,1068.8,1135.2,,,
2021-06-08,580.51,912.04,444.81,242.21,619.38,313.74,1861.4,1083.78,801.56,1585.99,1075.71,1073.11,1129.62,,,
2021-06-09,579.89,920.5,450.57,241.47,624.2,317.71,1875.37,1069.21,801.9,1566.69,1066.9,1050.63,1137.5,,,
2021-06-10,574.17,919.9,445.19,237.66,623.19,309.18,1874.0,1066.72,801.4,1525.42,1042.02,1024.33,1127.98,,,
2021-06-11,577.55,926.54,455.18,236.55,623.95,321.48,1881.56,1075.96,808.78,1541.4,1054.65,1040.11,1144.71,,,
2021-06-15,579.64,926.54,456.53,236.45,637.9,327.23,1886.6,1043.27,803.24,1504.79,1061.29,1036.76,1143.73,,,
2021-06-16,585.19,932.58,468.83,236.73,637.4,332.39,1898.51,1043.62,814.83,1445.56,1069.84,1039.63,1160.46,,,
2021-06-17,587.5,933.18,471.13,237.29,633.84,332.19,1895.76,1038.29,817.51,1438.24,1069.33,1062.58,1157.18,,,
2021-06-18,578.18,941.04,454.41,237.57,622.17,323.46,1887.97,1013.42,800.05,1416.94,1060.14,1044.89,1129.95,,,
2021-06-21,575.56,953.72,457.87,234.04,617.86,323.07,1897.82,1016.62,784.78,1468.85,1039.09,1046.8,1129.62,,,
2021-06-22,588.52,958.55,471.71,235.25,640.95,331.0,1918.67,1045.04,807.94,1464.86,1088.98,1057.8,1155.86,,,
2021-06-23,594.61,954.32,478.82,240.17,648.81,339.34,1932.87,1060.68,824.73,1502.13,1118.83,1040.11,1164.06,,,
2021-06-24,598.69,959.16,480.93,241.56,650.34,339.74,1939.51,1083.42,825.4,1542.73,1116.28,1070.24,1187.68,,,
2021-06-25,610.04,975.46,497.65,245.64,657.44,350.45,1964.25,1081.29,839.0,1531.41,1126.49,1091.76,1200.8,,,
2021-06-28,606.09,992.38,499.18,244.16,645.77,348.27,1971.81,1094.08,831.44,1482.16,1146.52,1065.93,1201.45,,,
2021-06-29,597.56,986.94,484.58,238.5,646.53,344.89,1947.07,1083.78,829.09,1500.13,1136.69,1049.67,1179.15,,,
2021-06-30,602.76,987.54,487.46,237.66,651.35,346.68,1944.78,1099.41,824.73,1540.73,1163.87,1067.37,1179.81,,,
2021-07-01,600.53,989.36,486.12,235.9,651.35,342.51,1958.53,1095.86,824.73,1541.4,1192.32,1045.85,1180.46,,,
2021-07-02,606.39,989.96,490.73,235.9,658.46,346.09,1956.92,1099.41,852.43,1532.74,1207.13,1083.63,1187.02,,,
2021-07-05,615.97,1000.23,508.79,244.34,664.29,352.24,1979.14,1106.52,863.51,1494.14,1198.37,1085.06,1220.81,,,
2021-07-06,622.11,999.62,516.67,248.43,667.84,355.61,1973.64,1100.12,867.37,1540.07,1170.24,1108.97,1233.27,,,
2021-07-07,608.34,974.26,490.73,249.08,650.08,338.94,1930.12,1102.96,843.53,1526.09,1167.01,1084.58,1189.97,,,
2021-07-08,602.57,982.71,476.7,248.71,644.75,333.19,1928.29,1109.36,837.15,1534.08,1165.96,1086.97,1175.21,,,
2021-07-09,609.26,1000.23,484.0,247.22,658.2,338.74,1958.07,1140.27,837.32,1559.37,1168.05,1086.5,1182.43,,,
2021-07-12,612.3,1011.7,486.31,247.13,663.79,340.73,1967.46,1144.18,844.71,1593.97,1158.52,1085.54,1180.46,,,
2021-07-13,615.74,1012.91,497.65,247.22,669.37,341.12,1965.63,1128.55,861.66,1601.96,1167.66,1098.45,1200.8,,,
2021-07-14,617.37,1002.04,499.95,246.02,676.73,338.74,1943.64,1129.97,882.64,1619.93,1192.46,1097.02,1199.16,,,
2021-07-15,608.51,993.58,487.85,248.24,668.86,319.3,1916.84,1129.26,877.1,1603.96,1179.67,1086.5,1179.15,,,
2021-07-16,618.41,1006.87,490.35,251.96,685.1,319.89,1926.91,1132.46,887.18,1635.9,1182.93,1115.67,1185.05,,,
2021-07-19,623.34,1022.58,495.92,250.66,697.53,322.47,1970.44,1174.03,903.96,1680.5,1205.38,1105.15,1193.58,,,
2021-07-20,609.81,1015.93,477.86,239.89,689.67,312.15,1965.86,1112.56,896.58,1666.52,1148.08,1108.01,1164.06,,,
2021-07-21,618.07,1010.5,498.61,240.54,685.86,308.78,1976.62,1129.61,908.83,1675.17,1162.83,1138.14,1193.25,,,
2021-07-22,625.08,1012.91,512.06,243.6,692.2,314.93,1977.54,1128.9,909.84,1662.53,1195.59,1144.84,1211.62,,,
2021-07-23,621.41,1005.66,514.75,246.67,685.61,313.74,1971.35,1107.23,899.93,1697.13,1205.9,1118.54,1207.36,,,
2021-07-26,616.93,986.34,511.48,244.81,678.25,307.98,1931.04,1086.26,902.62,1694.47,1201.2,1116.62,1193.91,,,
2021-07-27,615.21,982.11,514.94,244.72,675.46,315.13,1916.38,1085.55,893.22,1695.8,1211.77,1085.54,1193.25,,,
2021-07-28,621.36,994.79,518.4,245.18,672.67,321.28,1936.76,1091.95,897.75,1715.1,1207.2,1105.62,1186.04,,,
2021-07-29,627.8,1003.25,529.35,248.24,679.52,325.65,1964.71,1108.65,914.37,1704.45,1190.37,1111.84,1197.19,,,
2021-07-30,635.99,1005.06,529.54,249.17,702.61,325.65,1972.96,1106.87,918.06,1682.49,1170.01,1118.06,1217.2,,,
2021-08-02,627.72,987.54,528.39,250.84,680.79,326.64,1930.58,1079.51,894.56,1665.85,1153.56,1099.69,1221.79,,,
2021-08-03,617.06,971.6,515.58,247.38,666.96,320.23,1899.05,1088.26,881.13,1660.09,1119.21,1077.5,1210.11,,,
2021-08-04,624.86,975.7,523.66,250.99,669.38,321.81,1911.47,1127.43,897.43,1696.74,1143.36,1097.44,1209.02,,,
2021-08-05,616.72,971.72,503.23,248.41,666.55,318.37,1899.08,1130.09,895.55,1660.0,1120.03,1074.17,1175.12,,,
2021-08-06,632.29,974.62,523.93,254.09,671.41,326.52,1907.16,1121.85,909.65,1680.12,1130.77,1124.35,1193.63,,,
2021-08-09,626.61,976.43,509.97,253.06,660.45,311.37,1898.64,1120.41,909.99,1678.73,1114.43,1129.06,1177.01,,,
2021-08-10,632.88,992.12,513.26,254.34,670.92,313.7,1930.63,1126.87,898.04,1701.71,1131.56,1138.93,1182.12,,,
2021-08-11,636.77,998.16,512.1,252.81,682.61,317.0,1941.68,1128.67,890.54,1710.76,1152.77,1148.79,1177.33,,,
2021-08-12,634.87,997.55,512.1,249.48,688.69,316.62,1949.51,1125.8,885.76,1641.83,1151.71,1139.78,1173.17,,,
2021-08-13,641.95,1007.21,510.55,251.7,691.61,315.26,1950.2,1127.95,873.9,1627.21,1150.0,1171.52,1165.26,,,
2021-08-16,643.57,1008.42,498.91,250.59,693.07,307.87,1951.58,1146.62,869.52,1628.6,1149.08,1182.24,1147.31,,,
2021-08-17,641.47,1015.66,501.63,254.43,696.0,304.38,1953.65,1136.93,862.64,1634.17,1123.65,1168.08,1137.9,,,
2021-08-18,639.25,1011.43,494.26,255.54,695.02,306.51,1952.04,1124.72,864.69,1646.01,1131.16,1156.08,1133.34,,,
2021-08-19,627.48,984.28,482.43,247.18,684.8,296.61,1903.48,1131.18,844.32,1634.87,1094.8,1156.08,1118.77,,,
2021-08-20,627.92,981.26,481.08,242.91,684.07,292.72,1898.87,1111.79,843.97,1576.38,1107.45,1175.8,1113.71,,,
2021-08-23,633.83,986.69,480.3,244.96,711.09,293.11,1913.6,1101.38,854.16,1581.95,1133.14,1171.52,1110.22,,,
2021-08-24,631.31,998.16,485.54,245.64,690.88,298.36,1926.26,1108.56,852.95,1571.51,1130.9,1172.8,1115.29,,,
2021-08-25,629.48,993.93,486.31,246.92,696.0,295.64,1914.29,1098.15,856.57,1517.89,1116.01,1170.66,1114.66,,,
2021-08-26,615.93,976.43,483.21,239.76,678.47,295.25,1868.73,1087.73,840.52,1530.42,1100.33,1135.07,1093.12,,,
2021-08-27,622.7,979.45,488.83,235.58,685.28,305.16,1878.62,1090.6,876.94,1545.74,1134.72,1155.22,1104.21,,,
2021-08-30,623.77,988.5,483.01,236.69,685.28,303.41,1884.61,1089.53,862.96,1633.47,1143.68,1165.51,1099.46,,,
2021-08-31,619.74,969.79,477.97,236.17,679.44,304.38,1871.95,1077.32,864.51,1636.96,1165.42,1153.08,1097.24,,,
2021-09-01,624.77,974.62,478.17,236.17,692.34,303.8,1883.46,1064.75,865.72,1650.88,1162.12,1159.51,1096.92,,,
2021-09-02,626.23,999.97,468.47,233.96,703.06,307.68,1921.43,1100.1,885.23,1651.58,1164.13,1152.22,1096.92,,,
2021-09-03,632.42,1010.83,478.36,235.58,704.27,313.31,1931.78,1113.52,890.75,1679.43,1168.37,1169.37,1118.46,,,
2021-09-06,634.86,1005.4,475.84,235.75,710.36,306.32,1923.04,1111.47,896.97,1696.14,1167.02,1174.52,1112.44,,,
2021-09-07,653.35,1021.69,476.42,234.04,742.98,309.04,1956.64,1107.22,911.47,1715.64,1165.67,1228.55,1111.81,,,
2021-09-08,651.74,1028.33,462.27,227.13,744.68,303.99,1963.77,1102.45,909.74,1723.99,1222.43,1244.84,1070.96,,,
2021-09-09,658.06,1020.48,463.82,227.22,744.44,314.48,1952.5,1103.19,904.39,1815.9,1205.19,1279.58,1072.86,,,
2021-09-10,653.89,1024.71,462.27,229.18,731.54,310.59,1954.57,1118.96,905.77,1776.21,1208.77,1271.0,1079.51,,,
2021-09-13,659.49,1027.73,471.77,230.72,742.25,311.95,1966.54,1097.68,919.75,1760.2,1246.56,1268.43,1098.82,,,
2021-09-14,653.79,1033.76,479.52,235.07,733.73,317.2,1979.65,1098.42,939.61,1746.97,1255.85,1235.84,1107.69,,,
2021-09-15,665.27,1083.85,482.82,234.98,756.61,318.17,2079.53,1096.58,935.98,1788.05,1258.76,1238.41,1117.51,,,
2021-09-16,673.6,1077.82,482.82,235.92,760.75,318.56,2071.94,1063.2,941.51,1856.98,1252.13,1286.44,1118.77,,,
2021-09-17,663.86,1057.3,480.3,234.38,736.41,307.1,2043.63,1098.78,937.02,1875.08,1211.95,1248.7,1113.39,,,
2021-09-22,683.04,1070.57,474.68,226.88,766.84,303.41,2096.33,1097.68,938.74,1983.01,1202.01,1361.05,1094.71,,,
2021-09-23,702.24,1076.0,484.76,227.56,794.1,305.54,2150.65,1092.18,958.42,2029.66,1197.23,1379.06,1117.51,,,
2021-09-24,689.63,1090.49,500.08,227.99,783.39,316.03,2141.21,1061.36,973.96,1921.04,1198.82,1337.04,1142.84,,,
2021-09-27,729.05,1114.63,504.15,233.79,825.99,322.25,2188.39,1072.0,1015.91,1979.53,1191.53,1451.1,1152.34,,,
2021-09-28,740.18,1144.2,508.61,236.09,861.54,329.05,2263.18,1050.36,1063.55,2012.95,1241.92,1453.67,1182.74,,,
2021-09-29,737.57,1132.73,494.26,235.66,851.55,324.39,2239.02,1055.86,1045.25,2033.14,1198.03,1472.97,1154.56,,,
2021-09-30,743.94,1196.1,493.29,242.06,917.53,324.97,2336.37,1065.03,1116.89,2061.69,1235.96,1505.99,1179.89,,,
2021-10-08,737.19,1182.82,525.67,245.56,910.71,337.98,2314.27,1071.27,1102.05,2157.08,1278.39,1441.67,1242.59,,,
2021-10-11,792.98,1206.96,542.16,252.04,976.93,337.79,2370.66,1072.19,1189.4,2277.53,1330.31,1500.84,1304.02,,,
2021-10-12,806.22,1193.08,527.81,252.21,986.91,333.9,2317.04,1036.56,1186.46,2306.78,1305.7,1536.43,1303.71,,,
2021-10-13,763.26,1158.68,522.76,246.24,938.95,325.55,2254.21,1014.1,1103.43,2113.91,1267.99,1491.41,1266.97,,,
2021-10-14,761.01,1150.84,521.8,247.6,933.11,325.36,2233.73,1014.17,1138.82,2067.95,1282.0,1470.83,1284.07,,,
2021-10-15,759.96,1158.68,537.11,251.61,915.82,323.22,2253.29,1004.41,1201.31,2143.15,1302.26,1472.97,1339.17,,,
2021-10-18,771.59,1169.54,539.83,250.59,939.19,314.09,2245.23,994.28,1282.96,2248.99,1295.38,1530.86,1324.29,,,
2021-10-19,757.26,1156.87,537.5,260.23,926.78,310.98,2219.23,963.5,1264.32,2233.67,1270.09,1483.26,1318.27,,,
2021-10-20,719.47,1111.61,527.42,260.4,845.96,299.13,2117.74,983.02,1168.51,2073.52,1246.38,1381.2,1254.94,,,
2021-10-21,721.17,1123.08,523.73,259.89,810.66,295.25,2132.24,977.76,1123.28,2014.34,1246.25,1343.9,1254.31,,,
2021-10-22,695.55,1103.77,525.48,251.61,794.35,294.86,2076.54,971.38,1088.07,1939.84,1230.76,1290.72,1240.06,,,
2021-10-25,679.09,1094.11,528.19,249.14,774.14,301.46,2037.19,934.6,1080.12,1918.25,1282.53,1212.68,1239.74,,,
2021-10-26,675.78,1090.49,529.36,253.32,773.41,308.46,2039.95,928.22,1048.02,1937.75,1247.18,1191.24,1228.02,,,
2021-10-27,647.57,1051.26,509.77,253.57,699.16,309.04,1969.99,915.46,964.29,1762.98,1198.98,1214.83,1191.29,,,
2021-10-28,652.49,1057.3,504.54,258.78,675.06,310.79,1992.54,892.94,996.57,1803.37,1213.81,1226.4,1162.16,,,
2021-10-29,648.02,1057.9,499.88,253.83,694.54,310.59,1997.37,918.46,946.17,1718.42,1240.29,1201.1,1152.02,,,
2021-11-01,646.47,1062.25,501.82,249.05,700.13,310.01,1989.32,922.59,976.89,1632.78,1230.1,1116.63,1161.52,,,
2021-11-02,640.96,1046.19,505.9,245.47,691.61,320.18,1967.69,924.38,985.7,1600.75,1215.79,1099.05,1169.76,,,
2021-11-03,660.94,1068.16,493.29,248.71,712.06,315.56,2017.4,935.74,982.25,1709.37,1231.48,1201.53,1140.62,,,
2021-11-04,641.16,1052.23,484.95,236.69,703.3,295.21,1964.0,936.49,960.32,1676.64,1219.35,1131.21,1129.86,,,
2021-11-05,629.97,1076.49,481.66,237.71,673.84,288.59,1980.11,939.46,934.08,1663.41,1194.55,1099.9,1120.36,,,
2021-11-08,635.42,1074.32,497.17,238.56,684.31,292.27,1972.98,950.59,945.65,1657.84,1226.29,1077.61,1137.77,,,
2021-11-09,629.86,1069.97,492.32,237.54,674.33,288.98,1976.2,943.17,933.91,1616.76,1186.08,1097.76,1126.37,,,
2021-11-10,627.82,1076.49,502.02,240.18,654.61,294.98,1975.51,916.1,942.37,1617.46,1205.44,1077.18,1143.47,,,
2021-11-11,633.54,1080.95,486.12,241.29,665.08,296.73,1996.91,914.24,937.53,1627.9,1165.24,1150.93,1116.24,,,
2021-11-12,619.55,1088.2,484.57,245.56,623.45,302.15,1995.99,907.94,890.41,1575.68,1163.09,1083.61,1093.76,,,
2021-11-15,611.92,1055.12,479.52,248.03,609.82,305.44,1927.18,907.2,893.0,1576.38,1130.82,1070.74,1092.17,,,
2021-11-16,615.91,1053.31,485.92,250.67,623.21,305.25,1911.07,902.75,899.04,1584.73,1142.11,1090.9,1100.09,,,
2021-11-17,618.03,1053.43,482.63,249.31,622.48,300.21,1922.35,914.24,883.16,1592.39,1108.77,1117.91,1097.56,,,
2021-11-18,607.82,1046.68,468.67,245.47,620.53,292.47,1913.6,935.75,857.09,1543.65,1088.33,1108.91,1073.49,,,
2021-11-19,626.08,1065.14,479.14,255.79,632.94,294.98,1924.65,944.29,878.84,1522.07,1121.54,1157.36,1084.26,,,
2021-11-22,625.35,1054.52,469.44,263.89,643.41,290.14,1900.49,957.64,886.26,1524.16,1115.09,1150.93,1081.72,,,
2021-11-23,622.57,1074.8,466.92,261.25,655.1,286.46,1909.0,962.46,897.66,1555.49,1091.56,1136.35,1080.14,,,
2021-11-24,630.56,1075.04,475.84,263.89,662.64,294.71,1937.77,969.51,900.42,1617.46,1099.89,1150.93,1106.74,,,
2021-11-25,632.82,1072.87,480.88,264.66,670.92,299.12,1911.53,976.55,909.22,1669.68,1079.19,1138.07,1126.69,,,
2021-11-26,612.14,1045.83,464.98,255.88,645.36,291.33,1885.99,999.92,872.63,1647.4,1039.12,1093.9,1094.39,,,
2021-11-29,610.28,1037.99,449.08,259.06,649.99,277.68,1872.41,1031.44,850.88,1681.52,1017.74,1124.77,1053.54,,,
2021-11-30,595.72,1018.07,428.53,250.84,641.47,270.69,1832.59,1043.31,839.48,1641.83,1011.69,1123.06,1030.74,,,
2021-12-01,611.83,1026.88,434.93,255.41,657.05,274.09,1865.73,1108.96,856.57,1641.13,1045.7,1152.65,1047.53,,,
2021-12-02,597.73,1010.16,430.29,247.53,639.93,267.1,1842.44,1112.02,848.45,1610.64,1037.32,1132.07,1043.55,,,
2021-12-03,595.0,1030.74,432.06,247.12,639.46,270.88,1838.93,1106.59,836.77,1568.92,1073.49,1129.14,1050.04,,,
2021-12-06,596.33,1045.45,433.83,245.6,649.47,268.8,1863.04,1101.57,819.88,1576.97,1058.31,1139.17,1051.25,,,
2021-12-07,600.96,1036.0,443.89,243.59,648.05,277.68,1867.51,1132.1,835.31,1604.6,1084.31,1135.36,1058.79,,,
2021-12-08,592.19,1021.53,440.09,245.44,642.86,277.68,1848.6,1151.58,840.67,1572.15,1085.12,1057.95,1054.09,,,
2021-12-09,595.1,1024.21,449.97,241.32,640.27,277.49,1841.21,1143.01,851.4,1584.69,1059.11,995.67,1070.08,,,
2021-12-10,584.33,1002.33,443.89,243.25,642.08,272.95,1820.68,1102.89,827.7,1596.49,1084.99,1004.56,1050.95,,,
2021-12-13,596.97,1020.56,452.44,247.79,664.13,280.13,1866.13,1085.75,852.61,1653.27,1097.25,1017.91,1074.78,,,
2021-12-14,594.16,1031.87,444.27,247.62,670.1,277.11,1867.7,1095.48,860.57,1680.55,1113.02,1025.03,1064.75,,,
2021-12-15,587.33,1010.59,442.37,245.18,664.65,275.22,1832.6,1089.25,847.18,1687.93,1103.18,988.99,1056.28,,,
2021-12-16,596.88,1017.4,446.55,247.53,686.7,286.74,1862.19,1098.6,857.21,1782.32,1100.08,1035.26,1074.47,,,
2021-12-17,597.4,1032.84,446.36,245.18,694.49,292.79,1884.09,1054.58,856.76,1769.04,1081.89,1056.17,1079.48,,,
2021-12-20,583.35,1032.96,433.64,238.55,678.14,290.14,1875.98,1062.76,821.31,1713.74,1064.37,1016.58,1050.01,,,
2021-12-21,584.52,1038.31,442.94,239.56,666.21,293.92,1874.82,1063.54,817.16,1698.99,1050.62,1038.82,1058.16,,,
2021-12-22,587.05,1035.17,454.14,241.83,662.84,294.49,1866.72,1080.68,821.48,1681.29,1041.86,1036.15,1068.51,,,
2021-12-23,591.97,1038.58,458.7,243.67,666.21,300.91,1890.11,1125.87,819.23,1721.85,1075.42,1031.26,1076.66,,,
2021-12-24,599.0,1048.01,462.12,240.57,676.85,302.04,1906.08,1136.39,840.16,1790.43,1116.39,1020.14,1095.16,,,
2021-12-27,590.48,1022.23,460.22,242.67,656.09,300.34,1841.02,1127.04,825.98,1763.14,1096.58,1016.58,1082.93,,,
2021-12-28,596.06,1037.23,469.33,247.53,654.54,306.39,1847.73,1133.27,833.41,1771.25,1119.22,1016.58,1106.13,,,
2021-12-29,600.0,1048.69,470.66,248.79,660.24,310.54,1884.55,1153.14,841.37,1763.88,1125.42,1017.02,1105.19,,,
2021-12-30,602.32,1048.2,474.65,248.79,659.98,312.24,1890.57,1172.23,848.29,1780.1,1144.43,998.34,1111.78,,,
2021-12-31,599.9,1039.3,476.36,249.38,642.86,315.83,1885.48,1179.63,853.47,1790.43,1152.65,971.2,1108.33,,,
2022-01-04,605.22,1065.4,479.02,246.7,672.18,313.57,1918.82,1183.92,873.54,1822.87,1159.93,988.1,1114.28,,,
2022-01-05,606.91,1047.71,487.75,247.62,669.06,313.57,1904.69,1179.24,874.23,1830.25,1137.15,1001.01,1127.77,,,
2022-01-06,608.33,1059.42,485.47,244.18,675.81,314.32,1917.43,1172.23,889.79,1792.64,1136.91,1028.59,1128.39,,,
2022-01-07,620.4,1068.2,504.46,250.3,683.33,322.63,1938.04,1210.41,912.79,1879.65,1165.1,1039.71,1158.81,,,
2022-01-10,620.93,1047.59,496.29,252.66,678.14,317.15,1904.0,1219.37,897.57,1878.18,1125.32,1073.52,1147.52,,,
2022-01-11,623.76,1053.45,496.67,252.15,663.88,317.53,1904.23,1190.93,882.53,1867.85,1143.21,1098.88,1140.31,,,
2022-01-12,627.34,1070.15,497.05,253.33,668.29,320.93,1923.45,1220.54,888.58,1873.75,1162.57,1106.0,1147.52,,,
2022-01-13,628.3,1067.59,498.95,250.56,676.85,318.1,1929.24,1214.69,899.13,1860.48,1148.32,1094.88,1151.28,,,
2022-01-14,644.18,1080.4,511.29,254.92,703.83,322.25,1955.87,1225.21,927.15,1871.54,1176.69,1153.6,1175.74,,,
2022-01-17,637.37,1070.03,505.98,250.47,704.61,322.44,1931.09,1192.1,918.67,1839.1,1178.71,1135.81,1168.21,,,
2022-01-18,642.48,1083.93,512.05,249.13,719.65,330.19,1956.56,1191.71,918.85,1850.89,1161.63,1138.03,1181.07,,,
2022-01-19,651.44,1089.3,512.05,250.14,729.25,335.67,1971.84,1217.81,922.65,1900.3,1169.83,1154.94,1183.89,,,
2022-01-20,650.52,1096.25,509.96,250.81,725.88,344.36,1985.73,1210.8,931.47,1909.15,1161.36,1145.15,1178.24,,,
2022-01-21,655.8,1093.57,498.76,245.35,725.1,339.44,1976.24,1234.56,905.7,1925.37,1128.14,1206.55,1151.28,,,
2022-01-24,646.99,1083.93,507.3,240.74,718.1,337.37,1959.11,1177.68,923.17,1912.84,1141.73,1194.53,1174.8,,,
2022-01-25,647.52,1084.3,500.85,240.23,720.95,334.91,1959.57,1170.28,898.61,1898.09,1155.98,1201.21,1156.3,,,
2022-01-26,660.52,1105.4,513.57,241.07,731.85,339.82,2000.79,1171.45,928.53,1927.58,1200.22,1231.46,1184.83,,,
2022-01-27,663.42,1102.96,521.73,236.79,731.85,341.71,1993.14,1151.19,952.57,1918.74,1219.59,1267.5,1198.31,,,
2022-01-28,663.59,1084.18,520.03,237.55,732.36,346.43,1960.96,1226.38,940.29,1889.24,1222.82,1281.29,1192.35,,,
2022-02-07,688.31,1152.23,552.49,242.92,765.83,362.68,2072.8,1231.45,956.89,1979.2,1249.17,1320.44,1245.65,,,
2022-02-08,690.35,1137.84,552.68,245.94,761.42,357.2,2046.17,1248.98,949.28,1991.0,1249.6,1328.89,1246.91,,,
2022-02-09,677.56,1101.37,540.53,246.02,732.36,341.14,1987.12,1242.74,914.0,1949.71,1213.38,1315.54,1214.93,,,
2022-02-10,697.85,1105.4,540.15,248.04,726.14,342.09,1991.76,1260.66,910.72,1982.89,1209.51,1390.29,1211.79,,,
2022-02-11,675.46,1092.35,529.33,243.17,702.01,338.31,1958.41,1235.73,888.41,1893.66,1213.0,1322.66,1192.04,,,
2022-02-14,681.01,1089.54,543.38,245.35,713.94,345.87,1966.29,1255.6,905.01,1852.37,1223.74,1314.21,1218.69,,,
2022-02-15,671.31,1090.64,540.72,240.99,715.5,343.41,1970.92,1251.7,911.76,1822.14,1228.84,1275.5,1208.34,,,
2022-02-16,666.23,1082.47,518.89,239.81,713.43,334.91,1961.19,1248.59,887.54,1845.73,1203.6,1295.52,1166.64,,,
2022-02-17,646.51,1059.18,508.82,235.87,695.78,328.3,1930.63,1236.51,866.27,1826.56,1182.92,1226.12,1147.52,,,
2022-02-18,655.56,1064.91,511.48,240.23,718.1,328.87,1936.18,1270.4,873.54,1825.82,1198.37,1247.03,1153.16,,,
2022-02-21,663.73,1060.15,510.72,239.64,719.39,331.7,1932.71,1266.51,866.96,1822.14,1210.45,1295.52,1149.09,,,
2022-02-22,662.23,1059.18,527.05,234.86,721.21,348.51,1935.26,1274.3,867.66,1775.68,1228.58,1269.72,1166.64,,,
2022-02-23,663.92,1073.08,520.97,235.28,732.88,343.98,1951.23,1289.88,868.87,1768.3,1231.13,1279.51,1155.36,,,
2022-02-24,668.74,1077.96,550.02,236.2,733.66,336.42,1968.83,1292.22,886.85,1801.49,1258.38,1239.91,1205.21,,,
2022-02-25,651.4,1074.06,541.86,234.27,716.8,329.43,1977.4,1305.86,865.58,1732.17,1243.88,1158.94,1193.29,,,
2022-02-28,653.73,1077.47,534.64,232.85,751.04,328.3,2007.27,1302.35,846.9,1816.97,1244.69,1153.6,1171.97,,,
2022-03-01,657.48,1091.86,542.43,230.41,764.01,339.26,2019.31,1310.53,870.94,1819.19,1235.29,1158.94,1189.84,,,
2022-03-02,679.54,1112.72,568.44,234.02,782.95,352.86,2063.07,1322.22,909.51,1902.51,1280.92,1187.41,1233.43,,,
2022-03-03,695.5,1136.5,595.97,234.69,814.34,349.64,2121.42,1355.72,952.4,1981.42,1324.98,1217.22,1281.4,,,
2022-03-04,682.81,1113.69,573.57,230.41,793.85,350.97,2071.18,1342.09,937.7,1960.03,1309.44,1204.77,1240.64,,,
2022-03-07,714.95,1148.94,613.82,231.42,856.37,373.45,2179.77,1389.61,985.6,2033.03,1371.22,1223.01,1304.91,,,
2022-03-08,708.67,1146.25,594.83,228.98,843.66,404.24,2170.51,1407.14,963.98,2052.21,1398.49,1179.85,1279.83,,,
2022-03-09,719.99,1182.11,621.98,238.22,853.52,416.32,2240.44,1448.83,1001.34,2024.92,1416.12,1114.45,1329.37,,,
2022-03-10,693.2,1141.99,571.86,235.78,809.15,379.11,2148.05,1416.49,943.75,2047.78,1351.96,1175.4,1246.28,,,
2022-03-11,687.17,1131.99,575.65,232.09,812.01,375.71,2129.06,1406.75,935.28,2042.62,1341.25,1144.71,1241.26,,,
2022-03-14,663.15,1104.42,561.04,225.88,774.91,360.41,2060.06,1345.59,887.54,2054.42,1304.35,1089.98,1209.91,,,
2022-03-15,648.05,1069.06,541.1,224.12,757.01,334.34,2000.09,1307.41,874.23,2024.19,1290.25,1089.54,1170.09,,,
2022-03-16,655.04,1081.13,546.99,223.86,764.79,343.79,2026.49,1335.07,897.57,2002.06,1285.9,1091.32,1180.13,,,
2022-03-17,651.85,1084.3,541.1,223.11,759.6,337.08,2019.08,1318.71,889.1,2004.28,1288.08,1093.1,1171.03,,,
2022-03-18,669.7,1102.96,572.05,225.79,783.47,348.79,2053.81,1329.62,918.5,2064.74,1315.2,1123.8,1213.67,,,
2022-03-21,670.55,1094.18,569.96,226.55,794.63,345.3,2051.03,1311.7,902.24,2155.44,1299.74,1090.43,1213.67,,,
2022-03-22,674.61,1091.5,582.11,225.12,800.33,356.16,2048.72,1361.17,893.77,2123.74,1308.83,1103.78,1223.71,,,
2022-03-23,678.92,1098.33,583.06,224.28,794.11,354.46,2060.76,1387.67,890.83,2075.07,1324.97,1138.48,1215.24,,,
2022-03-24,683.37,1102.59,584.2,226.05,788.14,364.76,2072.1,1368.19,880.63,2078.75,1340.3,1161.61,1218.38,,,
2022-03-25,696.8,1114.3,598.63,226.8,807.08,380.15,2093.64,1321.05,906.57,2039.67,1353.32,1227.45,1245.03,,,
2022-03-28,693.92,1124.3,576.98,225.12,802.93,376.09,2111.93,1366.63,908.64,2050.73,1340.71,1225.23,1219.0,,,
2022-03-29,697.68,1135.4,573.76,224.28,792.29,375.71,2118.41,1356.11,912.27,2034.51,1338.53,1248.36,1205.83,,,
2022-03-30,703.89,1133.08,577.36,228.06,785.29,375.43,2102.2,1333.9,907.78,2061.79,1339.62,1272.92,1207.72,,,
2022-03-31,697.04,1118.2,576.41,230.08,756.75,370.05,2065.39,1318.71,886.85,2052.94,1312.22,1268.13,1209.91,,,
2022-04-01,695.21,1104.06,565.78,228.56,749.49,362.21,2038.76,1319.88,877.51,2010.91,1319.27,1279.32,1187.65,,,
2022-04-06,694.68,1105.79,585.76,228.75,767.41,377.6,2039.96,1365.03,875.79,2033.46,1350.55,1237.19,1224.16,,,
2022-04-07,689.83,1103.23,575.5,224.06,760.74,360.6,2034.97,1316.89,875.75,2026.49,1349.73,1226.67,1214.78,,,
2022-04-08,686.64,1094.58,572.18,224.06,745.23,353.71,2025.08,1334.02,873.31,1979.77,1359.8,1238.45,1204.84,,,
2022-04-11,680.73,1082.72,562.52,223.96,727.47,350.59,1989.25,1361.28,835.29,1987.43,1324.64,1239.71,1178.73,,,
2022-04-12,703.75,1088.93,584.41,224.05,736.23,356.54,2025.47,1357.42,847.11,2006.38,1341.97,1303.65,1214.36,,,
2022-04-13,696.03,1077.12,581.91,220.74,738.55,364.38,2006.09,1348.92,828.26,2044.28,1317.82,1296.08,1205.92,,,
2022-04-14,706.67,1084.79,581.91,222.64,743.18,362.11,2019.7,1355.87,834.6,2052.62,1324.64,1320.06,1220.61,,,
2022-04-15,700.79,1077.36,588.25,220.66,737.0,365.13,2008.63,1360.12,833.75,2119.32,1298.72,1318.8,1219.36,,,
2022-04-18,735.65,1100.18,592.86,222.89,761.69,373.07,2043.72,1361.67,849.1,2133.72,1317.82,1364.65,1239.67,,,
2022-04-19,728.19,1096.24,596.89,223.22,756.87,373.73,2040.31,1389.09,853.71,2114.02,1302.4,1351.61,1249.98,,,
2022-04-20,718.16,1092.44,593.24,221.65,751.75,367.59,2039.62,1384.84,858.27,2120.08,1325.19,1307.02,1250.92,,,
2022-04-21,716.26,1091.0,597.85,219.5,746.6,374.77,2041.05,1406.08,851.29,2139.03,1331.06,1308.28,1248.73,,,
2022-04-22,713.94,1080.89,592.09,215.28,730.07,375.05,2016.41,1409.55,851.29,2136.0,1332.28,1306.6,1229.98,,,
2022-04-25,675.67,1053.11,569.24,209.49,689.91,360.03,1956.06,1327.3,805.09,2114.77,1284.26,1217.0,1192.8,,,
2022-04-26,683.99,1050.79,583.45,208.99,691.94,377.03,1964.35,1315.33,786.61,2223.92,1292.17,1213.21,1213.42,,,
2022-04-27,692.94,1057.62,587.87,210.07,680.76,388.75,1976.33,1371.32,786.95,2231.5,1327.24,1247.7,1204.67,,,
2022-04-28,701.53,1057.49,590.75,208.58,684.32,400.17,1979.78,1398.35,815.17,2271.68,1314.0,1267.06,1218.11,,,
2022-04-29,712.04,1067.85,611.29,213.63,688.64,398.76,2009.03,1404.92,834.83,2207.25,1351.25,1263.69,1253.99,,,
2022-05-05,728.72,1087.47,615.13,213.46,707.7,408.58,2042.89,1417.28,853.98,2251.21,1362.57,1287.67,1267.93,,,
2022-05-06,715.86,1075.16,618.39,210.81,704.65,404.66,2029.07,1407.62,846.09,2240.6,1378.71,1254.44,1283.62,,,
2022-05-09,709.99,1060.42,613.21,205.69,682.03,408.98,1999.82,1417.66,836.01,2260.31,1365.06,1231.72,1278.75,,,
2022-05-10,691.35,1052.13,593.24,211.14,675.17,393.15,1982.32,1427.32,841.89,2203.46,1319.45,1168.62,1260.92,,,
2022-05-11,701.0,1057.74,609.37,211.39,686.86,403.43,1995.68,1420.37,846.09,2204.22,1347.42,1201.01,1266.56,,,
2022-05-12,702.98,1048.84,631.64,210.57,693.47,402.93,1974.48,1412.64,842.56,2205.73,1370.23,1169.88,1296.33,,,
2022-05-13,706.09,1053.47,643.16,212.3,702.87,405.36,1976.56,1407.62,874.14,2219.38,1383.92,1180.82,1316.69,,,
2022-05-16,714.65,1056.15,644.89,216.19,704.15,402.46,1982.08,1409.94,865.24,2224.68,1370.23,1209.0,1315.44,,,
2022-05-17,716.14,1062.25,649.11,216.19,704.4,412.21,1989.46,1415.35,864.06,2244.39,1382.69,1199.33,1320.45,,,
2022-05-18,708.18,1054.94,634.33,214.7,684.83,409.21,1969.88,1409.55,855.33,2217.86,1381.04,1185.45,1297.58,,,
2022-05-19,721.79,1045.56,636.63,216.19,691.69,411.27,1956.29,1428.48,851.46,2175.41,1381.04,1239.71,1301.03,,,
2022-05-20,720.29,1031.67,642.97,216.44,692.45,411.55,1943.39,1425.0,832.65,2139.79,1370.23,1256.12,1305.41,,,
2022-05-23,716.82,1039.83,641.62,215.78,715.08,413.99,1952.14,1396.42,847.6,2152.67,1365.31,1231.72,1290.69,,,
2022-05-24,706.21,1034.83,631.64,215.36,692.96,415.87,1941.54,1371.32,823.07,2156.46,1352.86,1220.78,1279.72,,,
2022-05-25,722.86,1040.68,644.89,217.43,695.76,419.34,1959.28,1387.93,826.93,2175.41,1369.55,1256.54,1299.46,,,
2022-05-26,729.46,1065.9,645.08,219.25,711.01,421.21,2014.79,1371.71,835.17,2151.16,1408.82,1261.59,1291.63,,,
2022-05-27,733.05,1071.38,642.97,218.67,713.04,431.99,2009.73,1379.43,821.72,2101.13,1419.22,1279.25,1283.17,,,
2022-05-30,736.48,1081.13,648.34,217.43,707.7,437.53,2027.23,1397.2,843.9,2088.24,1416.89,1292.3,1296.95,,,
2022-05-31,741.92,1095.99,657.17,218.84,718.64,439.31,2050.5,1346.99,859.69,2095.07,1442.62,1294.82,1321.76,,,
2022-06-01,738.0,1098.31,642.58,220.32,731.6,431.53,2051.88,1350.47,851.97,2147.37,1435.91,1302.81,1296.33,,,
2022-06-02,744.25,1102.33,643.93,221.32,726.77,434.81,2047.73,1399.51,850.12,2223.17,1445.73,1315.43,1291.51,,,
2022-06-06,751.21,1099.28,683.67,220.82,727.79,446.53,2056.02,1396.42,863.22,2239.84,1506.66,1275.89,1352.06,,,
2022-06-07,760.37,1102.69,707.09,218.26,733.89,451.97,2053.49,1396.42,850.45,2250.45,1496.74,1288.93,1375.53,,,
2022-06-08,770.22,1114.02,723.79,219.5,748.63,456.66,2074.22,1386.38,881.7,2318.67,1541.2,1303.23,1405.25,,,
2022-06-09,764.73,1110.86,723.22,221.57,735.92,453.0,2066.62,1358.58,882.04,2259.55,1538.44,1282.2,1405.56,,,
2022-06-10,764.35,1109.88,721.87,221.32,739.99,455.53,2056.49,1380.98,891.62,2259.55,1559.67,1266.21,1414.33,,,
2022-06-13,753.21,1094.29,704.59,214.7,747.61,449.44,2029.3,1352.01,869.77,2157.22,1508.67,1272.52,1378.9,,,
2022-06-14,748.94,1091.49,699.99,212.96,747.11,456.75,2028.15,1349.7,886.07,2154.19,1505.5,1225.83,1380.4,,,
2022-06-15,733.73,1082.96,688.28,212.05,722.45,439.03,2007.42,1331.93,882.71,2132.97,1488.82,1223.31,1369.76,,,
2022-06-16,729.24,1066.15,677.72,212.39,713.55,438.18,1985.31,1341.2,878.85,2086.73,1475.03,1224.15,1358.19,,,
2022-06-17,724.74,1059.69,670.04,211.23,700.59,434.15,1969.65,1339.65,871.12,2084.45,1446.5,1214.47,1346.91,,,
2022-06-20,712.75,1046.77,665.62,211.89,679.23,413.71,1960.89,1332.32,825.92,2040.49,1415.76,1208.16,1319.99,,,
2022-06-21,707.88,1045.07,662.55,209.74,686.35,421.4,1963.89,1323.82,819.88,2074.6,1424.31,1161.05,1313.73,,,
2022-06-22,687.63,1033.37,649.11,206.76,676.95,408.55,1945.69,1283.27,790.64,2004.87,1401.15,1119.4,1288.99,,,
2022-06-23,695.35,1033.25,652.18,210.98,673.64,413.33,1942.01,1276.32,778.04,2059.44,1397.02,1155.58,1284.92,,,
2022-06-24,674.41,1014.85,615.13,211.72,646.7,408.18,1914.83,1242.34,748.81,2002.59,1356.35,1140.43,1231.7,,,
2022-06-27,688.83,1028.01,632.22,212.55,657.37,422.71,1943.85,1305.67,752.84,2051.1,1386.13,1158.94,1253.61,,,
2022-06-28,700.58,1041.05,644.89,213.87,669.32,431.9,1964.58,1338.11,760.23,2030.64,1401.7,1195.96,1277.41,,,
2022-06-29,697.58,1035.93,621.66,213.13,669.83,429.65,1955.13,1333.48,750.32,1950.29,1373.17,1208.58,1240.46,,,
2022-06-30,693.8,1029.11,621.46,212.96,670.08,432.09,1946.38,1330.0,764.94,1949.53,1385.99,1203.96,1248.92,,,
2022-07-01,676.06,1016.19,603.42,214.95,648.98,417.27,1921.27,1302.2,730.33,1954.84,1356.35,1154.32,1218.86,,,
2022-07-04,676.23,1038.37,624.73,216.35,649.49,419.99,1951.91,1294.86,740.75,1888.14,1389.95,1140.85,1238.9,,,
2022-07-05,673.13,1036.05,613.78,213.38,650.25,419.05,1942.24,1290.61,748.81,1884.35,1375.95,1124.87,1222.62,,,
2022-07-06,654.32,1005.35,595.16,209.32,633.99,395.42,1896.63,1274.0,721.93,1804.0,1330.04,1117.3,1197.26,,,
2022-07-07,650.27,999.99,580.19,209.57,643.9,383.89,1891.56,1277.09,752.51,1800.97,1291.24,1123.61,1187.07,,,
2022-07-08,649.69,1018.14,592.09,209.66,631.7,392.71,1918.28,1277.09,751.67,1724.41,1314.94,1074.81,1195.78,,,
2022-07-11,643.58,992.68,587.67,209.16,610.34,389.99,1872.67,1250.06,742.26,1679.69,1313.25,1073.55,1189.08,,,
2022-07-12,625.98,977.45,563.1,209.82,590.77,383.14,1851.02,1248.52,714.2,1647.1,1261.05,1028.96,1155.31,,,
2022-07-13,616.65,968.31,534.69,201.63,593.57,367.76,1840.19,1264.74,720.42,1578.88,1258.51,1043.68,1109.62,,,
2022-07-14,607.11,965.15,522.59,199.4,590.77,365.61,1835.82,1258.17,709.33,1641.79,1203.63,1024.33,1091.09,,,
2022-07-15,594.21,922.02,501.47,193.61,584.92,345.54,1769.25,1245.81,701.77,1658.47,1185.14,1031.48,1063.93,,,
2022-07-18,626.79,965.76,536.99,197.91,608.56,379.2,1847.57,1275.55,734.53,1728.2,1271.07,1082.8,1139.34,,,
2022-07-19,614.86,957.23,520.86,197.5,594.58,377.14,1829.37,1265.12,730.5,1650.13,1248.63,1029.8,1114.73,,,
2022-07-20,618.79,956.38,529.5,196.67,618.99,369.17,1818.77,1282.11,717.06,1659.98,1242.57,1054.62,1123.36,,,
2022-07-21,611.33,935.05,528.16,194.52,612.89,366.54,1774.55,1295.24,718.4,1623.6,1209.83,1041.58,1113.78,,,
2022-07-22,617.62,941.63,542.17,192.95,624.33,371.04,1785.14,1328.46,709.16,1654.68,1200.38,1068.92,1129.75,,,
2022-07-25,614.21,953.33,538.53,200.56,617.46,375.64,1799.42,1324.98,701.6,1587.98,1150.72,1064.29,1115.69,,,
2022-07-26,629.37,963.2,565.4,200.97,631.19,390.17,1827.76,1338.11,710.84,1642.55,1228.32,1085.33,1162.02,,,
2022-07-27,626.31,963.93,557.15,200.56,623.31,390.64,1826.37,1334.63,718.23,1625.87,1219.29,1082.38,1147.64,,,
2022-07-28,645.59,981.84,572.12,200.89,653.56,402.55,1865.07,1385.61,739.4,1634.97,1268.53,1099.21,1176.08,,,
2022-07-29,647.44,987.44,563.1,202.3,660.93,398.43,1875.21,1397.2,741.59,1688.79,1231.42,1103.84,1164.58,,,
2022-08-01,639.23,985.13,563.68,200.56,648.98,397.86,1863.0,1385.61,730.33,1657.71,1249.9,1090.37,1159.46,,,
2022-08-02,638.38,984.3,564.14,199.85,648.98,399.45,1869.6,1396.56,718.55,1688.8,1219.64,1107.51,1165.53,,,
2022-08-03,637.86,980.76,564.77,199.5,645.63,401.54,1867.09,1388.88,711.15,1707.16,1223.78,1103.77,1170.97,,,
2022-08-04,619.95,956.74,548.81,196.93,637.89,392.77,1828.55,1363.65,695.26,1693.73,1190.98,1061.48,1134.54,,,
2022-08-05,612.9,949.24,532.95,198.98,628.88,391.24,1815.44,1367.92,680.24,1688.96,1171.41,1060.9,1107.7,,,
2022-08-08,627.13,967.71,551.93,203.36,646.06,401.86,1847.64,1374.25,691.74,1715.84,1185.74,1119.94,1151.8,,,
2022-08-09,624.29,961.35,554.7,202.82,633.93,406.02,1837.93,1380.99,691.24,1733.24,1197.63,1115.26,1154.67,,,
2022-08-10,617.68,947.77,549.36,198.22,614.74,408.31,1818.52,1379.73,685.57,1771.19,1180.01,1092.29,1138.7,,,
2022-08-11,626.29,958.17,556.09,199.21,620.04,421.3,1837.22,1403.75,694.57,1769.61,1196.34,1117.6,1153.71,,,
2022-08-12,628.87,958.68,568.77,199.6,622.57,423.88,1840.53,1382.68,695.94,1847.1,1195.77,1112.44,1180.87,,,
2022-08-15,624.74,951.43,572.01,196.91,626.7,418.33,1830.83,1356.54,693.02,1819.43,1168.97,1100.73,1180.87,,,
2022-08-16,614.17,939.11,556.59,196.53,623.49,411.18,1813.07,1346.85,665.99,1796.5,1120.96,1097.92,1149.88,,,
2022-08-17,605.51,922.63,547.9,197.76,603.01,406.82,1775.43,1320.29,658.64,1792.54,1105.05,1069.8,1130.39,,,
2022-08-18,605.41,915.99,553.56,197.22,605.71,409.0,1771.88,1317.34,647.63,1734.03,1074.95,1079.64,1133.9,,,
2022-08-19,598.9,920.91,537.8,194.84,611.22,392.93,1783.95,1324.5,652.4,1692.12,1115.94,1048.72,1110.26,,,
2022-08-22,609.25,919.55,543.66,197.53,622.73,390.15,1793.66,1375.51,666.04,1726.91,1156.5,1104.95,1128.47,,,
2022-08-23,618.16,920.66,564.47,197.45,629.49,394.61,1793.18,1386.89,676.39,1807.57,1155.07,1111.98,1161.38,,,
2022-08-24,619.14,934.92,573.15,194.92,632.99,387.77,1817.1,1380.57,671.3,1807.57,1185.31,1108.23,1186.94,,,
2022-08-25,623.57,938.24,572.35,194.23,640.0,398.68,1829.88,1402.07,664.89,1804.4,1175.85,1111.98,1189.5,,,
2022-08-26,625.44,950.9,569.11,194.38,656.02,386.08,1856.16,1401.23,673.76,1827.33,1174.27,1133.06,1192.69,,,
2022-08-29,621.15,945.37,559.01,195.92,646.76,390.55,1844.09,1383.94,673.27,1798.87,1191.19,1118.07,1180.87,,,
2022-08-30,621.08,950.16,560.63,193.84,648.01,392.83,1859.24,1383.1,673.76,1797.29,1221.86,1095.57,1184.07,,,
2022-08-31,618.55,941.68,561.84,192.77,644.26,381.02,1841.48,1402.07,668.01,1810.73,1227.73,1109.16,1193.01,,,
2022-09-01,614.94,951.15,565.07,189.4,642.25,377.75,1841.72,1389.42,682.48,1802.82,1242.07,1084.8,1196.21,,,
2022-09-02,609.09,957.29,543.46,188.4,647.01,377.84,1844.09,1393.22,663.24,1847.89,1227.13,1078.71,1161.47,,,
2022-09-05,625.6,979.3,581.24,190.32,656.02,380.03,1884.33,1402.07,709.1,1910.36,1257.45,1098.85,1226.73,,,
2022-09-06,626.7,995.4,575.38,188.86,676.8,380.23,1909.43,1429.05,715.19,1894.54,1257.54,1072.15,1208.56,,,
2022-09-07,616.81,993.93,554.77,188.09,669.29,369.91,1890.25,1427.36,707.79,1885.06,1243.62,1067.93,1175.5,,,
2022-09-08,618.68,993.93,553.15,189.32,673.79,367.03,1889.31,1432.42,719.13,1880.31,1260.42,1066.52,1178.75,,,
2022-09-09,628.59,1009.42,573.96,189.93,685.81,372.98,1927.19,1427.78,733.92,1912.73,1288.97,1080.58,1213.2,,,
2022-09-13,635.46,1008.93,582.65,194.84,686.56,374.17,1926.24,1427.36,744.61,1950.69,1304.44,1105.88,1225.88,,,
2022-09-14,630.33,1000.81,577.6,195.3,681.8,364.55,1907.77,1425.68,745.92,1949.1,1294.03,1080.58,1221.65,,,
2022-09-15,629.51,994.42,576.79,197.99,679.8,366.04,1890.02,1439.59,735.4,1930.92,1270.24,1078.24,1222.63,,,
2022-09-16,630.59,1000.08,572.55,198.98,688.06,361.97,1891.67,1463.61,728.17,1903.24,1276.04,1069.33,1220.03,,,
2022-09-19,622.5,987.78,554.16,197.68,674.54,358.0,1871.31,1471.2,718.47,1903.24,1279.31,1081.05,1180.7,,,
2022-09-20,624.27,989.01,559.62,201.52,665.78,362.37,1869.42,1447.6,713.54,1907.99,1296.41,1086.67,1194.03,,,
2022-09-21,627.27,992.82,566.69,202.97,674.79,367.13,1873.92,1432.0,722.91,1944.36,1316.04,1086.2,1216.78,,,
2022-09-22,636.72,998.72,564.06,202.59,682.55,373.48,1886.94,1453.92,724.55,1957.01,1304.59,1124.16,1210.93,,,
2022-09-23,627.02,988.03,557.4,200.75,660.53,369.61,1870.6,1405.44,718.31,1936.45,1306.97,1123.22,1193.38,,,
2022-09-26,619.12,970.2,535.58,199.52,662.53,366.83,1834.62,1409.23,693.65,1908.78,1265.33,1136.34,1155.35,,,
2022-09-27,628.87,978.69,536.99,205.27,685.56,369.01,1854.74,1431.58,704.5,1923.01,1265.18,1155.55,1160.88,,,
2022-09-28,624.2,974.14,524.67,202.9,684.3,372.39,1844.32,1432.84,698.42,1935.66,1253.58,1156.02,1144.3,,,
2022-09-29,633.89,1003.52,539.82,203.82,704.58,385.98,1889.07,1427.78,704.17,1980.73,1274.7,1165.86,1167.7,,,
2022-09-30,647.87,992.58,544.06,201.52,705.08,390.64,1887.41,1452.23,708.45,2010.78,1272.91,1188.83,1162.18,,,
2022-10-10,659.52,1028.35,575.78,200.13,712.84,402.85,1937.6,1453.92,712.88,1981.52,1315.29,1185.54,1225.55,,,
2022-10-11,634.29,1007.82,566.08,197.53,694.82,397.89,1899.25,1434.53,684.61,1959.38,1265.91,1163.99,1200.97,,,
2022-10-12,631.78,996.39,558.0,196.84,691.56,397.59,1878.42,1453.5,680.67,1975.2,1250.28,1175.7,1192.79,,,
2022-10-13,621.77,970.82,549.92,196.61,681.3,394.91,1835.09,1423.15,669.98,1916.68,1229.35,1164.46,1175.74,,,
2022-10-14,622.6,973.28,556.39,196.84,684.3,397.89,1834.14,1408.81,669.49,1915.1,1242.96,1164.93,1191.82,,,
2022-10-17,616.07,960.0,547.3,196.99,667.53,392.43,1813.07,1412.61,659.96,1840.78,1240.84,1163.05,1176.06,,,
2022-10-18,614.03,957.66,556.59,194.84,667.53,391.44,1806.44,1421.46,666.86,1828.92,1234.5,1151.34,1198.86,,,
2022-10-19,607.87,953.98,542.04,194.15,669.29,382.21,1800.52,1437.9,654.86,1790.96,1204.57,1147.12,1172.04,,,
2022-10-20,608.4,954.47,547.09,189.86,675.54,381.52,1804.07,1427.78,663.74,1788.59,1236.01,1141.5,1190.14,,,
2022-10-21,603.57,949.8,538.81,189.32,658.77,379.13,1791.29,1427.36,663.74,1759.33,1234.5,1139.62,1196.18,,,
2022-10-24,602.94,952.99,536.79,188.78,662.53,380.92,1794.13,1442.96,660.45,1778.31,1236.31,1120.41,1183.77,,,
2022-10-25,598.49,944.76,531.13,189.78,647.76,381.52,1781.35,1451.39,653.22,1758.54,1221.65,1116.19,1174.72,,,
2022-10-26,593.47,943.65,528.51,186.94,641.75,381.32,1779.21,1421.04,643.03,1762.5,1192.78,1128.38,1172.37,,,
2022-10-27,590.21,945.62,527.9,184.95,634.75,383.5,1777.32,1415.56,635.63,1764.87,1172.83,1126.03,1160.64,,,
2022-10-28,582.81,950.78,511.13,181.57,634.25,373.08,1796.26,1405.86,628.07,1773.57,1187.19,1111.98,1139.85,,,
2022-10-31,572.38,926.32,506.28,180.27,619.73,369.41,1743.23,1405.02,619.52,1775.94,1155.15,1081.05,1129.46,,,
2022-11-01,584.01,949.18,520.83,187.02,639.25,380.32,1788.69,1438.32,624.45,1830.5,1183.87,1102.6,1159.63,,,
2022-11-02,584.01,955.82,520.43,187.25,641.5,376.67,1799.34,1435.37,633.49,1837.61,1175.08,1090.89,1158.33,,,
2022-11-03,582.72,953.98,522.24,186.86,639.25,371.91,1796.73,1415.98,644.01,1851.06,1163.89,1082.92,1165.06,,,
2022-11-04,595.17,967.5,545.07,188.47,654.02,370.52,1817.1,1414.71,648.61,1882.68,1195.21,1126.97,1199.29,,,
2022-11-07,589.85,954.96,536.39,188.4,647.01,374.33,1790.34,1396.17,636.12,1867.66,1184.61,1125.1,1192.14,,,
2022-11-08,597.45,950.41,533.15,193.15,647.51,381.77,1788.21,1397.01,638.92,1901.66,1177.66,1156.96,1194.6,,,
2022-11-09,597.19,961.6,533.15,193.54,635.0,374.64,1815.68,1391.95,630.37,1923.8,1178.74,1166.33,1203.39,,,
2022-11-10,595.69,941.81,530.73,192.16,618.73,381.25,1787.26,1395.32,621.99,1930.13,1176.58,1179.92,1196.36,,,
2022-11-11,609.38,963.2,547.09,193.15,639.75,390.66,1833.43,1435.79,646.97,1955.43,1225.69,1180.86,1237.12,,,
2022-11-14,608.71,968.36,542.45,193.0,643.26,385.9,1841.48,1432.42,653.38,1915.89,1235.27,1178.05,1227.28,,,
2022-11-15,609.82,970.57,542.45,194.07,649.26,377.74,1839.35,1435.37,656.34,1927.75,1238.05,1189.29,1227.63,,,
2022-11-16,616.02,976.84,544.06,194.61,653.27,376.5,1842.67,1445.49,657.33,1916.68,1242.68,1206.63,1233.6,,,
2022-11-17,615.63,969.96,533.56,196.53,636.0,373.5,1823.72,1448.44,640.4,1968.87,1252.41,1214.13,1211.47,,,
2022-11-18,620.43,980.16,544.26,195.69,650.26,376.09,1833.67,1458.56,637.27,1993.38,1261.37,1223.03,1230.79,,,
2022-11-21,607.78,957.42,524.06,189.55,633.74,356.56,1793.66,1453.92,622.31,1995.76,1241.91,1227.72,1190.39,,,
2022-11-22,608.95,958.77,519.21,196.15,636.25,357.08,1792.47,1467.83,626.26,1991.01,1226.16,1222.56,1177.74,,,
2022-11-23,613.54,971.19,518.41,196.22,636.25,359.35,1801.71,1492.28,626.42,1983.89,1227.39,1234.75,1168.95,,,
2022-11-24,624.96,981.14,519.21,195.69,646.26,363.48,1812.83,1504.08,646.48,2081.94,1228.01,1259.58,1172.12,,,
2022-11-25,628.98,987.29,519.01,195.38,660.03,367.72,1822.78,1496.5,645.66,2080.36,1200.52,1269.89,1161.23,,,
2022-11-28,620.95,970.2,510.93,197.22,640.75,354.6,1809.99,1472.05,624.29,2040.04,1175.34,1264.74,1141.2,,,
2022-11-29,627.87,985.69,521.84,196.99,654.77,360.07,1843.85,1466.99,640.4,2025.01,1185.23,1265.21,1158.06,,,
2022-11-30,633.39,988.77,523.46,195.76,649.01,358.21,1835.8,1471.62,640.72,2014.73,1187.85,1263.8,1154.2,,,
2022-12-01,636.08,995.77,525.07,197.45,643.76,359.94,1835.8,1479.63,644.01,2009.99,1222.76,1273.64,1167.9,,,
2022-12-02,640.84,1000.82,525.76,198.86,649.99,368.68,1854.12,1516.37,650.7,2067.44,1251.84,1273.22,1173.17,,,
2022-12-05,631.68,1000.5,516.13,197.97,637.23,363.51,1850.15,1527.07,652.77,2072.19,1252.84,1248.48,1159.82,,,
2022-12-06,625.45,995.84,504.28,198.91,630.39,354.42,1838.55,1522.43,650.8,2050.26,1247.17,1250.28,1148.58,,,
2022-12-07,620.98,984.15,493.05,199.08,620.38,355.88,1823.27,1517.31,636.1,2040.5,1217.91,1250.96,1135.93,,,
2022-12-08,627.01,984.52,503.17,202.54,622.64,353.69,1814.05,1536.05,650.27,2085.2,1231.09,1275.27,1148.93,,,
2022-12-09,635.67,998.96,508.83,203.31,628.16,352.02,1840.76,1543.19,666.2,2105.07,1263.65,1310.01,1174.23,,,
2022-12-12,640.06,1005.13,514.5,199.54,636.19,353.16,1861.09,1526.23,667.96,2142.32,1258.38,1316.96,1196.01,,,
2022-12-13,641.8,997.35,523.41,199.77,638.2,364.53,1849.03,1510.17,669.55,2141.49,1265.67,1319.93,1220.6,,,
2022-12-14,642.66,1007.1,524.82,202.16,642.96,365.36,1861.09,1503.93,670.66,2130.73,1276.67,1320.93,1219.9,,,
2022-12-15,653.76,1017.59,534.74,200.31,651.41,375.69,1872.43,1504.37,674.33,2178.74,1278.84,1363.1,1238.87,,,
2022-12-16,655.12,1016.23,541.62,201.39,649.31,380.69,1875.03,1464.22,671.14,2138.18,1276.21,1366.58,1261.01,,,
2022-12-19,641.01,1001.05,536.36,196.62,638.82,376.52,1853.05,1450.39,656.33,2052.92,1252.8,1328.37,1238.87,,,
2022-12-20,645.22,1009.57,540.41,195.7,633.35,380.48,1860.14,1451.28,670.19,2041.33,1256.67,1351.69,1253.63,,,
2022-12-21,649.3,1009.94,548.91,196.85,638.57,382.15,1864.63,1464.22,662.38,2090.17,1277.14,1359.63,1258.9,,,
2022-12-22,640.57,1004.63,549.31,195.31,628.88,384.65,1845.02,1458.87,656.8,2052.92,1289.85,1313.98,1261.71,,,
2022-12-23,632.8,982.91,547.09,193.46,619.94,387.99,1800.58,1443.25,639.76,2015.67,1281.95,1315.96,1241.33,,,
2022-12-26,639.87,989.08,549.72,194.54,620.68,389.45,1816.89,1507.94,658.08,2055.4,1292.8,1333.83,1249.41,,,
2022-12-27,648.77,1007.84,556.2,196.93,633.6,397.48,1837.69,1506.6,663.18,2066.99,1304.27,1354.67,1270.85,,,
2022-12-28,648.28,994.18,554.54,196.53,637.58,399.77,1812.06,1480.28,663.81,2059.54,1298.65,1355.74,1260.27,,,
2022-12-29,643.22,979.9,554.14,194.54,638.07,398.84,1792.21,1480.28,654.73,2082.72,1292.43,1344.32,1258.87,,,
2022-12-30,649.85,996.26,559.39,194.69,659.19,402.06,1827.24,1500.36,667.48,2105.9,1314.82,1360.21,1266.58,,,
2023-01-03,656.14,1001.51,558.38,200.44,663.17,404.25,1836.58,1480.28,670.19,2128.25,1326.64,1374.6,1265.52,,,
2023-01-04,654.55,985.51,549.09,200.59,655.47,394.16,1813.7,1480.28,657.44,2106.72,1302.95,1376.59,1245.44,,,
2023-01-05,651.43,977.82,534.75,199.52,653.48,390.93,1796.88,1471.36,654.57,2081.06,1281.86,1378.58,1216.07,,,
2023-01-06,659.14,980.63,537.78,197.76,653.98,393.01,1796.88,1487.87,654.1,2127.42,1306.26,1399.43,1218.65,,,
2023-01-09,651.62,977.58,533.95,197.68,645.28,389.58,1786.61,1432.99,651.87,2121.62,1289.88,1386.52,1204.42,,,
2023-01-10,651.63,974.89,536.17,198.14,651.99,383.55,1783.81,1416.93,667.96,2095.96,1274.7,1381.55,1210.69,,,
2023-01-11,663.69,984.54,537.38,200.82,654.47,388.75,1795.48,1411.13,681.82,2120.8,1313.12,1421.27,1214.53,,,
2023-01-12,673.18,992.35,552.32,198.91,651.49,395.93,1806.69,1419.16,687.07,2144.8,1340.7,1441.62,1246.61,,,
2023-01-13,680.99,1009.57,563.43,199.37,659.19,396.76,1844.05,1443.7,695.83,2172.95,1347.83,1467.44,1268.93,,,
2023-01-16,689.48,1016.28,556.77,199.52,652.24,394.16,1853.63,1446.82,692.65,2128.25,1347.98,1449.07,1264.74,,,
2023-01-17,693.58,1019.82,558.58,204.2,665.9,392.7,1859.47,1442.36,695.83,2166.32,1349.38,1453.04,1274.85,,,
2023-01-18,701.9,1027.76,578.37,205.96,669.13,402.17,1873.94,1475.37,704.6,2167.15,1374.17,1466.44,1309.03,,,
2023-01-19,707.2,1030.81,578.17,204.04,679.07,403.31,1882.12,1474.48,705.07,2180.4,1365.34,1482.83,1309.37,,,
2023-01-20,711.63,1039.73,590.69,205.35,689.51,399.57,1904.3,1515.53,716.86,2179.57,1391.06,1500.2,1341.8,,,
2023-01-30,707.65,1039.12,586.65,204.66,684.54,401.02,1914.81,1513.74,708.58,2142.32,1365.03,1484.31,1317.74,,,
2023-01-31,709.17,1024.95,579.79,202.74,684.04,407.26,1902.9,1533.37,693.13,2096.79,1347.83,1482.83,1302.4,,,
2023-02-01,711.81,1028.13,585.04,202.13,685.28,409.14,1901.5,1540.06,696.95,2100.93,1350.62,1495.24,1305.19,,,
2023-02-02,697.95,1016.4,567.27,195.76,668.39,406.22,1875.34,1514.19,684.84,2095.96,1331.58,1476.37,1272.16,,,
2023-02-03,697.83,1010.91,569.29,194.54,664.66,400.5,1859.47,1530.7,672.58,2064.51,1321.83,1486.3,1276.48,,,
2023-02-06,690.82,1001.87,569.49,195.3,665.16,398.63,1848.72,1532.93,672.26,2074.44,1297.68,1473.89,1268.83,,,
2023-02-07,684.03,996.26,572.11,195.0,662.92,402.06,1841.95,1519.1,672.26,2047.12,1305.22,1454.03,1276.26,,,
2023-02-08,684.56,997.36,567.87,194.0,657.21,399.05,1837.98,1506.6,667.8,2036.36,1305.53,1467.93,1265.5,,,
2023-02-09,679.47,1004.19,567.47,193.92,658.45,403.62,1844.75,1507.05,663.97,2023.12,1302.43,1454.03,1262.03,,,
2023-02-10,671.21,994.18,551.31,192.39,645.53,394.16,1829.34,1490.54,661.42,2000.77,1308.95,1439.14,1229.38,,,
2023-02-13,667.84,994.55,552.73,192.31,634.35,397.69,1823.04,1480.73,663.97,1956.07,1297.62,1437.65,1224.52,,,
2023-02-14,672.74,998.33,551.92,193.0,637.33,396.45,1824.91,1465.56,670.82,1987.52,1299.79,1457.51,1223.82,,,
2023-02-15,664.5,997.23,551.51,192.16,634.6,396.24,1816.5,1485.64,675.76,2023.12,1294.98,1428.22,1225.91,,,
2023-02-16,669.49,1000.78,557.17,192.7,638.32,402.58,1823.51,1471.81,677.51,2063.68,1311.74,1444.1,1239.1,,,
2023-02-17,667.78,1003.71,549.09,191.55,636.09,393.43,1837.75,1466.9,668.43,2061.2,1300.41,1453.54,1227.3,,,
2023-02-20,664.39,1012.25,551.92,192.7,638.32,389.27,1845.92,1473.59,675.76,2076.1,1318.57,1435.17,1228.34,,,
2023-02-21,682.29,1022.02,564.44,192.93,647.02,391.97,1861.57,1486.97,685.64,2094.31,1333.16,1481.83,1252.3,,,
2023-02-22,682.3,1016.4,565.65,192.16,650.0,391.45,1854.56,1486.08,682.13,2102.58,1331.76,1480.34,1253.69,,,
2023-02-23,677.89,1016.89,562.82,192.77,660.69,390.1,1854.8,1452.62,687.39,2089.34,1328.35,1467.44,1252.3,,,
2023-02-24,673.94,1017.75,569.29,193.08,663.67,392.39,1848.96,1445.48,693.6,2110.86,1329.9,1448.57,1263.76,,,
2023-02-27,666.62,1009.57,559.59,191.62,658.95,388.96,1830.98,1444.59,687.07,2054.57,1319.5,1440.63,1241.88,,,
2023-02-28,670.37,1015.79,567.27,190.93,652.73,389.37,1835.88,1454.85,692.97,2028.08,1320.9,1454.03,1252.3,,,
2023-03-01,678.75,1025.44,580.19,192.62,654.47,393.32,1847.09,1451.73,692.17,2055.4,1328.04,1470.91,1270.01,,,
2023-03-02,681.81,1023.49,577.97,193.77,648.51,403.0,1842.65,1435.22,689.78,2102.58,1330.34,1474.39,1270.14,,,
2023-03-03,683.34,1021.66,581.81,193.23,648.01,409.45,1839.85,1420.95,693.76,2074.44,1338.63,1482.33,1273.26,,,
2023-03-06,673.99,1015.06,583.22,190.63,646.52,407.47,1842.89,1434.33,683.09,2069.47,1323.73,1458.5,1273.67,,,
2023-03-07,674.01,1014.33,585.44,190.86,649.75,407.16,1834.71,1431.65,679.9,2084.37,1330.52,1449.07,1278.35,,,
2023-03-08,666.39,1010.3,586.45,188.48,640.06,407.06,1822.1,1424.51,669.55,2085.2,1326.8,1433.18,1272.52,,,
2023-03-09,662.32,1003.95,581.6,186.94,639.81,407.68,1813.46,1391.95,664.29,2067.82,1321.99,1439.64,1262.22,,,
2023-03-10,653.71,999.31,578.98,183.88,631.37,404.56,1799.69,1365.18,655.21,2020.63,1298.71,1435.66,1249.52,,,
2023-03-13,655.62,1004.56,586.25,183.57,641.06,405.7,1808.33,1373.66,659.67,2052.92,1324.32,1420.28,1255.01,,,
2023-03-14,644.82,995.52,566.66,183.34,640.06,399.36,1793.62,1368.3,653.3,2041.33,1295.92,1403.4,1221.71,,,
2023-03-15,645.26,990.4,567.47,183.11,634.6,389.16,1779.6,1366.52,664.45,2063.68,1298.25,1417.3,1222.4,,,
2023-03-16,628.93,971.1,557.77,177.44,613.97,375.02,1752.75,1323.69,639.44,2043.81,1257.12,1393.96,1198.02,,,
2023-03-17,636.08,980.51,576.56,179.05,622.92,376.06,1765.36,1311.2,644.7,2116.66,1269.85,1408.36,1214.16,,,
2023-03-20,636.53,976.23,591.5,178.74,626.15,369.81,1752.05,1286.21,645.34,2095.13,1273.11,1411.34,1231.67,,,
2023-03-21,631.22,981.24,590.89,179.58,620.18,372.1,1757.65,1254.98,640.72,2045.47,1283.35,1392.97,1230.98,,,
2023-03-22,634.47,985.63,593.32,179.43,625.65,373.14,1761.16,1264.35,647.72,2059.54,1286.61,1407.37,1235.1,,,
2023-03-23,633.37,977.21,590.89,179.05,625.4,372.52,1753.68,1265.69,645.49,2088.51,1287.69,1408.86,1247.11,,,
2023-03-24,642.95,983.68,612.91,179.74,622.42,372.31,1764.89,1300.49,642.95,2073.61,1290.49,1427.23,1268.74,,,
2023-03-27,642.53,983.92,610.28,182.11,621.18,368.57,1768.4,1308.97,649.48,2039.67,1302.59,1416.3,1281.78,,,
2023-03-28,643.17,990.15,615.53,182.96,615.21,377.62,1778.44,1294.69,659.99,2018.98,1313.61,1409.76,1291.05,,,
2023-03-29,639.4,988.81,624.82,181.96,615.46,379.7,1774.0,1283.98,659.99,1994.97,1316.25,1388.76,1297.57,,,
2023-03-30,639.96,987.83,633.1,182.5,618.44,380.63,1776.57,1270.6,651.39,1989.18,1312.68,1394.11,1301.69,,,
2023-03-31,639.92,1000.29,628.05,182.96,625.65,381.99,1794.55,1244.72,660.79,2000.77,1321.83,1392.75,1295.17,,,
2023-04-03,642.55,1005.17,636.13,182.04,616.46,398.94,1801.55,1286.21,668.27,1980.07,1346.82,1375.79,1304.1,,,
2023-04-04,643.69,1000.43,646.84,179.34,615.06,398.42,1792.2,1266.43,668.09,1988.76,1357.72,1379.75,1320.57,,,
2023-04-06,634.02,987.47,637.47,177.23,602.73,396.03,1772.13,1244.49,652.64,1905.58,1344.45,1361.65,1291.74,,,
2023-04-07,634.79,992.05,635.03,176.54,603.59,396.76,1775.64,1254.78,649.16,1907.87,1343.98,1375.79,1273.2,,,
2023-04-10,628.93,986.79,631.38,177.38,595.83,397.69,1761.25,1239.52,656.0,1933.36,1338.09,1343.56,1263.93,,,
2023-04-11,633.41,990.36,648.04,178.14,599.83,400.29,1767.35,1233.55,658.79,1969.07,1339.81,1324.89,1294.14,,,
2023-04-12,629.15,995.29,636.79,178.21,597.83,404.35,1766.18,1237.69,655.84,1944.35,1349.47,1317.54,1282.13,,,
2023-04-13,637.63,990.24,634.85,177.38,598.58,408.1,1760.54,1219.3,656.15,1896.72,1339.96,1308.5,1284.87,,,
2023-04-14,641.42,993.69,644.8,176.77,601.84,409.03,1768.52,1220.22,654.29,1865.58,1341.83,1327.72,1307.53,,,
2023-04-17,648.08,1005.01,648.26,180.8,610.6,412.26,1784.48,1240.44,662.67,1879.32,1354.62,1339.6,1328.47,,,
2023-04-18,645.28,1009.19,642.85,180.8,612.61,406.74,1786.83,1251.47,663.45,1916.87,1344.33,1337.9,1319.89,,,
2023-04-19,640.6,1009.93,635.49,181.93,610.1,405.91,1777.21,1249.18,659.26,1902.22,1336.07,1310.19,1294.14,,,
2023-04-20,631.83,1008.7,625.32,182.85,617.36,401.96,1771.34,1227.58,670.12,1912.29,1329.52,1255.34,1284.19,,,
2023-04-21,624.63,1012.15,619.48,180.11,619.12,390.93,1777.21,1196.78,675.09,1862.83,1319.23,1258.73,1274.92,,,
2023-04-24,612.03,1001.81,612.77,177.61,603.84,388.29,1761.25,1205.51,656.62,1846.35,1307.07,1206.15,1266.34,,,
2023-04-25,613.47,1010.67,615.37,182.09,605.34,393.73,1773.22,1204.14,657.86,1815.21,1308.0,1199.36,1271.49,,,
2023-04-26,611.69,1009.93,611.69,182.31,597.58,391.27,1764.3,1189.89,655.53,1832.61,1297.09,1211.8,1266.34,,,
2023-04-27,602.33,989.87,604.34,178.29,583.55,382.0,1739.42,1171.05,644.98,1820.71,1283.06,1210.67,1258.1,,,
2023-04-28,600.72,989.5,608.01,178.75,584.56,385.65,1742.24,1162.31,645.91,1826.2,1286.33,1184.09,1262.35,,,
2023-05-04,587.61,978.42,577.29,179.2,577.04,369.91,1720.65,1171.96,653.36,1823.45,1251.72,1159.78,1227.67,,,
2023-05-05,583.98,972.27,580.97,178.14,571.28,369.49,1712.43,1186.67,654.91,1782.24,1249.85,1150.73,1241.4,,,
2023-05-08,594.63,975.71,591.57,183.3,584.31,380.64,1719.94,1188.05,670.43,1789.57,1280.02,1170.52,1260.64,,,
2023-05-09,585.49,965.01,587.03,182.39,572.78,379.23,1703.05,1188.51,668.57,1751.1,1265.56,1124.15,1236.24,,,
2023-05-10,582.73,963.53,582.7,184.14,567.02,377.53,1702.58,1193.57,664.54,1748.35,1268.69,1115.11,1232.06,,,
2023-05-11,579.9,955.04,585.08,184.67,566.02,377.89,1693.43,1171.05,663.76,1732.78,1249.54,1086.27,1238.68,,,
2023-05-12,570.51,947.28,567.34,182.47,555.0,372.57,1672.07,1201.84,681.45,1703.48,1219.1,1059.69,1223.34,,,
2023-05-15,569.65,953.44,563.66,186.87,560.01,376.03,1673.48,1199.08,674.62,1686.08,1212.03,1048.38,1206.95,,,
2023-05-16,570.2,954.17,563.44,185.28,563.27,376.97,1672.54,1211.49,670.59,1707.14,1204.34,1046.12,1206.26,,,
2023-05-17,572.89,957.99,568.42,186.11,570.03,384.22,1676.06,1211.49,674.78,1714.47,1213.92,1028.59,1212.18,,,
2023-05-18,574.22,956.64,579.02,185.2,561.01,397.34,1674.42,1215.17,665.16,1683.33,1226.0,1026.33,1229.27,,,
2023-05-19,567.32,947.28,583.35,185.5,542.73,398.39,1650.25,1202.3,662.36,1640.28,1211.72,985.61,1250.18,,,
2023-05-22,547.55,934.11,567.34,184.9,522.19,384.32,1623.26,1177.48,643.74,1567.02,1195.08,905.32,1218.46,,,
2023-05-23,547.73,935.1,576.21,181.86,515.18,392.72,1615.98,1213.79,640.01,1523.06,1169.97,917.19,1234.84,,,
2023-05-24,547.02,942.6,580.32,179.2,518.69,389.36,1636.4,1205.51,631.48,1518.48,1177.35,914.36,1231.01,,,
2023-05-25,542.22,941.74,586.16,178.44,503.91,382.12,1638.51,1181.62,628.22,1532.21,1186.92,887.79,1243.91,,,
2023-05-26,546.09,940.27,583.13,180.34,513.18,383.69,1629.59,1187.59,628.53,1522.14,1209.84,910.41,1236.24,,,
2023-05-29,553.72,951.34,591.57,180.95,513.68,387.89,1644.85,1195.4,630.55,1532.21,1218.63,956.21,1245.65,,,
2023-05-30,544.2,948.14,588.97,180.64,505.41,387.89,1636.63,1181.16,628.69,1539.54,1214.86,906.45,1243.07,,,
2023-05-31,540.6,937.8,580.53,179.66,505.91,380.65,1610.82,1177.94,618.6,1573.43,1209.37,914.36,1222.1,,,
2023-06-01,549.79,954.67,597.2,179.96,514.93,383.48,1637.57,1192.19,625.58,1597.24,1207.17,932.46,1253.88,,,
2023-06-02,559.11,959.96,601.74,182.24,523.19,389.47,1641.8,1188.05,631.79,1606.4,1220.61,967.52,1263.91,,,
2023-06-05,554.13,949.87,599.79,181.78,515.68,388.52,1634.52,1177.48,629.46,1571.6,1212.84,949.99,1260.02,,,
2023-06-06,549.04,952.57,592.65,179.58,511.17,388.0,1629.12,1172.42,628.69,1540.46,1199.42,935.85,1249.77,,,
2023-06-07,546.78,947.77,596.55,183.53,502.91,391.57,1617.63,1143.01,630.08,1523.97,1197.2,923.98,1256.13,,,
2023-06-08,546.38,954.67,590.27,184.21,511.17,390.73,1629.83,1148.53,622.79,1531.3,1158.94,919.45,1241.64,,,
2023-06-09,548.41,953.31,592.0,183.15,511.67,383.48,1630.06,1179.78,614.1,1548.7,1166.33,936.42,1243.76,,,
2023-06-12,537.45,942.48,582.27,180.64,493.14,381.04,1617.86,1189.43,613.17,1493.75,1125.83,898.53,1226.08,,,
2023-06-13,548.38,949.25,592.65,181.63,503.66,381.57,1625.14,1179.32,614.87,1525.8,1120.52,949.99,1240.93,,,
2023-06-14,553.83,959.34,604.99,183.53,504.41,386.62,1635.23,1187.59,615.49,1530.38,1137.24,954.51,1260.38,,,
2023-06-15,555.08,958.73,606.5,184.59,509.92,383.6,1639.22,1193.57,618.91,1574.34,1133.54,951.12,1263.91,,,
2023-06-16,559.68,968.82,606.28,184.21,515.43,395.51,1656.58,1197.24,627.44,1577.09,1166.33,959.6,1267.09,,,
2023-06-19,554.61,965.87,594.82,183.53,513.68,394.97,1654.7,1194.02,622.17,1569.76,1145.44,956.21,1242.7,,,
2023-06-20,558.36,967.34,601.09,183.07,520.94,396.38,1658.46,1181.16,621.7,1569.76,1150.42,970.91,1256.84,,,
2023-06-21,557.12,969.81,603.25,182.77,519.69,395.84,1661.28,1185.29,619.68,1563.35,1166.98,944.9,1259.67,,,
2023-06-26,549.38,956.39,593.95,180.11,512.17,388.15,1631.47,1165.07,602.77,1614.64,1135.95,947.16,1236.69,,,
2023-06-27,549.76,960.57,597.41,181.48,523.7,389.34,1645.08,1181.62,605.87,1612.81,1134.51,951.12,1242.35,,,
2023-06-28,546.82,959.34,593.08,181.25,525.45,385.98,1638.51,1176.56,606.8,1671.42,1130.97,923.98,1235.28,,,
2023-06-29,553.48,968.33,594.17,180.49,536.97,387.06,1654.47,1190.35,614.1,1730.95,1143.99,953.95,1243.41,,,
2023-06-30,555.07,970.79,601.74,183.45,541.23,384.14,1659.63,1191.27,613.17,1723.63,1152.99,954.51,1251.54,,,
2023-07-03,556.09,969.31,606.5,183.68,541.98,376.77,1658.69,1209.19,614.1,1709.89,1169.71,955.64,1257.2,,,
2023-07-04,557.66,971.78,604.77,183.23,539.47,382.94,1661.04,1236.77,619.84,1712.64,1176.31,962.99,1254.72,,,
2023-07-05,555.78,970.67,604.12,184.9,531.96,384.57,1656.11,1237.23,621.39,1660.43,1181.33,953.38,1254.44,,,
2023-07-06,559.4,973.87,607.8,189.6,540.23,386.41,1661.51,1225.74,618.29,1676.92,1180.04,954.51,1260.6,,,
2023-07-07,565.66,984.33,621.43,189.22,540.23,391.07,1677.0,1215.63,626.67,1736.45,1194.05,959.04,1276.73,,,
2023-07-10,571.07,982.36,622.94,187.4,544.98,399.31,1672.31,1228.03,626.82,1830.78,1204.24,977.13,1280.97,,,
2023-07-11,579.8,985.93,632.68,187.4,561.01,402.45,1688.03,1230.33,633.03,1819.79,1210.55,1014.45,1291.58,,,
2023-07-12,586.72,991.35,637.66,188.01,570.03,405.05,1710.09,1236.77,631.48,1895.81,1218.8,1033.68,1299.36,,,
2023-07-13,588.59,996.02,637.01,188.77,564.02,407.11,1713.14,1226.66,635.67,1904.05,1248.89,1038.2,1302.9,,,
2023-07-14,593.66,1004.64,644.37,189.53,581.05,408.95,1732.62,1231.71,646.53,1891.23,1266.19,1048.38,1313.86,,,
2023-07-17,577.3,986.92,627.92,184.14,555.5,405.59,1696.24,1193.57,635.05,1813.38,1253.9,1023.5,1289.46,,,
2023-07-18,586.27,996.76,630.08,184.67,574.54,407.76,1712.2,1198.16,640.64,1936.1,1267.0,1043.29,1290.17,,,
2023-07-19,591.17,997.99,632.68,185.28,568.53,408.52,1721.12,1207.81,642.5,1932.44,1273.64,1072.7,1299.36,,,
2023-07-20,597.96,995.9,636.58,186.19,562.27,408.95,1710.56,1214.25,642.03,1947.09,1275.74,1116.8,1302.19,,,
2023-07-21,598.29,994.42,638.96,183.98,555.5,407.33,1706.57,1202.76,637.53,1943.43,1297.41,1125.28,1301.48,,,
2023-07-24,593.31,989.5,630.73,183.0,553.75,404.73,1697.65,1209.65,629.93,1918.7,1276.22,1136.59,1290.17,,,
2023-07-25,601.01,998.98,637.01,184.36,564.27,410.36,1717.6,1227.58,643.58,2000.21,1298.38,1142.25,1305.73,,,
2023-07-26,613.8,1006.73,638.09,185.28,566.02,410.58,1726.75,1239.98,646.53,2138.51,1319.73,1211.24,1307.85,,,
2023-07-27,618.28,1005.62,639.61,184.9,565.02,410.36,1721.82,1264.8,646.22,2166.9,1302.75,1214.06,1306.79,,,
2023-07-28,618.83,1013.26,659.73,185.35,575.54,412.42,1750.45,1273.99,653.05,2178.8,1328.31,1179.57,1330.48,,,
2023-07-31,615.65,1012.03,650.86,186.79,573.03,407.0,1747.87,1262.96,644.98,2126.6,1346.91,1179.0,1325.89,,,
2023-08-01,621.1,1010.3,651.94,185.05,591.82,411.34,1750.92,1261.59,644.05,2155.91,1346.75,1202.75,1323.76,,,
2023-08-02,613.64,1016.09,645.23,185.38,587.82,406.78,1751.39,1266.82,638.49,2112.57,1358.16,1190.93,1309.97,,,
2023-08-03,596.53,1001.33,628.02,181.83,581.3,402.45,1726.8,1229.87,621.89,2036.66,1328.56,1146.62,1283.09,,,
2023-08-04,597.4,1008.97,631.58,181.97,587.16,407.33,1738.66,1226.11,625.33,2051.93,1346.34,1131.91,1288.75,,,
2023-08-07,588.98,1005.07,627.46,181.59,580.72,402.67,1732.63,1231.52,622.94,2026.21,1336.65,1099.58,1290.17,,,
2023-08-08,590.72,998.9,629.84,181.38,581.7,399.2,1722.25,1229.23,625.35,2066.1,1326.43,1108.23,1291.93,,,
2023-08-09,597.74,1007.79,635.05,182.65,588.13,399.52,1736.4,1232.44,628.06,2080.42,1342.74,1124.08,1313.51,,,
2023-08-10,596.58,1008.28,634.4,182.72,590.11,400.39,1738.29,1229.69,624.14,2039.51,1366.47,1121.92,1307.5,,,
2023-08-11,605.17,1007.54,643.08,183.07,593.82,399.96,1743.72,1223.27,625.95,2156.11,1361.69,1157.95,1319.17,,,
2023-08-14,596.82,996.43,631.77,180.54,584.39,399.96,1731.45,1217.51,614.35,2136.67,1336.15,1141.37,1303.61,,,
2023-08-15,600.23,998.9,635.43,180.19,586.73,405.17,1740.88,1218.17,616.16,2201.11,1340.77,1137.77,1311.39,,,
2023-08-16,597.9,993.22,630.48,179.48,570.9,405.26,1729.56,1194.38,612.85,2130.54,1342.74,1145.7,1305.73,,,
2023-08-17,609.96,1004.7,630.22,180.4,578.82,414.78,1747.96,1199.42,610.44,2169.4,1357.41,1212.71,1308.56,,,
2023-08-18,618.36,1025.08,643.65,180.04,593.61,416.34,1786.89,1203.41,614.8,2123.38,1377.84,1218.47,1324.12,,,
2023-08-21,641.38,1031.25,659.06,182.93,608.15,416.01,1800.1,1212.27,623.24,2211.34,1409.14,1324.4,1339.68,,,
2023-08-22,646.24,1035.2,661.26,183.63,608.88,416.01,1807.18,1224.67,621.13,2171.45,1393.82,1338.09,1336.64,,,
2023-08-23,647.43,1034.21,658.62,186.1,610.82,415.02,1803.64,1240.17,629.11,2320.78,1407.49,1326.56,1332.82,,,
2023-08-24,651.56,1031.87,658.4,185.88,610.33,407.02,1797.74,1241.06,624.75,2306.46,1394.97,1384.92,1330.13,,,
2023-08-25,660.81,1037.05,667.65,186.73,613.49,408.56,1805.53,1248.59,629.11,2334.08,1382.61,1426.72,1343.85,,,
2023-08-28,654.77,1023.47,661.48,185.81,608.88,408.45,1799.63,1238.84,617.52,2266.57,1375.2,1367.63,1333.95,1004.63,,
2023-08-29,630.82,1016.56,656.42,185.46,608.88,407.02,1797.03,1219.8,616.91,2193.95,1379.32,1271.07,1324.05,1016.42,,
2023-08-30,649.2,1029.27,676.02,187.22,629.24,411.52,1825.11,1242.39,625.2,2313.62,1406.01,1365.47,1352.33,1018.95,,
2023-08-31,643.0,1027.92,673.15,187.57,624.64,410.2,1827.23,1242.39,620.23,2306.46,1393.49,1358.26,1348.8,1022.74,,
2023-09-01,663.22,1039.65,678.66,199.25,632.63,412.17,1852.24,1287.57,637.4,2383.17,1436.98,1479.32,1354.81,1119.58,,
2023-09-04,644.43,1035.32,668.53,198.41,623.67,416.56,1843.28,1283.58,638.3,2255.32,1442.86,1371.23,1338.19,1152.0,,
2023-09-05,654.22,1037.3,666.77,198.83,627.79,425.21,1856.96,1292.44,639.05,2269.64,1454.98,1408.7,1335.72,1211.37,,
2023-09-06,655.34,1044.46,677.12,200.24,626.82,427.62,1878.43,1293.77,639.66,2274.75,1522.96,1377.72,1352.69,1194.11,,
2023-09-07,646.94,1035.08,669.63,202.91,614.7,425.21,1862.39,1264.98,637.4,2141.79,1518.73,1346.01,1340.67,1185.68,,
2023-09-08,636.7,1026.93,663.25,200.59,611.55,422.69,1845.4,1250.36,642.52,2150.99,1501.27,1291.97,1333.6,1141.05,,
2023-09-11,645.22,1031.5,673.15,202.0,618.33,422.69,1855.54,1271.62,652.61,2188.84,1523.77,1323.68,1353.75,1151.58,,
2023-09-12,651.87,1037.42,695.17,202.21,621.97,421.16,1883.85,1279.15,655.32,2207.25,1571.12,1307.82,1384.86,1190.74,,
2023-09-13,647.22,1031.99,691.65,201.15,612.03,421.05,1879.37,1265.42,648.84,2263.5,1597.64,1290.53,1380.97,1157.47,,
2023-09-14,652.76,1030.88,699.58,203.19,621.0,421.7,1877.25,1272.95,654.57,2270.66,1593.28,1306.38,1393.35,1172.21,,
2023-09-15,656.24,1039.28,703.32,203.4,621.48,437.26,1880.32,1294.65,657.58,2299.3,1599.49,1326.56,1398.3,1167.16,,
2023-09-18,658.5,1040.88,695.83,201.01,636.27,439.23,1885.27,1318.57,662.1,2321.8,1563.9,1349.62,1390.16,1166.74,,
2023-09-19,660.3,1051.99,696.06,200.31,638.21,434.96,1904.62,1325.21,660.89,2317.71,1569.27,1371.23,1389.81,1157.05,,
2023-09-20,654.44,1035.2,692.97,199.96,628.03,430.03,1880.79,1347.36,660.74,2303.39,1523.94,1364.75,1384.51,1145.68,,
2023-09-21,641.82,1021.5,683.72,197.0,617.36,423.9,1858.14,1351.35,650.95,2284.98,1479.11,1314.31,1368.95,1114.11,,
2023-09-22,647.23,1024.21,688.57,200.73,616.15,425.54,1861.21,1346.47,651.86,2288.05,1511.68,1335.2,1372.84,1138.11,,
2023-09-25,635.77,1019.64,684.6,198.69,601.12,428.39,1837.61,1341.16,638.0,2203.16,1481.8,1297.73,1363.65,1114.53,,
2023-09-26,627.49,1016.19,673.15,194.68,595.55,421.81,1823.93,1356.66,631.67,2190.88,1458.97,1297.73,1346.32,1082.95,,
2023-09-27,626.82,1014.83,676.68,194.19,600.15,430.69,1820.39,1370.83,623.39,2184.75,1478.94,1285.49,1350.92,1075.79,,
2023-09-28,623.74,1018.29,681.96,196.02,598.7,433.87,1827.47,1391.21,622.64,2207.25,1485.16,1253.78,1360.75,1074.95,,
2023-10-09,615.81,1003.22,653.78,197.14,603.06,411.08,1789.72,1398.74,620.98,2211.34,1444.19,1259.54,1323.62,1065.26,,
2023-10-10,604.12,990.87,647.83,196.44,587.55,410.19,1759.99,1379.25,613.9,2088.6,1408.71,1227.12,1313.84,1046.32,,
2023-10-11,606.67,991.74,645.85,201.86,595.06,412.66,1759.52,1389.88,615.86,2083.49,1421.58,1220.63,1311.99,1069.89,,
2023-10-12,609.78,992.36,637.48,206.36,592.16,411.74,1760.47,1406.27,616.61,2134.63,1407.66,1242.25,1300.27,1087.16,,
2023-10-13,611.02,990.38,636.16,208.82,591.67,410.9,1763.06,1391.21,617.82,2156.11,1417.03,1242.25,1301.34,1105.68,,
2023-10-16,614.25,994.58,642.11,207.55,598.22,419.81,1773.44,1400.51,619.78,2170.43,1447.72,1255.22,1307.02,1101.47,,
2023-10-17,607.74,987.54,638.8,207.91,585.61,418.1,1758.11,1380.58,615.26,2158.15,1431.45,1232.16,1303.82,1085.47,,
2023-10-18,605.05,979.27,638.58,206.36,577.37,415.7,1750.79,1364.63,613.75,2223.61,1444.67,1227.12,1302.76,1060.21,,
2023-10-19,608.56,980.26,636.16,205.58,585.85,417.76,1753.86,1373.05,614.35,2332.03,1447.89,1248.02,1301.69,1066.53,,
2023-10-20,605.38,982.11,635.5,203.4,589.25,415.81,1755.51,1354.0,613.9,2321.8,1445.35,1231.44,1298.14,1073.68,,
2023-10-23,599.03,986.43,626.91,203.76,582.7,412.96,1755.98,1343.82,614.2,2259.41,1441.11,1217.75,1296.72,1092.63,,
2023-10-24,600.37,986.92,636.6,204.39,579.07,413.07,1761.17,1348.69,617.06,2246.12,1442.81,1217.75,1308.09,1076.21,,
2023-10-25,603.48,991.86,638.58,207.48,584.4,413.87,1768.49,1347.8,621.43,2276.8,1425.17,1219.19,1312.7,1093.05,,
2023-10-26,599.72,993.96,642.11,205.51,582.46,420.04,1764.48,1323.0,621.28,2265.55,1427.38,1199.74,1311.64,1088.42,,
2023-10-27,603.32,1007.42,641.89,203.47,590.7,428.04,1792.79,1312.81,626.4,2311.58,1451.28,1216.31,1318.03,1102.74,,
2023-10-30,609.15,1008.65,649.15,199.89,596.52,427.35,1796.56,1325.66,625.65,2395.45,1478.58,1260.27,1327.63,1096.84,,
2023-10-31,605.71,1005.32,650.47,199.46,588.28,427.35,1790.19,1334.07,619.93,2388.29,1491.3,1245.85,1324.07,1088.0,,
2023-11-01,605.58,1007.54,647.61,199.53,584.64,427.7,1796.33,1327.87,620.08,2390.33,1486.55,1246.57,1322.3,1098.47,,
2023-11-02,604.81,1006.68,644.75,199.82,580.04,429.3,1792.79,1323.44,614.65,2401.58,1470.14,1252.34,1320.23,1093.81,,
2023-11-03,614.41,1016.8,652.46,200.45,593.37,428.04,1815.44,1354.45,624.75,2413.86,1472.63,1287.65,1330.21,1092.2,,
2023-11-06,618.8,1016.06,645.63,199.32,600.88,425.3,1823.46,1368.62,626.4,2475.23,1467.69,1337.37,1318.58,1088.46,,
2023-11-07,616.82,1010.14,640.78,197.63,599.91,421.53,1815.2,1357.99,630.92,2484.43,1444.72,1355.38,1315.08,1049.7,,
2023-11-08,620.31,1012.73,641.23,199.39,609.37,412.16,1818.98,1369.06,634.38,2450.68,1435.84,1379.16,1317.94,1069.29,,
2023-11-09,622.12,1008.65,638.8,199.82,607.91,404.96,1821.81,1307.94,633.48,2457.84,1433.79,1425.27,1311.86,1060.77,,
2023-11-10,629.95,1007.79,642.11,202.0,602.82,407.59,1818.98,1310.6,634.08,2396.47,1438.06,1531.92,1319.73,1044.58,,
2023-11-13,624.15,991.74,638.8,201.43,595.31,406.44,1800.1,1324.77,624.59,2417.95,1424.05,1482.92,1313.65,1048.42,,
2023-11-14,622.99,995.07,646.51,203.33,595.79,406.9,1809.77,1319.46,629.11,2393.4,1431.74,1464.18,1325.46,1048.84,,
2023-11-15,629.21,1007.67,652.24,203.97,602.34,412.5,1824.4,1326.98,638.0,2429.2,1469.84,1481.48,1335.83,1058.64,,
2023-11-16,634.81,1010.75,665.45,205.23,605.49,412.04,1828.65,1350.9,641.31,2437.38,1477.01,1480.04,1353.0,1059.92,,
2023-11-17,632.72,1007.67,663.47,199.82,605.73,404.04,1817.8,1338.5,636.79,2338.17,1477.69,1520.39,1353.0,1046.29,,
2023-11-20,640.41,997.42,663.91,202.21,593.13,405.99,1801.52,1323.88,634.54,2343.28,1484.36,1611.18,1349.78,1051.4,,
2023-11-21,627.54,983.59,641.0,198.27,578.82,404.68,1772.26,1317.68,617.67,2353.51,1446.77,1589.56,1316.51,1039.9,,
2023-11-22,634.7,978.9,636.16,195.95,580.76,406.42,1770.14,1282.69,615.41,2386.24,1443.53,1686.84,1312.22,1024.99,,
2023-11-23,631.92,969.76,635.72,195.66,569.37,404.57,1751.5,1278.71,614.65,2361.69,1439.26,1695.49,1304.71,1040.75,,
2023-11-24,631.27,979.64,634.62,196.51,579.79,406.73,1760.47,1292.44,615.86,2319.76,1427.81,1673.87,1303.28,1051.4,,
2023-11-27,640.96,974.58,624.93,196.09,587.31,407.76,1757.4,1294.21,611.34,2337.15,1407.31,1789.88,1287.53,1068.44,,
2023-11-28,621.85,971.0,620.31,196.3,586.82,410.49,1750.09,1288.45,612.55,2364.76,1374.17,1663.78,1281.1,1065.03,,
2023-11-29,625.25,971.61,617.22,191.72,587.31,419.03,1744.19,1240.62,616.16,2341.24,1374.51,1718.54,1277.16,1041.18,,
2023-11-30,637.8,983.84,633.3,191.65,606.21,420.05,1763.77,1251.25,623.69,2360.67,1392.79,1759.62,1296.12,1032.66,,
2023-12-01,638.07,979.39,623.39,188.49,605.49,417.78,1755.75,1213.15,618.87,2395.45,1358.8,1840.32,1281.1,1022.43,996.65,985.31
2023-12-04,635.84,969.92,621.63,187.17,588.99,410.95,1735.8,1223.15,611.93,2357.49,1340.54,1897.78,1278.23,1015.19,976.15,980.57
2023-12-05,645.15,974.06,623.12,183.92,587.0,409.6,1740.37,1199.58,606.6,2434.45,1347.41,1958.87,1277.16,990.91,959.75,980.1
2023-12-06,640.14,981.35,627.03,184.95,588.8,410.83,1747.35,1204.42,616.45,2497.79,1373.82,1921.23,1283.24,1000.87,965.34,984.36
2023-12-07,640.93,980.22,623.39,185.31,593.67,409.52,1744.24,1221.05,614.24,2472.44,1364.26,2066.04,1277.52,999.17,955.65,979.63
2023-12-08,647.48,992.4,629.52,188.92,590.99,418.64,1760.52,1270.2,617.02,2457.13,1384.22,2114.08,1287.18,1006.65,984.72,987.68
2023-12-11,636.56,988.83,628.42,188.23,584.89,417.05,1762.87,1262.3,618.91,2450.56,1384.05,2081.45,1283.96,1001.72,988.07,987.44
2023-12-12,643.34,994.86,630.61,188.58,589.04,417.51,1766.65,1249.58,626.21,2515.11,1389.68,2080.54,1287.89,998.75,998.88,989.81
2023-12-13,626.79,990.07,611.57,186.01,577.81,414.57,1749.19,1235.09,617.16,2461.5,1356.07,2007.11,1260.7,983.48,991.43,963.75
2023-12-14,626.85,990.93,608.29,186.91,578.55,417.51,1752.5,1245.19,621.39,2427.59,1381.15,1979.91,1256.41,991.96,995.15,959.25
2023-12-15,628.1,1000.03,621.2,187.6,576.11,419.43,1765.7,1242.55,627.52,2415.55,1389.0,2000.76,1274.66,987.72,996.27,976.55
2023-12-18,625.51,998.19,626.67,188.78,578.55,415.36,1757.68,1264.31,632.48,2391.49,1409.31,1973.57,1280.74,998.33,995.9,984.13
2023-12-19,619.2,999.54,626.89,188.44,581.23,418.64,1759.1,1251.16,634.38,2369.61,1406.06,1922.8,1288.25,997.9,992.92,985.31
2023-12-20,623.23,1009.76,640.24,190.31,592.94,421.24,1787.17,1260.19,654.37,2369.61,1445.82,1925.52,1306.85,1002.99,1003.35,1005.92
2023-12-21,626.76,1012.83,646.37,191.42,596.6,422.14,1793.54,1269.38,660.2,2363.04,1464.76,1965.41,1316.51,1014.02,1022.74,1018.48
2023-12-22,629.36,1014.06,648.33,193.02,606.61,422.25,1798.25,1270.26,664.0,2330.22,1453.84,1976.29,1325.46,1019.12,1048.83,1019.19
2023-12-25,622.74,1019.97,645.93,192.95,596.11,419.88,1798.96,1268.94,661.81,2274.43,1459.47,1912.83,1322.24,1070.03,1057.03,1015.16
2023-12-26,618.82,1019.23,644.83,192.04,594.16,419.88,1792.83,1252.75,659.18,2280.99,1457.25,1904.67,1319.73,1064.94,1049.94,1012.08
2023-12-27,620.35,1025.14,653.37,193.36,591.97,424.97,1800.14,1268.5,659.33,2279.9,1463.74,1884.73,1330.11,1075.97,1041.37,1024.4
2023-12-28,618.34,1020.34,655.34,193.29,597.09,422.37,1797.07,1263.69,654.22,2312.72,1442.92,1862.97,1331.75,1074.7,1057.77,1027.48
2023-12-29,612.43,1018.99,649.43,196.62,593.19,413.44,1783.16,1234.36,646.05,2310.53,1447.7,1853.0,1313.17,1074.27,1052.18,1017.53
2024-01-02,613.84,1011.97,650.09,197.11,584.4,422.71,1767.12,1281.2,668.08,2330.22,1470.56,1829.43,1320.38,1082.76,1063.36,1020.37
2024-01-03,615.15,1008.65,643.08,195.86,586.6,416.6,1763.58,1301.77,668.37,2389.3,1458.59,1880.19,1309.54,1064.51,1047.71,1009.48
2024-01-04,610.81,1002.49,645.05,192.53,582.45,419.2,1757.21,1287.33,664.14,2361.95,1445.82,1805.86,1314.17,1048.39,1019.75,1010.19
2024-01-05,607.41,1000.16,645.49,192.18,582.21,417.51,1739.99,1285.14,683.11,2364.14,1428.87,1758.71,1317.38,1052.21,1023.11,1013.74
2024-01-08,599.63,992.53,631.92,186.91,582.45,414.12,1724.66,1271.57,680.05,2240.51,1414.9,1765.97,1309.89,1028.45,1003.35,991.47
2024-01-09,594.5,987.6,625.14,186.56,581.72,409.82,1725.84,1256.69,667.06,2270.05,1411.85,1746.93,1293.5,1020.39,1005.96,980.1
2024-01-10,588.32,979.73,628.42,186.91,560.98,410.61,1700.37,1243.12,650.57,2263.49,1435.77,1675.31,1295.28,1025.06,994.78,985.31
2024-01-11,591.97,985.39,627.33,190.03,570.25,411.18,1709.33,1251.0,661.08,2262.39,1444.25,1688.0,1295.28,1036.51,1000.75,984.84
2024-01-12,591.96,987.85,632.14,191.07,571.71,415.81,1713.81,1252.31,663.56,2218.63,1449.17,1656.27,1304.19,1048.39,1009.69,990.76
2024-01-15,593.97,996.96,630.61,191.28,577.57,418.52,1734.1,1254.06,675.52,2271.15,1447.14,1666.25,1307.04,1045.42,1008.57,990.29
2024-01-16,600.22,1005.69,637.61,192.53,574.4,418.64,1739.52,1254.5,677.71,2270.05,1497.02,1733.33,1322.73,1048.82,1018.26,999.76
2024-01-17,596.93,1001.76,636.08,191.14,570.25,419.43,1725.37,1247.93,678.59,2236.14,1475.13,1716.11,1324.86,1030.15,1016.77,998.34
2024-01-18,600.99,1006.56,639.36,192.32,578.55,421.69,1733.15,1256.69,682.67,2255.83,1480.39,1726.99,1333.06,1032.69,1036.9,1003.79
2024-01-19,602.88,1009.51,645.27,192.53,573.67,422.71,1735.04,1251.87,669.69,2270.05,1487.01,1728.8,1334.84,1033.12,1032.05,1014.69
2024-01-22,612.99,1017.75,648.55,187.95,585.38,419.65,1752.26,1236.55,669.39,2240.51,1498.03,1890.16,1338.41,1014.87,1051.06,1017.77
2024-01-23,620.03,1017.14,654.46,187.81,587.33,421.12,1761.22,1245.31,679.02,2208.79,1508.89,1933.68,1339.83,1016.99,1041.74,1026.06
2024-01-24,620.42,1019.85,659.49,189.13,595.14,422.59,1766.41,1264.56,688.94,2280.99,1512.62,1916.45,1349.81,1031.42,1038.76,1034.12
2024-01-25,618.75,1013.94,657.96,190.93,595.38,424.85,1758.63,1263.25,684.28,2297.4,1492.1,1875.66,1344.47,1036.09,1036.15,1019.9
2024-01-26,614.27,1013.82,660.81,189.62,594.65,426.1,1755.56,1254.93,686.61,2288.65,1487.35,1806.76,1350.53,1033.54,1014.54,1027.01
2024-01-29,616.93,1023.17,659.49,188.16,602.46,426.21,1773.49,1244.43,687.49,2333.5,1490.23,1829.43,1346.96,1057.3,1014.54,1025.82
2024-01-30,610.89,1017.02,657.96,187.47,602.21,425.51,1758.63,1247.93,689.24,2313.81,1508.55,1752.37,1343.75,1053.91,1005.22,1025.11
2024-01-31,608.38,1012.09,652.93,187.67,605.39,421.28,1754.85,1240.93,695.66,2277.71,1492.27,1760.53,1340.9,1069.18,1011.55,1018.48
2024-02-01,603.63,1000.03,643.08,185.73,600.51,419.75,1732.45,1249.68,686.17,2306.15,1497.36,1734.24,1317.38,1067.91,995.15,1002.37
2024-02-02,601.42,994.0,639.58,184.41,596.6,417.43,1727.02,1228.23,672.17,2312.72,1467.57,1782.29,1310.4,1051.54,1000.75,996.45
2024-02-05,602.9,996.22,640.24,185.73,598.55,417.2,1725.61,1235.68,679.32,2337.88,1489.34,1759.62,1318.58,1059.76,1005.59,995.5
2024-02-06,603.21,1002.0,643.52,185.31,600.02,416.5,1741.41,1217.73,671.87,2349.91,1507.28,1758.71,1318.72,1048.99,1005.96,1001.42
2024-02-07,606.2,1011.6,645.49,183.72,611.49,414.93,1759.34,1217.73,677.71,2363.04,1538.04,1764.15,1321.43,1082.74,988.45,1004.03
2024-02-08,602.08,1009.14,646.8,185.45,613.19,415.94,1759.81,1219.04,678.73,2351.01,1540.28,1765.97,1319.94,1076.72,974.66,1004.5
2024-02-19,604.03,1012.83,653.37,186.84,611.49,421.35,1768.3,1250.56,683.4,2364.14,1569.18,1668.97,1333.76,1092.84,974.66,1004.5
2024-02-20,603.89,1002.0,647.02,188.09,600.26,419.44,1739.76,1257.56,676.11,2343.35,1546.74,1673.5,1317.45,1095.81,995.53,1007.58
2024-02-21,603.34,1003.36,647.02,188.02,605.14,415.04,1742.82,1261.06,667.06,2343.35,1542.83,1667.15,1311.78,1097.08,1007.83,1009.48
2024-02-22,609.22,1007.05,652.49,190.93,610.27,416.05,1745.42,1261.06,683.11,2380.55,1553.2,1678.94,1314.97,1112.35,1002.61,1017.77
2024-02-23,607.22,1009.02,647.9,191.63,611.97,415.04,1746.36,1268.5,679.02,2372.89,1541.64,1672.59,1310.36,1119.14,1007.83,1012.79
2024-02-26,601.54,1005.82,641.77,190.8,610.51,414.47,1741.17,1273.76,677.42,2338.97,1535.35,1610.04,1299.37,1122.11,995.53,1005.45
2024-02-27,609.04,1016.16,650.3,193.78,618.07,416.05,1765.7,1282.51,680.34,2367.42,1546.57,1621.82,1309.3,1145.87,998.14,1018.48
2024-02-28,605.72,1010.86,649.87,193.78,616.37,415.94,1761.46,1284.26,673.19,2322.56,1528.89,1594.63,1306.82,1139.51,997.02,1018.24
2024-02-29,605.33,1017.26,649.87,193.71,613.93,416.05,1767.36,1287.76,671.58,2284.27,1535.69,1613.67,1308.24,1128.05,994.78,1019.43
2024-03-01,608.14,1016.52,646.37,193.09,617.1,415.6,1768.3,1281.2,674.35,2383.83,1535.35,1628.17,1304.34,1120.41,992.92,1014.21
2024-03-04,609.07,1016.03,646.58,192.18,611.0,414.59,1768.06,1276.38,667.35,2399.14,1544.02,1660.81,1303.98,1115.24,1004.47,1009.24
2024-03-05,608.99,1003.36,635.86,191.21,607.58,413.23,1749.67,1271.13,662.1,2399.14,1548.95,1708.85,1290.86,1101.83,1008.57,990.29
2024-03-06,613.61,1004.96,640.9,191.56,613.44,412.67,1757.45,1272.44,667.94,2406.8,1555.24,1718.83,1294.76,1119.73,1009.69,996.92
2024-03-07,612.97,1002.86,637.39,190.45,611.24,409.63,1748.96,1299.14,667.5,2388.2,1546.23,1753.28,1289.45,1114.3,1013.79,992.42
2024-03-08,617.52,1005.45,637.18,197.73,614.66,409.74,1756.74,1306.59,670.56,2406.8,1560.34,1758.71,1291.22,1135.49,1021.62,987.21
2024-03-11,613.91,1006.31,633.24,195.38,620.03,409.18,1761.93,1310.96,673.33,2386.02,1580.74,1711.57,1287.32,1126.17,998.88,985.07
2024-03-12,611.38,1004.96,633.46,196.14,609.78,408.5,1753.91,1317.09,676.54,2359.76,1573.43,1690.72,1291.22,1113.88,1002.61,985.79
2024-03-13,612.43,1000.77,634.77,197.04,610.75,408.39,1751.55,1324.97,668.37,2310.53,1576.49,1703.41,1292.64,1121.51,989.56,986.02
2024-03-14,613.89,1004.83,645.27,199.54,618.81,410.64,1767.12,1321.03,669.54,2307.25,1608.62,1642.68,1303.27,1133.38,991.43,1001.9
2024-03-15,618.22,1018.99,649.87,205.23,625.88,414.93,1790.23,1322.78,674.65,2319.28,1598.08,1639.96,1312.85,1152.02,997.39,1009.24
2024-03-18,624.83,1022.92,649.65,215.08,626.62,414.59,1794.95,1315.78,658.31,2219.73,1595.02,1653.55,1307.17,1196.11,1008.2,1009.48
2024-03-19,627.52,1024.65,652.05,213.62,631.25,416.73,1796.6,1344.23,661.52,2192.38,1583.46,1693.44,1312.49,1183.39,1014.91,1014.21
2024-03-20,623.22,1028.22,647.9,213.55,629.54,417.29,1800.85,1355.61,659.76,2184.72,1572.75,1639.05,1308.59,1181.27,994.41,1002.37
2024-03-21,619.53,1026.49,637.18,207.31,623.2,417.52,1790.94,1347.73,655.53,2200.04,1566.97,1685.28,1290.86,1152.45,1005.59,986.73
2024-03-22,613.01,1013.82,639.58,201.34,620.51,417.86,1776.79,1353.42,655.1,2169.4,1562.04,1660.81,1290.16,1146.09,994.41,988.39
2024-03-25,608.53,1011.48,640.68,200.37,615.15,418.53,1770.42,1338.98,656.99,2183.63,1567.14,1636.33,1287.32,1144.4,957.88,990.05
2024-03-26,608.84,1010.74,639.58,201.69,611.0,418.2,1768.3,1325.85,652.03,2195.66,1580.4,1635.62,1285.19,1138.04,952.66,991.95
2024-03-27,603.85,1007.05,645.93,198.15,606.36,415.6,1761.93,1332.85,652.47,2150.81,1575.13,1606.2,1303.27,1127.44,952.29,998.58
2024-03-28,606.16,1011.6,648.99,200.3,600.75,415.71,1762.4,1338.98,655.97,2156.28,1579.21,1616.42,1310.72,1126.59,929.93,1004.26
2024-03-29,609.56,1012.22,648.55,200.16,607.58,418.98,1765.0,1343.35,650.72,2168.31,1588.9,1656.63,1311.78,1130.83,905.33,1000.24
2024-04-01,614.71,1018.37,657.31,201.83,615.88,422.14,1778.21,1349.48,656.55,2167.22,1597.57,1651.08,1324.9,1150.75,922.47,1010.19
2024-04-02,615.06,1020.73,660.63,199.59,614.99,424.73,1783.01,1337.35,654.08,2133.66,1604.93,1669.6,1328.79,1137.78,911.39,1022.03
2024-04-03,617.93,1024.07,660.54,198.14,613.81,430.03,1790.98,1322.49,655.85,2161.88,1611.93,1690.89,1325.74,1125.73,916.12,1017.21
2024-04-08,623.82,1026.46,656.53,202.78,609.66,429.81,1789.8,1330.19,647.9,2194.88,1616.58,1750.16,1317.2,1149.65,901.0,1008.21
2024-04-09,626.72,1027.93,653.36,206.74,608.77,430.15,1791.92,1341.23,646.32,2156.79,1632.28,1777.01,1310.73,1164.84,909.39,1001.2
2024-04-10,629.85,1026.21,654.01,205.79,618.53,430.03,1787.45,1343.38,648.05,2207.73,1606.36,1801.09,1307.57,1157.62,923.29,1001.67
2024-04-11,624.55,1031.97,651.19,203.67,617.28,430.71,1794.27,1380.74,645.46,2178.79,1604.64,1764.98,1300.9,1144.04,915.83,995.43
2024-04-12,624.93,1025.97,647.94,200.66,619.28,431.61,1787.21,1380.74,645.89,2301.5,1607.04,1773.31,1294.22,1122.81,920.24,993.59
2024-04-15,629.25,1030.99,652.06,200.87,630.53,430.6,1788.39,1373.44,651.2,2300.35,1623.52,1789.05,1299.49,1121.96,924.3,1002.36
2024-04-16,627.3,1029.03,657.26,198.21,628.53,428.46,1783.21,1362.7,644.03,2316.55,1638.97,1758.49,1305.81,1110.5,912.1,1012.98
2024-04-17,631.29,1033.45,658.13,198.82,632.03,424.85,1792.15,1361.84,646.75,2343.18,1638.11,1789.98,1308.97,1119.42,921.25,1011.36
2024-04-18,641.49,1034.55,648.37,199.23,639.79,422.37,1789.8,1336.51,650.63,2357.07,1645.15,1916.84,1300.9,1123.24,931.08,994.51
2024-04-19,644.52,1037.61,648.37,198.89,645.04,423.83,1799.68,1350.68,651.92,2395.28,1645.49,1945.55,1299.84,1118.14,930.4,995.2
2024-04-22,647.62,1037.37,647.29,196.84,639.79,420.68,1794.04,1350.68,653.21,2367.49,1625.24,1990.92,1305.81,1099.47,937.52,996.13
2024-04-23,640.74,1024.37,646.2,195.0,626.78,420.0,1777.1,1351.11,646.32,2332.76,1616.14,1954.81,1296.33,1088.43,926.68,990.35
2024-04-24,643.88,1024.86,646.63,194.11,628.03,422.48,1777.33,1366.57,637.43,2382.54,1630.39,1989.07,1295.98,1086.73,919.22,990.12
2024-04-25,655.29,1025.35,641.0,191.79,623.78,425.64,1780.39,1359.7,636.71,2410.33,1630.56,2102.97,1291.77,1096.07,922.27,978.81
2024-04-26,660.63,1036.39,643.6,193.84,627.53,425.64,1794.04,1359.27,638.87,2394.12,1629.87,2122.42,1303.7,1116.45,927.02,982.74
2024-04-29,655.54,1041.78,643.38,194.11,636.79,423.95,1796.39,1373.01,639.73,2406.86,1606.53,2080.75,1304.41,1113.47,904.98,979.27
2024-04-30,638.71,1041.29,640.56,191.79,639.79,420.45,1792.39,1368.29,640.01,2380.23,1611.33,2015.0,1295.28,1101.59,910.41,977.43
2024-05-06,647.04,1030.38,634.71,193.22,636.04,412.56,1771.22,1378.16,641.3,2477.47,1615.45,2094.64,1292.12,1096.92,923.63,964.96
2024-05-07,652.9,1042.39,635.14,195.07,642.04,414.07,1786.27,1363.13,643.31,2461.27,1613.18,2062.22,1295.07,1111.4,929.39,970.27
2024-05-08,646.19,1040.8,631.67,194.66,636.79,413.71,1780.16,1358.84,636.14,2453.16,1596.23,2025.18,1289.79,1113.42,946.0,963.34
2024-05-09,647.47,1034.18,631.02,194.45,641.29,414.41,1778.04,1348.1,631.12,2452.01,1585.19,2048.33,1292.11,1105.09,949.72,963.34
2024-05-10,641.65,1034.79,630.59,192.95,638.29,415.04,1773.8,1338.65,628.68,2414.96,1593.97,2011.29,1293.8,1112.82,951.42,965.19
2024-05-13,649.03,1039.57,626.25,196.7,650.54,413.12,1784.15,1345.95,632.41,2476.32,1582.89,2052.04,1290.98,1121.62,953.11,959.42
2024-05-14,641.93,1035.41,625.17,195.41,644.54,412.56,1779.45,1346.81,639.73,2464.74,1576.49,1973.33,1286.39,1106.95,943.96,958.27
2024-05-15,641.88,1038.23,627.99,197.05,647.54,411.21,1785.57,1339.08,638.87,2461.27,1575.28,1976.11,1295.92,1117.01,950.4,963.11
2024-05-16,647.7,1040.31,632.54,200.87,651.79,411.32,1792.39,1370.0,638.58,2448.53,1595.01,2000.18,1306.51,1130.01,952.44,968.88
2024-05-17,663.67,1058.58,635.14,200.53,664.05,413.46,1828.85,1370.43,648.05,2465.9,1602.1,2130.75,1308.98,1132.94,958.88,974.89
2024-05-20,675.15,1060.29,642.51,202.99,666.3,419.99,1843.67,1371.29,652.92,2589.77,1647.63,2205.76,1313.92,1151.38,972.43,985.74
2024-05-21,671.74,1051.71,641.43,201.07,658.3,416.84,1833.56,1376.88,649.19,2530.73,1654.38,2188.16,1312.51,1145.51,977.52,981.35
2024-05-22,679.24,1054.53,639.26,202.58,657.3,415.04,1834.03,1386.32,648.33,2537.68,1633.61,2245.58,1309.68,1145.93,974.47,980.66
2024-05-23,671.92,1044.85,637.96,202.99,648.04,412.79,1815.68,1349.39,646.04,2517.99,1625.64,2200.2,1302.27,1137.55,955.83,976.27
2024-05-24,676.54,1049.01,642.08,205.17,650.29,413.01,1824.38,1349.39,653.93,2542.31,1634.65,2224.28,1307.57,1153.48,963.28,983.89
2024-05-27,682.32,1062.74,644.47,204.35,655.04,413.35,1842.5,1349.82,655.07,2533.04,1664.76,2261.32,1315.33,1152.64,954.81,992.66
2024-05-28,675.06,1056.25,641.65,207.22,655.04,408.29,1835.91,1351.97,654.93,2530.73,1657.49,2186.31,1302.98,1163.54,949.39,986.89
2024-05-29,685.1,1060.42,645.55,210.91,656.54,414.25,1842.73,1349.82,659.38,2548.09,1672.55,2252.98,1306.86,1206.71,939.56,993.12
2024-05-30,681.33,1064.34,653.14,213.98,665.05,413.12,1851.91,1346.38,658.95,2528.41,1672.55,2170.57,1320.62,1215.93,946.33,1004.44
2024-05-31,671.41,1060.17,649.45,209.61,658.05,411.55,1845.09,1332.21,664.83,2517.99,1684.15,2134.45,1311.8,1202.1,966.33,997.05
2024-06-03,653.92,1045.7,640.78,206.81,642.29,405.36,1816.38,1299.57,660.38,2452.01,1659.4,2037.22,1295.21,1192.04,941.93,983.89
2024-06-04,655.42,1043.99,634.06,204.9,640.79,398.27,1807.92,1294.85,659.23,2513.36,1656.24,2067.78,1285.69,1194.8,944.98,974.19
2024-06-05,652.45,1040.56,636.01,205.51,643.54,394.34,1799.45,1302.15,649.19,2529.57,1616.16,2032.59,1290.42,1199.83,937.86,974.19
2024-06-06,660.77,1045.46,635.79,212.48,641.29,394.67,1805.09,1306.44,653.21,2490.21,1624.36,2066.86,1292.53,1246.0,922.61,974.19
2024-06-07,666.48,1047.42,638.39,218.76,638.79,396.92,1807.21,1304.3,653.64,2461.27,1631.77,2058.52,1302.88,1312.02,919.56,981.12
2024-06-11,658.18,1047.18,644.68,212.14,637.79,397.82,1807.21,1301.29,652.92,2402.22,1644.66,2009.44,1308.51,1278.8,935.15,990.35
2024-06-12,668.16,1055.88,646.42,215.82,640.29,400.3,1819.68,1301.72,655.07,2382.54,1660.68,2014.07,1313.44,1362.06,928.03,992.66
2024-06-13,659.75,1053.55,644.68,211.45,633.28,400.41,1814.27,1281.96,650.2,2366.34,1630.38,1988.14,1309.92,1320.43,934.13,988.05
2024-06-14,657.37,1050.12,643.82,208.04,632.53,399.96,1810.74,1283.68,643.89,2421.91,1619.92,1996.48,1309.57,1290.15,928.03,987.35
2024-06-17,649.37,1041.17,635.58,203.26,629.28,398.72,1803.45,1287.55,641.73,2417.27,1609.47,1963.14,1303.59,1262.82,929.39,975.12
2024-06-18,646.76,1044.36,637.53,203.67,628.03,402.21,1806.27,1272.94,639.87,2395.28,1602.68,1922.4,1309.22,1255.67,916.85,976.73
2024-06-19,647.99,1051.34,644.25,205.03,634.53,405.14,1822.5,1268.22,641.73,2384.86,1595.02,1921.47,1315.55,1267.86,910.41,987.58
2024-06-20,653.76,1052.94,644.68,205.99,632.53,407.84,1823.44,1274.66,645.75,2405.7,1597.8,1963.14,1319.07,1265.76,921.93,990.12
2024-06-21,649.49,1045.83,642.08,203.46,624.78,405.59,1815.44,1263.92,649.34,2420.75,1592.06,1952.96,1324.35,1264.5,922.61,985.74
2024-06-24,644.79,1039.82,644.25,203.53,619.78,405.59,1806.74,1264.35,652.78,2399.91,1592.58,1873.32,1354.26,1254.41,917.19,990.35
2024-06-25,651.21,1045.83,649.24,208.79,628.53,405.14,1820.38,1278.96,658.95,2483.26,1616.62,1877.95,1367.64,1285.95,926.34,998.2
2024-06-26,651.33,1045.95,646.63,206.19,626.78,407.95,1821.8,1291.84,656.51,2471.69,1606.34,1915.92,1358.84,1269.97,932.1,992.89
2024-06-27,644.16,1044.23,645.77,203.81,629.78,409.64,1819.91,1279.82,663.68,2470.53,1606.69,1872.39,1357.78,1245.16,926.68,991.97
2024-06-28,651.14,1052.32,650.32,204.21,638.54,410.54,1832.62,1281.96,665.54,2478.63,1649.88,1938.14,1363.06,1247.68,918.88,998.9
2024-07-01,651.12,1053.18,648.59,204.97,636.54,412.79,1834.03,1267.79,673.43,2425.38,1644.48,1968.7,1361.3,1261.56,901.93,997.97
2024-07-02,659.2,1061.03,650.54,206.81,643.29,413.01,1846.03,1275.09,674.15,2432.32,1645.53,2026.11,1359.97,1277.58,912.44,998.66
2024-07-03,664.06,1061.4,660.95,206.26,642.79,414.47,1849.08,1290.98,678.17,2502.94,1645.01,2059.45,1373.74,1279.61,909.39,1012.05
2024-07-04,658.66,1052.94,652.27,203.6,641.29,415.71,1834.97,1259.2,674.01,2479.79,1645.04,2039.07,1362.29,1263.23,927.35,999.82
2024-07-05,645.08,1044.48,647.5,199.09,635.29,415.82,1821.56,1243.31,673.15,2472.84,1626.56,1962.22,1354.23,1240.5,923.63,990.58
2024-07-08,637.63,1038.23,644.47,199.5,631.03,412.45,1816.62,1237.73,675.87,2425.38,1629.55,1889.06,1349.98,1255.3,893.8,987.81
2024-07-09,639.76,1035.04,641.65,200.94,637.79,412.56,1816.85,1232.57,678.17,2417.27,1633.07,1897.4,1342.55,1265.44,884.65,984.12
2024-07-10,628.7,1027.93,639.05,199.71,634.53,407.95,1804.15,1219.26,677.45,2379.07,1610.36,1807.57,1337.6,1229.93,872.44,979.04
2024-07-11,632.44,1030.14,642.3,200.53,646.29,410.99,1810.74,1230.43,688.78,2392.96,1637.12,1807.57,1345.38,1236.69,882.95,986.2
2024-07-12,631.78,1027.68,641.65,199.23,643.54,412.67,1808.86,1234.29,683.76,2369.81,1613.71,1821.46,1344.32,1229.08,881.6,982.5
2024-07-15,628.41,1026.09,635.14,196.29,643.04,406.82,1807.21,1231.71,679.75,2372.12,1610.01,1816.83,1335.12,1226.12,868.72,972.12
2024-07-16,627.33,1027.19,631.89,197.52,641.79,406.37,1807.44,1228.28,670.85,2364.02,1604.37,1797.39,1330.52,1229.08,871.77,968.42
2024-07-17,625.57,1027.68,632.54,198.27,632.53,406.04,1802.97,1220.98,665.69,2355.92,1607.19,1786.27,1330.17,1234.58,867.02,968.88
2024-07-18,629.44,1029.64,635.58,199.57,631.53,411.66,1806.97,1236.44,667.41,2360.55,1616.87,1813.13,1331.23,1241.77,869.06,973.27
2024-07-19,625.29,1025.97,633.41,199.3,623.53,406.26,1796.86,1235.15,666.41,2360.55,1604.73,1794.61,1326.28,1240.5,858.89,970.04
2024-07-22,619.79,1023.88,632.11,198.68,622.28,400.86,1790.74,1220.12,668.41,2339.71,1590.11,1753.86,1321.55,1244.73,820.59,967.27
2024-07-23,614.82,1018.73,629.94,196.23,625.28,400.07,1788.62,1211.1,664.68,2309.61,1590.29,1716.82,1319.86,1233.31,799.57,964.04
2024-07-24,619.02,1019.1,629.07,198.62,628.28,401.65,1791.92,1228.28,660.38,2324.66,1575.32,1729.79,1312.47,1258.68,813.81,961.27
2024-07-25,612.32,1015.06,621.7,194.59,621.28,400.75,1781.57,1206.38,659.09,2304.98,1558.59,1721.45,1306.48,1237.54,817.54,951.11
2024-07-26,613.59,1016.4,628.2,196.16,628.78,403.9,1789.57,1216.68,664.4,2309.61,1574.79,1698.3,1310.7,1239.23,808.72,959.88
2024-07-29,608.2,1009.66,625.38,195.89,621.78,405.25,1788.39,1227.42,665.11,2309.61,1572.5,1640.89,1312.47,1224.85,810.42,956.88
2024-07-30,601.61,1001.82,617.79,193.02,612.27,400.97,1772.63,1215.82,657.66,2343.18,1574.09,1611.26,1304.37,1199.49,806.69,946.03
2024-07-31,610.59,1012.11,626.25,195.27,623.03,405.59,1796.62,1229.57,667.55,2365.18,1616.87,1638.11,1318.45,1212.59,826.69,960.34
2024-08-01,611.11,1013.95,628.85,194.72,624.03,408.74,1798.03,1231.71,673.86,2384.86,1641.35,1619.59,1323.38,1204.56,823.98,967.04
2024-08-02,618.72,1017.71,625.69,196.52,626.62,411.87,1801.38,1241.54,669.19,2413.92,1637.68,1679.2,1323.38,1209.72,837.28,958.32
2024-08-05,610.46,1008.3,613.11,195.95,617.45,400.88,1780.24,1217.56,658.06,2386.32,1602.5,1653.86,1303.31,1187.88,826.17,939.63
2024-08-06,604.75,1005.97,606.78,195.89,613.61,398.51,1774.06,1217.3,654.75,2345.36,1606.96,1612.59,1288.88,1173.4,825.11,931.01
2024-08-07,604.61,1004.17,606.96,196.89,614.1,397.55,1769.96,1217.99,653.61,2336.13,1605.01,1601.85,1284.65,1187.98,829.11,929.22
2024-08-08,603.56,998.38,605.22,198.27,611.9,395.6,1765.25,1199.61,650.77,2326.61,1608.42,1598.16,1282.89,1189.68,815.79,927.61
2024-08-09,606.28,999.74,602.62,199.72,610.92,397.09,1770.91,1218.4,653.04,2350.41,1630.2,1599.08,1280.08,1193.5,829.11,921.62
2024-08-12,605.04,1000.1,605.66,200.09,606.5,402.6,1773.5,1216.32,654.04,2343.27,1638.11,1560.28,1283.95,1196.04,799.14,927.84
2024-08-13,606.48,1002.69,609.12,200.72,612.39,407.76,1781.52,1210.05,652.19,2363.5,1652.69,1536.26,1284.3,1210.89,799.48,931.52
2024-08-14,595.76,1000.47,604.36,198.21,607.24,405.92,1776.57,1197.52,647.64,2277.81,1632.36,1462.36,1276.91,1199.01,807.13,923.46
2024-08-15,596.19,996.29,600.02,200.97,602.09,401.1,1767.84,1193.34,648.63,2284.96,1623.54,1464.21,1273.74,1216.83,812.46,913.84
2024-08-16,596.6,988.9,601.11,201.41,597.19,405.58,1766.43,1196.68,651.19,2233.78,1634.7,1461.44,1279.37,1205.37,808.47,913.66
2024-08-19,594.98,992.34,582.48,202.6,598.9,403.17,1772.32,1206.29,654.47,2212.36,1615.8,1474.37,1256.84,1224.46,820.79,888.05
2024-08-20,598.89,989.88,583.78,203.6,609.69,399.04,1772.09,1208.38,663.58,2243.3,1626.6,1492.85,1268.81,1238.88,832.44,888.51
2024-08-21,602.82,993.08,589.19,204.29,617.04,393.88,1783.64,1233.44,666.42,2269.48,1628.58,1519.64,1282.89,1239.3,831.11,893.8
2024-08-22,592.73,992.71,579.23,203.29,614.59,390.09,1775.86,1234.28,663.43,2250.44,1608.6,1445.73,1263.18,1238.03,805.14,879.55
2024-08-23,592.94,987.05,579.45,205.05,611.16,386.76,1770.44,1223.42,661.58,2225.45,1629.12,1428.18,1258.25,1244.82,802.47,882.54
2024-08-26,601.95,999.74,591.79,206.17,620.23,394.11,1793.79,1240.96,670.98,2251.63,1654.85,1458.67,1282.89,1256.27,822.45,900.0
2024-08-27,607.43,1005.77,593.31,206.93,621.46,398.92,1803.69,1248.06,677.09,2242.11,1652.69,1491.0,1290.99,1273.23,833.09,902.3
2024-08-28,605.21,1001.83,586.38,210.12,621.95,393.65,1799.68,1248.9,677.24,2226.64,1646.75,1448.5,1275.5,1290.62,830.83,890.35
2024-08-29,606.47,1002.32,585.51,208.68,621.21,393.65,1797.8,1260.59,678.52,2237.35,1655.21,1474.37,1278.32,1285.53,844.23,889.2
2024-08-30,607.5,1004.17,584.64,208.68,619.74,399.6,1799.21,1261.01,681.65,2231.4,1676.08,1474.37,1276.2,1282.57,839.92,888.74
2024-09-02,587.87,990.13,556.7,205.17,607.24,391.74,1777.98,1250.15,673.68,2215.93,1662.22,1388.46,1244.52,1266.02,822.74,848.3
2024-09-03,587.26,990.13,560.38,204.23,604.05,391.22,1771.14,1269.36,668.41,2192.13,1667.07,1384.76,1252.0,1248.89,828.03,852.9
2024-09-04,577.49,977.81,552.58,201.6,590.32,383.23,1742.6,1211.72,650.48,2173.09,1626.44,1371.83,1242.21,1237.69,814.16,839.11
2024-09-05,571.43,972.76,543.05,202.91,583.21,376.99,1731.75,1219.24,645.79,2167.14,1609.98,1322.87,1235.13,1247.61,833.64,822.57
2024-09-06,574.67,978.79,545.44,207.49,581.25,381.82,1731.52,1214.64,640.52,2162.38,1605.89,1321.02,1245.49,1266.79,853.13,823.49
2024-09-09,571.95,977.81,533.52,211.69,580.03,374.87,1726.33,1208.38,636.96,2121.91,1592.18,1284.99,1250.52,1270.61,826.38,805.34
2024-09-10,560.09,974.61,514.46,210.44,569.98,358.64,1715.95,1200.03,626.58,2077.88,1536.05,1256.36,1196.98,1268.07,808.21,773.63
2024-09-11,565.5,976.95,523.34,210.0,577.33,357.81,1719.96,1184.57,630.28,2117.15,1534.04,1301.62,1213.15,1271.04,821.42,790.4
2024-09-12,571.13,982.98,528.11,213.76,584.93,365.34,1727.74,1181.65,629.71,2140.96,1548.85,1281.3,1244.77,1304.99,813.5,797.29
2024-09-13,570.55,973.74,528.76,213.51,584.19,365.93,1713.35,1183.32,630.13,2118.34,1553.6,1248.04,1264.54,1304.56,800.28,797.29
2024-09-18,576.47,969.43,516.19,222.16,584.93,365.81,1714.06,1178.31,624.87,2088.59,1575.36,1254.51,1233.63,1347.0,761.64,776.84
2024-09-19,584.47,980.4,528.76,225.99,591.3,368.4,1729.63,1198.35,631.13,2105.25,1599.86,1272.98,1245.85,1368.65,772.21,795.23
2024-09-20,576.99,978.18,527.02,224.17,583.95,366.52,1722.55,1211.3,625.58,2100.49,1577.55,1238.8,1233.63,1347.0,755.03,794.77
2024-09-23,569.28,966.23,520.53,218.97,573.41,362.05,1706.04,1203.37,621.17,2085.02,1534.04,1257.28,1219.98,1303.29,754.37,783.97
2024-09-24,591.75,981.63,533.96,228.43,587.38,373.46,1736.0,1210.89,634.54,2127.86,1564.94,1332.11,1249.09,1346.58,773.53,805.57
2024-09-25,597.79,979.78,535.69,229.5,589.83,371.11,1734.58,1212.97,639.38,2131.43,1530.38,1362.59,1249.09,1338.94,776.5,805.34
2024-09-26,601.88,981.75,531.57,231.26,591.79,367.46,1737.89,1214.64,638.81,2154.05,1532.39,1399.54,1233.63,1342.76,786.08,800.51
2024-09-27,612.31,991.85,542.62,232.7,600.13,367.7,1753.69,1228.01,642.23,2196.89,1557.08,1458.67,1258.07,1332.57,814.82,817.74
2024-09-30,644.58,1009.96,562.55,246.37,619.01,375.34,1791.19,1234.69,665.0,2243.3,1619.97,1569.52,1285.38,1390.72,836.62,849.91
2024-10-08,622.6,1021.54,575.11,236.9,629.3,391.58,1820.91,1207.96,682.07,2219.5,1642.65,1381.07,1302.27,1382.23,824.06,871.05
2024-10-09,618.18,1019.2,566.88,237.28,617.04,390.26,1805.58,1209.63,683.78,2187.37,1627.66,1381.07,1302.34,1379.7,823.73,853.59
2024-10-10,603.42,1017.6,565.37,226.3,609.69,389.44,1799.68,1202.11,673.39,2162.38,1604.14,1359.82,1289.74,1303.65,832.98,848.07
2024-10-11,616.31,1022.77,567.1,226.99,613.61,393.54,1807.23,1233.44,681.08,2165.95,1597.41,1401.39,1286.43,1320.84,857.09,849.68
2024-10-14,617.55,1022.15,562.55,228.0,612.63,397.48,1802.75,1236.36,678.09,2142.15,1577.61,1413.4,1280.08,1343.42,873.61,843.25
2024-10-15,611.86,1009.71,548.47,230.44,602.34,392.69,1779.87,1226.76,665.28,2189.75,1548.43,1453.12,1257.72,1342.56,844.87,820.5
2024-10-16,600.43,1010.08,541.54,222.73,600.62,389.81,1776.57,1199.61,666.71,2189.75,1538.09,1430.03,1244.37,1309.31,867.0,810.85
2024-10-17,587.34,996.29,532.01,222.48,594.49,385.02,1759.59,1203.37,658.03,2138.58,1542.89,1326.56,1225.26,1297.37,876.25,797.29
2024-10-18,598.65,1002.94,540.67,229.44,596.7,392.09,1772.56,1223.42,661.58,2183.8,1560.81,1339.5,1239.68,1314.0,918.2,811.31
2024-10-21,596.15,995.18,537.42,227.87,584.93,384.9,1755.1,1230.1,651.91,2176.66,1556.93,1368.13,1231.75,1286.71,901.02,803.96
2024-10-22,605.03,997.27,543.49,230.5,594.49,386.34,1758.88,1231.77,653.76,2176.66,1582.41,1405.09,1236.44,1302.91,895.74,812.23
2024-10-23,600.01,999.61,545.44,226.3,594.25,396.76,1762.18,1227.18,653.47,2175.47,1575.21,1396.77,1238.6,1299.5,864.36,815.9
2024-10-24,605.69,1002.69,542.84,227.87,599.64,396.76,1769.73,1225.09,652.9,2187.37,1575.39,1439.27,1242.21,1292.25,870.97,813.61
2024-10-25,598.58,1003.68,543.05,222.73,601.36,393.41,1767.84,1208.8,654.33,2187.37,1574.47,1402.31,1246.9,1279.46,858.74,811.54
2024-10-28,603.41,1007.62,539.8,224.61,610.43,390.65,1774.92,1215.06,661.73,2184.99,1583.52,1441.11,1245.82,1274.77,874.27,806.02
2024-10-29,593.56,999.74,526.59,222.6,600.13,387.06,1757.46,1208.38,644.65,2170.71,1537.72,1401.39,1226.34,1272.22,872.95,784.66
2024-10-30,598.23,992.84,529.41,223.79,597.43,390.89,1748.03,1222.16,647.07,2167.14,1559.7,1441.11,1230.31,1265.82,881.53,786.04
2024-10-31,600.48,1003.92,532.66,223.67,611.16,392.57,1757.23,1220.49,652.9,2164.76,1560.25,1454.97,1241.49,1257.72,900.69,790.63
2024-11-01,598.06,1003.31,534.17,223.04,607.73,392.62,1758.41,1208.8,652.05,2177.85,1554.9,1421.71,1249.78,1236.83,892.1,792.93
2024-11-04,595.34,1005.77,534.82,221.47,606.99,393.05,1758.17,1210.47,656.89,2195.7,1557.37,1408.78,1244.73,1222.76,856.76,794.31
2024-11-05,601.91,1009.84,536.56,224.23,613.12,397.7,1762.42,1205.87,658.45,2218.31,1560.53,1425.41,1250.81,1223.61,859.74,797.06
2024-11-06,598.54,1008.48,523.56,227.31,607.73,397.82,1751.8,1202.53,653.04,2169.52,1540.2,1401.39,1233.4,1235.12,853.79,777.99
2024-11-07,608.21,1018.7,536.99,229.31,615.33,405.41,1768.78,1222.16,665.71,2187.37,1558.79,1428.18,1264.73,1226.6,891.11,795.23
2024-11-08,605.54,1015.5,538.07,230.19,613.12,403.0,1760.06,1223.0,664.14,2186.18,1542.06,1398.62,1266.19,1194.62,886.16,795.46
2024-11-11,599.62,1010.21,533.52,228.5,609.69,405.29,1753.69,1204.2,654.61,2132.63,1533.51,1371.83,1266.91,1182.26,859.07,786.72
2024-11-12,594.66,1015.26,527.24,224.55,607.73,399.63,1755.1,1204.2,649.91,2124.29,1531.09,1382.91,1267.64,1149.85,874.6,778.22
2024-11-13,596.54,1014.89,531.36,223.42,610.92,401.07,1755.1,1225.09,652.62,2136.2,1542.25,1407.86,1277.48,1157.1,863.7,781.21
2024-11-14,590.61,1024.49,523.56,220.97,608.71,396.85,1752.98,1239.71,648.35,2118.34,1530.35,1385.69,1270.19,1142.18,854.45,769.49
2024-11-15,586.88,1021.05,516.84,221.35,610.43,393.0,1748.5,1228.01,648.92,2113.58,1529.6,1357.97,1254.16,1123.42,866.01,759.84
2024-11-18,588.09,1016.61,521.18,218.34,620.23,397.7,1753.92,1235.95,648.06,2110.01,1539.27,1369.98,1259.63,1118.73,855.44,766.5
2024-11-19,590.41,1027.45,525.07,218.97,626.61,402.4,1766.66,1236.36,650.91,2161.19,1561.02,1367.21,1252.71,1120.44,849.17,777.07
2024-11-20,593.98,1041.37,528.11,222.79,629.3,404.81,1775.62,1237.62,657.74,2140.96,1566.6,1353.35,1266.91,1129.39,867.0,784.43
2024-11-21,596.35,1040.26,527.89,222.23,631.26,405.65,1773.03,1243.88,652.62,2144.53,1564.0,1393.08,1263.64,1123.85,875.92,785.81
2024-11-22,592.41,1043.46,527.24,217.27,640.33,408.78,1772.09,1236.78,656.32,2135.01,1569.02,1368.13,1259.99,1082.07,880.54,787.41
2024-11-25,593.63,1034.1,524.21,218.97,633.22,409.26,1773.74,1219.66,649.2,2137.39,1560.28,1387.53,1255.26,1088.89,866.34,781.67
2024-11-26,594.88,1037.18,519.88,219.09,637.88,408.66,1776.57,1217.15,653.76,2151.67,1544.66,1387.53,1253.44,1088.89,872.29,776.38
2024-11-27,597.57,1034.84,521.39,221.91,630.77,409.87,1774.92,1218.4,656.74,2179.04,1542.99,1390.3,1255.99,1104.24,876.25,780.52
2024-11-28,596.79,1028.31,515.11,224.05,626.12,414.08,1772.79,1215.9,650.63,2176.66,1544.66,1373.68,1242.14,1100.82,864.03,769.49
2024-11-29,600.67,1033.24,520.96,225.58,629.06,423.12,1778.93,1220.49,657.74,2142.15,1562.51,1365.36,1256.71,1137.92,861.72,771.79
2024-12-02,601.32,1049.75,520.53,225.07,629.55,425.77,1782.28,1230.1,668.27,2144.53,1588.35,1369.06,1262.91,1138.68,855.77,768.11
2024-12-03,610.23,1037.84,520.01,231.87,623.91,428.71,1778.36,1229.6,663.84,2135.54,1582.18,1359.05,1261.81,1163.86,852.84,769.17
2024-12-04,603.59,1038.98,521.51,230.91,618.83,431.57,1770.54,1218.68,663.96,2097.44,1586.49,1314.09,1258.9,1141.67,845.65,778.46
2024-12-05,601.77,1033.01,511.79,230.35,619.61,425.3,1757.9,1210.02,661.77,2074.22,1578.22,1311.2,1243.97,1117.85,835.78,762.65
2024-12-06,612.03,1030.6,511.02,235.17,620.15,424.03,1749.89,1222.32,665.3,2056.61,1563.49,1320.72,1245.42,1142.18,840.47,756.27
2024-12-09,603.46,1030.85,506.14,231.58,623.06,422.23,1749.89,1214.02,659.72,2042.94,1559.42,1301.53,1238.87,1144.31,840.47,750.12
2024-12-10,602.73,1031.61,511.02,228.99,627.67,416.6,1753.42,1215.68,665.58,2057.75,1570.7,1318.11,1249.43,1161.81,844.93,758.77
2024-12-11,611.64,1036.45,516.55,232.7,633.01,416.24,1757.43,1218.17,667.39,2049.77,1577.35,1328.57,1256.35,1178.89,849.72,767.65
2024-12-12,611.55,1037.85,517.61,231.71,638.6,420.67,1765.44,1210.7,668.22,2045.22,1581.42,1329.45,1262.91,1164.8,849.72,772.21
2024-12-13,605.26,1035.31,519.74,228.93,633.5,420.91,1758.84,1203.24,667.39,1999.67,1584.01,1301.53,1270.92,1147.73,835.36,774.26
2024-12-16,606.13,1043.08,533.12,228.37,635.68,422.11,1759.79,1202.82,672.4,1975.76,1585.86,1276.23,1284.03,1159.68,841.11,792.25
2024-12-17,603.96,1040.27,532.91,226.39,632.04,422.11,1753.66,1206.14,671.01,1967.78,1586.78,1275.36,1284.76,1156.69,845.57,789.51
2024-12-18,595.28,1040.78,529.72,220.28,630.1,418.99,1748.0,1204.07,665.85,1934.76,1581.97,1250.94,1276.39,1146.87,824.52,787.46
2024-12-19,596.3,1036.96,526.32,217.44,633.99,422.83,1745.41,1196.6,656.66,1997.39,1578.28,1275.36,1269.1,1144.31,858.33,782.21
2024-12-20,595.2,1029.7,524.84,218.24,629.37,423.55,1734.33,1199.5,653.73,1984.87,1565.71,1275.36,1263.27,1140.05,866.3,779.9
2024-12-23,597.61,1030.09,527.6,216.2,641.27,424.03,1748.47,1202.41,663.76,1991.7,1560.35,1266.64,1267.28,1152.42,873.0,785.11
2024-12-24,602.77,1031.36,525.69,217.81,644.91,421.99,1750.59,1226.47,665.99,2016.75,1559.79,1296.3,1253.07,1160.96,884.17,784.0
2024-12-25,601.55,1028.94,524.41,218.79,643.94,423.31,1744.47,1228.13,669.2,2014.47,1539.28,1279.72,1254.89,1134.5,880.66,782.21
2024-12-26,599.28,1033.65,516.97,216.32,643.69,424.75,1745.65,1228.55,667.81,1983.73,1530.22,1277.98,1245.42,1117.0,886.08,771.97
2024-12-27,599.02,1028.81,512.09,218.05,640.05,426.42,1736.93,1237.26,663.49,1960.95,1512.85,1265.77,1237.77,1110.17,880.66,763.28
2024-12-30,602.42,1031.87,515.91,221.02,649.03,434.33,1742.35,1229.38,671.99,1952.98,1498.25,1258.79,1239.96,1117.42,891.82,771.52
2024-12-31,605.12,1041.42,519.74,220.22,656.07,442.12,1762.14,1233.11,675.33,1943.87,1496.77,1250.06,1243.24,1118.7,927.23,778.87
2025-01-02,604.96,1039.64,529.09,217.19,657.04,439.82,1766.38,1254.27,677.14,1932.48,1514.88,1259.66,1257.08,1122.29,930.41,788.9
2025-01-03,594.1,1029.32,529.09,208.1,645.39,440.95,1751.54,1250.12,661.12,1889.21,1516.84,1235.23,1250.38,1136.55,931.37,789.34
2025-01-06,589.32,1011.49,528.66,206.99,628.89,433.11,1733.15,1259.25,656.38,1888.07,1512.78,1235.23,1251.83,1149.77,969.97,792.46
2025-01-07,585.17,1005.13,519.95,205.51,627.19,429.01,1725.85,1236.01,654.15,1875.54,1506.0,1224.77,1243.61,1171.01,975.71,779.54
2025-01-08,584.7,1001.82,520.8,207.55,631.32,430.44,1722.78,1233.11,655.82,1857.32,1499.38,1209.06,1240.56,1152.25,960.72,781.55
2025-01-09,590.41,1003.09,537.8,208.97,628.4,434.49,1730.56,1219.0,662.79,1890.35,1512.98,1228.25,1269.3,1156.94,965.18,808.73
2025-01-10,593.79,1007.42,535.67,209.84,630.1,439.49,1735.04,1214.02,659.58,1900.6,1533.2,1224.77,1260.93,1160.78,995.8,806.28
2025-01-13,602.47,1008.18,548.42,210.33,640.3,453.3,1752.01,1239.75,665.58,1921.09,1561.33,1244.83,1287.85,1217.92,1005.37,828.78
2025-01-14,608.0,1001.18,548.42,214.53,640.3,446.28,1749.89,1246.8,665.58,1921.09,1562.43,1274.49,1287.85,1225.17,985.91,826.33
2025-01-15,611.82,1003.47,552.46,215.33,644.67,451.87,1753.89,1243.9,671.43,1904.01,1575.49,1266.64,1298.4,1217.49,1018.77,833.01
2025-01-16,618.84,999.91,561.6,217.0,636.41,458.06,1759.79,1244.73,673.24,1921.09,1578.06,1290.19,1310.77,1245.21,1039.18,844.82
2025-01-17,617.49,1003.34,557.77,215.95,632.04,451.87,1760.26,1244.31,670.59,1973.48,1580.08,1318.11,1302.77,1266.11,1018.77,837.91
2025-01-20,613.22,997.23,550.33,215.21,626.7,444.73,1754.37,1243.07,661.95,1975.76,1562.8,1298.91,1289.31,1258.43,992.93,823.88
2025-01-21,613.91,994.3,551.61,214.9,628.89,444.85,1744.0,1241.82,662.37,1980.31,1566.29,1296.3,1295.13,1278.05,993.89,826.55
2025-01-22,615.09,990.35,546.72,215.46,624.28,446.4,1734.33,1265.89,662.65,2006.5,1571.99,1294.55,1287.12,1273.36,1015.58,816.75
2025-01-23,610.61,985.64,538.65,213.91,617.97,445.21,1728.21,1272.11,659.17,1998.53,1565.93,1300.66,1270.03,1259.71,1023.55,804.27
2025-01-24,614.26,985.52,533.76,215.4,620.39,446.52,1728.68,1268.38,657.63,2019.03,1598.28,1315.49,1257.29,1264.4,1037.27,798.48
2025-01-27,613.54,991.37,530.36,215.64,619.91,442.35,1739.52,1270.04,657.91,2011.06,1600.12,1291.94,1251.11,1260.56,1065.02,792.02
2025-02-05,610.31,982.33,530.15,210.89,623.55,452.11,1731.27,1284.97,649.69,1956.4,1606.37,1263.15,1250.38,1247.77,1067.25,796.7
2025-02-06,609.44,984.24,530.15,213.67,626.22,450.18,1729.62,1279.75,650.53,1968.92,1582.18,1250.06,1251.18,1250.02,1044.92,794.91
2025-02-07,613.83,990.23,542.47,216.26,628.16,453.49,1744.23,1277.27,654.85,1971.2,1587.51,1268.38,1265.94,1265.56,1029.29,816.52
2025-02-10,614.57,990.86,550.12,216.51,633.01,449.52,1746.82,1271.49,657.35,1986.0,1582.7,1276.23,1276.84,1261.7,1038.54,824.99
2025-02-11,610.94,998.38,550.33,214.84,631.32,449.57,1751.07,1270.34,656.52,1976.89,1589.16,1269.25,1284.39,1247.19,986.87,823.21
2025-02-12,619.1,1000.16,550.12,220.28,625.98,453.84,1754.6,1258.82,660.42,2009.92,1592.64,1282.34,1285.11,1262.65,967.1,820.53
2025-02-13,610.36,989.97,539.07,217.56,617.0,449.45,1737.16,1255.94,653.31,2007.64,1579.26,1243.08,1266.98,1223.57,924.04,800.04
2025-02-14,620.58,995.7,542.47,221.64,613.11,456.33,1742.82,1253.89,657.49,2072.55,1573.76,1271.87,1269.15,1234.74,922.44,805.83
2025-02-17,619.72,1000.8,545.23,220.03,620.15,456.69,1748.0,1251.83,654.85,2060.02,1587.69,1320.72,1272.78,1213.69,917.66,809.62
2025-02-18,619.56,998.0,546.72,220.83,617.72,455.86,1746.82,1251.01,653.31,2031.55,1584.76,1312.87,1270.97,1201.67,930.41,814.07
2025-02-19,616.28,1002.45,547.36,219.72,615.3,457.05,1747.3,1240.73,653.31,2046.36,1579.81,1312.0,1270.24,1200.81,916.38,812.29
2025-02-20,622.11,1006.02,547.36,221.82,618.21,462.39,1746.35,1240.73,654.43,2039.53,1584.21,1336.42,1267.34,1197.8,918.93,812.96
2025-02-21,619.24,1003.98,542.68,220.52,618.21,457.88,1738.81,1240.73,650.25,2048.64,1576.32,1321.59,1261.9,1181.05,920.21,801.6
2025-02-24,618.74,1000.54,537.37,221.14,623.31,448.14,1735.98,1238.67,650.25,2071.41,1555.42,1328.57,1258.27,1169.89,923.08,793.13
2025-02-25,611.33,999.14,536.31,218.11,616.51,446.84,1732.92,1227.16,644.39,2085.08,1553.04,1305.89,1251.74,1182.34,908.73,792.46
2025-02-26,606.56,997.1,529.09,217.5,620.15,440.19,1725.14,1228.8,640.21,2053.19,1532.13,1314.62,1241.22,1186.21,880.66,780.88
2025-02-27,612.8,1007.55,530.57,218.55,628.4,435.21,1736.93,1230.86,643.14,2060.02,1539.65,1357.36,1240.86,1188.78,895.97,783.55
2025-02-28,615.22,1007.67,530.57,218.86,627.67,437.77,1736.45,1225.92,643.7,2055.47,1536.53,1368.7,1239.05,1211.12,928.82,781.55
2025-03-03,617.69,1009.33,532.7,219.41,632.53,436.32,1740.93,1222.22,643.42,2052.05,1536.17,1350.38,1239.41,1202.96,932.01,783.33
2025-03-04,613.51,1006.65,519.1,218.3,632.77,424.02,1730.56,1210.71,643.56,2009.92,1511.86,1327.7,1221.28,1182.34,925.63,762.61
2025-03-05,603.44,1003.22,517.82,214.72,628.89,422.16,1722.08,1203.3,634.92,2004.22,1493.86,1278.85,1217.37,1171.96,920.21,758.38
2025-03-06,602.42,1008.57,514.42,217.06,624.03,422.16,1725.85,1204.54,633.24,2036.11,1490.2,1281.47,1215.12,1176.76,906.81,752.58
2025-03-07,596.82,1003.85,516.76,214.78,628.89,420.38,1724.91,1205.77,632.41,2025.86,1489.91,1254.42,1217.88,1169.04,902.98,753.03
2025-03-10,591.32,1001.18,512.72,211.32,628.89,416.93,1724.67,1206.59,623.63,2024.72,1491.19,1250.94,1207.72,1151.01,886.72,748.13
2025-03-11,590.5,1001.82,509.11,211.87,628.4,414.67,1722.55,1212.35,624.05,1999.67,1477.08,1248.32,1201.2,1176.76,868.54,743.45
2025-03-12,586.15,993.41,501.46,213.11,613.11,417.52,1708.88,1214.41,618.75,1996.25,1444.65,1249.19,1190.32,1187.49,865.98,734.98
2025-03-13,586.52,989.85,506.56,211.01,616.27,417.64,1709.82,1207.83,624.33,1988.28,1466.09,1257.04,1198.29,1179.77,866.3,748.57
2025-03-14,591.84,992.01,513.36,212.31,628.89,417.88,1718.31,1216.87,629.62,2014.47,1477.08,1262.28,1209.54,1181.91,867.58,759.27
2025-03-17,583.57,984.62,513.79,209.09,623.06,418.36,1716.19,1211.12,618.75,2022.44,1461.87,1247.45,1204.46,1176.33,843.98,760.38
2025-03-18,583.32,981.57,516.34,209.65,614.57,419.19,1712.65,1198.78,617.78,2022.44,1457.84,1236.11,1205.91,1191.35,839.83,763.72
2025-03-19,580.08,979.66,512.94,208.41,615.78,409.08,1704.87,1200.01,619.45,2040.66,1453.81,1237.85,1200.47,1189.21,826.43,755.48
2025-03-20,586.48,976.6,515.91,210.64,621.12,419.55,1709.59,1211.12,615.55,2106.71,1463.16,1248.32,1199.02,1174.62,815.59,762.61
2025-03-21,581.16,974.82,518.25,209.34,619.91,420.74,1709.59,1182.74,612.62,2096.46,1438.24,1230.0,1195.76,1165.61,807.3,764.17
2025-03-24,589.9,985.01,518.89,211.26,627.92,425.73,1728.91,1186.85,623.21,2110.13,1450.51,1264.02,1197.21,1174.19,821.65,768.4
2025-03-25,586.71,979.66,518.04,211.26,618.69,431.68,1723.73,1183.15,623.49,2122.66,1422.29,1255.3,1188.86,1163.89,813.99,767.29
2025-03-26,584.63,977.62,523.35,208.91,619.42,431.44,1727.03,1176.57,625.3,2152.26,1422.29,1244.83,1202.28,1157.45,813.04,771.74
2025-03-27,586.05,982.33,524.2,209.77,622.09,430.73,1731.5,1174.93,625.72,2153.4,1438.6,1236.98,1205.55,1170.33,816.23,776.2
2025-03-28,579.72,980.68,519.95,206.0,616.75,431.56,1729.62,1176.98,620.28,2155.68,1444.47,1215.17,1205.19,1163.89,828.03,772.19
2025-03-31,573.07,976.6,514.42,204.64,601.7,426.68,1723.49,1160.53,619.73,2131.77,1436.04,1197.72,1195.03,1161.74,801.23,763.95
2025-04-01,580.86,979.28,519.95,204.95,603.4,434.77,1732.68,1159.3,629.2,2196.68,1462.79,1210.81,1208.09,1167.32,802.19,778.2
2025-04-02,580.94,982.47,520.12,206.62,602.86,435.13,1735.7,1165.96,627.26,2162.59,1437.1,1215.5,1202.51,1184.15,800.87,772.64
2025-04-03,570.53,980.09,509.94,199.48,596.19,429.42,1731.69,1142.15,618.48,2165.92,1432.21,1203.62,1175.16,1130.88,797.63,757.5
2025-04-07,548.5,932.65,483.11,190.77,569.85,401.59,1694.02,1102.56,586.12,2128.83,1350.07,1184.92,1115.69,1076.73,784.41,711.86
2025-04-08,526.2,929.1,458.08,182.68,571.28,395.04,1689.81,1114.77,578.55,2070.65,1316.24,1162.73,1072.17,1022.55,755.66,670.28
2025-04-09,515.03,911.35,440.11,175.34,561.7,384.46,1675.82,1070.57,565.37,2092.85,1281.12,1156.81,1051.96,973.49,753.24,646.27
2025-04-10,534.27,930.64,463.58,183.23,583.88,396.35,1702.84,1098.4,594.76,2130.25,1354.51,1157.65,1103.91,1011.79,758.39,683.94
2025-04-11,533.03,932.57,465.48,183.47,582.12,394.33,1704.03,1107.81,595.17,2131.42,1373.55,1158.5,1106.8,1011.79,762.63,680.42
2025-04-14,533.67,934.11,461.67,184.51,576.07,394.8,1704.03,1104.13,589.68,2090.52,1366.52,1164.42,1089.84,1004.47,769.3,675.57
2025-04-15,532.44,924.73,457.02,179.99,573.8,392.66,1688.62,1108.22,581.03,2064.81,1349.52,1156.81,1078.66,978.65,769.3,667.42
2025-04-16,527.24,917.01,446.24,179.07,570.02,389.93,1682.46,1095.94,569.49,2064.81,1326.04,1143.28,1062.07,946.81,756.88,653.1
2025-04-17,529.79,918.17,453.85,179.13,563.97,397.66,1682.7,1091.03,571.41,2050.79,1338.79,1148.35,1072.53,952.4,767.48,664.78
2025-04-18,529.79,918.55,457.66,178.52,571.03,400.99,1688.62,1097.17,575.81,2071.82,1343.23,1119.6,1075.05,942.07,764.15,671.39
2025-04-21,534.15,923.7,459.77,181.03,573.3,398.37,1685.78,1104.13,579.65,2056.63,1352.29,1133.13,1084.07,957.13,756.57,673.15
2025-04-22,527.77,917.27,455.12,177.84,569.52,401.94,1676.53,1094.71,574.43,2083.51,1337.69,1111.99,1079.02,941.64,744.14,666.54
2025-04-23,538.4,927.69,465.9,179.8,579.6,405.63,1691.7,1105.35,583.77,2058.97,1365.05,1161.03,1098.86,972.2,756.57,685.71
2025-04-24,535.65,919.33,461.89,180.29,576.82,405.15,1681.04,1102.49,574.02,2054.29,1339.9,1166.95,1087.32,967.03,749.3,679.32
2025-04-25,534.6,919.46,465.06,180.11,576.57,404.56,1682.22,1100.03,571.41,2053.12,1330.48,1154.27,1090.57,975.64,739.3,686.37
2025-04-28,536.08,921.26,473.51,180.23,582.12,410.51,1685.78,1093.48,575.53,2081.17,1308.66,1153.42,1114.01,977.79,739.9,693.42
2025-04-29,533.5,915.85,469.29,179.07,574.05,408.01,1681.04,1059.52,575.12,2027.42,1307.37,1163.57,1115.46,966.17,736.87,683.72
2025-04-30,530.87,910.84,468.65,178.09,567.25,405.39,1668.95,1047.65,570.72,2169.98,1290.91,1143.28,1111.13,953.69,751.42,684.39
2025-05-06,529.03,898.49,461.04,181.27,559.18,399.8,1658.05,1030.46,567.29,2198.02,1283.71,1124.67,1107.16,973.92,757.18,675.35
2025-05-07,533.37,906.08,472.03,181.21,564.22,408.18,1666.1,1051.33,576.77,2203.86,1303.16,1118.75,1119.54,978.65,761.73,692.76
2025-05-08,531.86,902.22,480.49,179.99,558.43,402.49,1655.67,1053.38,579.93,2199.19,1282.52,1118.75,1136.57,978.73,746.57,705.54
2025-05-09,531.69,897.08,484.29,178.88,561.2,410.77,1651.41,1056.65,579.38,2212.04,1296.1,1103.53,1138.46,987.39,750.51,713.03
2025-05-12,542.86,911.74,497.82,183.84,572.04,414.69,1666.34,1075.48,590.92,2216.72,1355.63,1114.52,1163.29,1022.16,771.43,733.08
2025-05-13,544.12,924.21,502.05,183.47,577.33,414.09,1676.77,1079.57,597.37,2216.72,1400.41,1091.69,1176.02,1057.18,757.78,739.03
2025-05-14,556.95,943.76,515.16,186.41,595.98,418.52,1704.98,1100.44,618.94,2203.86,1431.64,1137.36,1204.76,1074.7,766.88,757.98
2025-05-15,550.04,938.49,507.12,184.64,584.64,411.94,1697.39,1102.08,612.76,2210.88,1425.62,1124.67,1194.94,1055.47,778.09,744.98
2025-05-16,542.9,930.51,504.59,182.37,575.56,413.97,1681.27,1095.94,612.62,2193.35,1411.89,1090.0,1191.3,1045.22,768.39,743.0
2025-05-19,543.78,930.77,504.8,183.6,572.54,416.48,1677.72,1102.9,614.68,2158.29,1432.4,1085.77,1190.21,1052.48,783.85,743.88
2025-05-20,540.91,928.71,500.15,182.8,568.51,419.83,1670.37,1106.99,606.16,2160.63,1396.08,1082.39,1183.3,1037.96,771.43,734.62
2025-05-21,541.37,928.59,506.07,181.33,572.04,420.91,1672.03,1109.04,606.3,2167.64,1396.46,1089.16,1190.21,1026.43,765.97,745.42
2025-05-22,537.91,920.61,496.98,181.21,564.73,423.3,1659.47,1110.26,605.89,2160.63,1370.87,1087.47,1173.48,1027.71,766.27,728.67
2025-05-23,532.56,911.1,498.46,177.84,559.94,420.55,1646.9,1118.04,604.79,2134.92,1369.93,1059.56,1173.11,1003.79,744.75,732.86
2025-05-26,530.94,910.45,499.3,176.19,560.44,421.75,1642.4,1105.35,603.41,2122.07,1353.75,1060.41,1169.48,986.28,753.54,735.28
2025-05-27,529.83,901.07,500.99,177.36,556.41,420.55,1634.58,1079.16,602.59,2119.73,1348.48,1040.96,1174.21,994.82,742.33,738.81
2025-05-28,519.49,896.57,493.81,168.91,555.91,416.36,1633.87,1089.8,592.15,2091.68,1329.85,1027.43,1161.47,952.53,744.45,726.03
2025-05-29,525.82,903.38,508.81,169.83,558.93,420.31,1639.79,1123.77,598.74,2084.67,1359.58,1017.28,1182.21,969.19,751.42,747.84
2025-05-30,515.58,895.02,496.77,164.02,556.41,413.19,1629.6,1107.81,597.37,2071.82,1343.4,1013.9,1161.11,952.11,744.45,729.12
2025-06-03,512.06,895.41,489.16,164.57,560.7,417.02,1631.73,1085.3,591.46,2057.8,1320.45,1002.06,1152.74,929.04,718.68,718.76
2025-06-04,519.12,906.47,493.59,167.08,572.04,419.11,1646.9,1084.9,589.54,2072.99,1334.02,1035.88,1164.39,947.45,717.47,724.71
2025-06-05,514.4,904.54,490.85,165.73,569.26,418.02,1638.13,1082.03,588.31,2012.22,1332.77,1017.28,1154.76,937.07,706.86,720.52
2025-06-06,517.17,908.65,491.69,167.02,570.52,420.2,1641.45,1081.53,585.28,2009.89,1331.22,1024.89,1159.8,965.3,707.77,722.28
2025-06-09,515.78,910.2,486.41,167.93,573.8,421.41,1643.11,1097.13,584.6,1983.01,1355.71,1016.43,1152.22,961.32,699.59,715.45
2025-06-10,518.18,913.8,487.46,168.91,573.55,420.8,1645.25,1095.89,586.38,1960.81,1378.56,1021.51,1153.32,957.43,704.44,716.34
2025-06-11,518.39,913.28,488.31,169.95,575.06,418.15,1649.75,1090.91,588.58,1947.95,1378.37,1016.43,1157.01,956.13,706.86,719.2
2025-06-12,513.67,915.21,488.31,166.22,577.08,426.12,1651.88,1081.37,581.57,1923.42,1379.13,993.6,1154.06,938.82,697.47,720.08
2025-06-13,523.72,933.34,505.43,169.77,602.02,438.32,1680.33,1078.05,595.31,1940.94,1432.62,977.53,1185.77,970.41,685.95,746.96
2025-06-16,529.73,943.63,503.74,170.2,620.92,443.03,1690.76,1085.1,600.81,2013.39,1424.24,992.76,1187.61,987.73,689.89,744.54
2025-06-17,526.68,940.93,505.43,169.71,618.66,440.25,1688.86,1081.37,604.38,2072.99,1402.92,980.07,1191.3,980.37,688.98,746.52
2025-06-18,536.72,953.92,519.38,171.42,634.28,446.42,1709.96,1084.27,614.13,2090.52,1445.75,989.37,1218.95,1005.91,696.56,769.88
2025-06-19,540.2,959.58,527.21,171.67,640.83,451.61,1724.18,1089.66,623.47,2080.0,1458.12,994.45,1234.44,1006.77,693.52,781.56
2025-06-20,536.3,953.53,526.15,170.07,637.3,452.7,1716.59,1061.87,618.25,2021.57,1450.7,991.91,1235.54,992.92,683.83,779.57
2025-06-23,538.63,957.26,529.74,170.69,631.0,456.81,1721.33,1094.64,618.25,1999.37,1443.47,991.91,1239.6,991.62,688.67,785.08
2025-06-24,519.99,932.31,504.8,167.2,599.5,432.52,1676.77,1065.19,595.04,1984.18,1375.51,981.76,1195.72,956.56,689.28,744.76
2025-06-25,521.5,935.02,506.28,168.48,602.53,431.8,1679.14,1051.5,593.8,2033.26,1389.22,985.99,1196.46,958.73,690.8,744.54
2025-06-26,524.24,938.74,504.16,171.79,609.08,430.47,1684.83,1050.67,589.68,2014.56,1392.64,997.83,1190.19,969.12,700.5,740.57
2025-06-27,524.16,939.0,505.01,171.85,603.03,430.23,1683.64,1056.89,586.66,2006.38,1389.22,1011.36,1188.35,976.04,702.92,743.88
2025-06-30,520.93,933.73,507.12,171.11,600.01,430.59,1675.82,1050.26,586.11,2000.54,1387.12,998.68,1191.67,973.88,702.92,748.73
2025-07-01,520.81,932.19,507.34,172.46,600.76,430.35,1669.66,1042.38,586.93,2011.06,1384.84,985.15,1194.99,974.74,714.74,748.51
2025-07-02,525.81,937.2,506.7,172.83,605.8,431.44,1676.3,1051.92,590.5,2032.09,1382.51,1018.97,1198.67,975.0,724.75,748.06
2025-07-03,521.58,936.69,501.63,171.48,608.32,433.49,1676.77,1056.48,588.99,2029.75,1388.82,1000.37,1187.98,969.36,721.41,742.56
2025-07-04,518.5,936.43,497.82,171.36,604.54,432.04,1677.72,1051.09,587.48,2027.42,1396.83,992.76,1179.5,976.4,721.41,735.06
2025-07-07,516.94,931.93,497.82,170.93,602.78,430.83,1672.74,1052.33,587.76,2042.61,1396.1,987.68,1179.5,952.81,729.9,736.39
2025-07-08,518.81,931.67,497.82,171.11,597.99,433.61,1669.9,1054.82,586.11,2060.13,1385.7,996.14,1179.5,978.09,729.9,737.71
2025-07-09,522.72,935.92,498.67,171.85,597.74,437.72,1677.72,1058.97,588.31,2068.31,1398.99,1009.67,1183.19,979.83,743.84,740.79
2025-07-10,532.98,942.47,501.2,176.25,604.29,438.44,1685.78,1077.63,594.07,2076.49,1430.39,1040.96,1187.24,1008.17,759.91,747.18
2025-07-11,528.73,937.59,496.77,175.7,597.24,435.66,1675.59,1085.52,591.33,2071.82,1409.2,1029.12,1177.66,1009.91,756.57,737.49
2025-07-14,531.28,936.69,500.99,175.7,603.79,440.5,1675.11,1087.59,598.47,2061.3,1419.02,1049.41,1186.51,1011.65,767.48,746.74
2025-07-15,526.69,928.59,496.34,176.13,601.27,436.99,1662.79,1091.32,593.66,2022.74,1397.45,1026.58,1173.97,1000.76,761.42,736.83
2025-07-16,526.21,927.69,497.4,177.42,596.48,437.72,1662.31,1087.17,597.65,2025.08,1398.99,1021.51,1171.76,998.14,747.48,739.91
2025-07-17,529.69,927.81,498.25,179.44,597.99,438.32,1663.97,1091.74,600.53,2036.76,1390.9,1035.88,1172.49,1006.42,752.94,742.78
2025-07-18,531.47,927.94,501.42,181.21,595.98,441.58,1662.31,1097.54,601.08,2039.1,1398.22,1028.27,1174.71,1019.5,748.39,750.27
2025-07-21,544.67,937.46,505.22,182.25,607.57,441.83,1680.8,1106.26,605.75,2117.39,1429.81,1095.08,1185.77,1043.47,778.7,756.0
2025-07-22,555.31,947.49,506.7,184.27,619.16,436.03,1699.05,1113.31,610.83,2123.24,1440.98,1162.73,1192.77,1054.8,805.68,758.64
2025-07-23,547.17,937.2,505.64,183.6,607.57,434.21,1681.99,1122.85,609.32,2071.82,1424.8,1131.44,1185.77,1035.19,801.43,755.78
2025-07-24,561.83,949.67,512.62,186.53,624.96,435.18,1702.13,1131.56,616.05,2085.84,1433.08,1190.63,1201.99,1070.93,810.83,766.35
2025-07-25,569.39,958.81,521.71,190.69,634.78,436.75,1711.61,1144.83,624.29,2106.88,1461.4,1217.69,1217.85,1082.26,799.31,778.03
2025-07-28,548.76,943.25,508.6,184.33,605.8,431.19,1690.04,1111.65,609.32,2030.92,1417.29,1112.83,1194.99,1042.16,785.97,759.08
2025-07-29,548.84,949.67,511.35,183.66,613.36,437.23,1697.16,1114.55,613.58,2037.93,1420.37,1114.52,1198.3,1031.7,800.83,764.81
2025-07-30,549.64,949.93,513.25,182.86,609.58,440.98,1693.6,1104.6,611.24,2035.6,1422.87,1108.61,1198.3,1026.47,792.04,769.44
2025-07-31,539.4,945.17,508.18,178.15,606.06,442.07,1687.2,1085.1,606.3,2002.88,1412.28,1054.49,1191.67,1002.06,775.97,763.27
2025-08-01,535.36,940.93,501.42,175.09,603.03,442.02,1682.46,1075.56,605.06,1997.03,1405.35,1062.1,1176.55,998.58,769.61,750.49
2025-08-04,533.54,936.21,496.48,175.9,602.52,431.26,1677.06,1071.75,602.71,2022.22,1403.73,1061.18,1170.29,993.43,768.25,744.09
2025-08-05,537.98,941.43,495.04,178.07,604.55,427.24,1681.46,1070.25,604.02,2062.44,1402.77,1079.2,1165.37,1004.25,761.35,742.33
2025-08-06,539.27,940.95,498.83,178.26,605.32,428.38,1679.85,1073.82,605.58,2041.78,1403.69,1082.86,1170.94,1002.85,752.86,747.63
2025-08-07,537.61,938.5,495.72,178.58,603.76,428.25,1677.07,1079.12,604.54,2029.5,1404.73,1072.61,1166.48,1004.07,740.44,743.08
2025-08-08,536.1,935.95,493.41,178.86,598.44,422.18,1673.53,1074.15,603.45,2022.57,1393.21,1052.85,1164.65,1003.2,742.79,740.2
2025-08-11,541.13,938.5,496.35,181.22,600.86,422.55,1680.37,1085.32,608.23,2022.57,1395.9,1063.13,1169.4,1028.06,763.05,744.84
2025-08-12,547.39,941.68,499.29,182.43,603.52,425.58,1681.55,1089.05,611.09,2028.35,1410.49,1113.71,1173.78,1031.11,773.33,749.05
2025-08-13,544.62,940.66,495.72,181.74,599.41,425.22,1677.3,1096.91,608.09,2017.95,1405.11,1093.16,1170.49,1026.32,767.17,742.85
2025-08-14,542.28,935.82,489.43,179.84,588.77,421.46,1672.11,1100.22,602.36,1993.69,1393.4,1106.6,1156.62,1015.85,776.86,731.14
2025-08-15,545.7,936.84,494.67,182.95,583.21,420.12,1671.87,1097.74,602.08,2006.4,1394.94,1102.65,1167.94,1031.11,785.38,739.32
2025-08-18,544.57,934.67,497.82,181.97,579.34,421.58,1663.38,1086.57,599.36,2026.04,1391.29,1095.53,1179.25,1029.81,793.01,747.28
2025-08-19,541.55,931.23,496.56,182.6,578.13,419.15,1655.82,1071.26,603.72,2098.81,1390.52,1073.4,1173.78,1032.86,775.1,748.82
2025-08-20,538.85,936.33,501.18,180.3,586.11,419.27,1665.26,1062.57,610.96,2051.45,1398.39,1034.67,1186.92,1021.95,792.43,756.56
2025-08-21,540.18,941.3,509.78,180.82,586.35,420.61,1663.38,1061.33,610.41,2037.59,1399.16,1032.3,1206.99,1027.19,803.0,769.16
2025-08-22,541.12,940.54,510.62,179.73,581.51,422.79,1661.02,1056.77,610.55,2008.71,1416.25,1048.11,1206.99,1017.16,818.86,770.05
2025-08-25,545.73,946.02,509.99,182.95,586.11,426.47,1669.51,1062.57,615.32,2015.64,1407.38,1056.8,1204.29,1046.53,809.75,770.49
2025-08-26,544.4,943.34,510.83,182.72,579.09,427.95,1662.9,1048.91,612.73,2006.4,1393.91,1036.25,1207.58,1032.67,789.47,773.14
2025-08-27,540.85,938.5,506.0,181.28,573.53,421.46,1657.0,1036.5,611.5,2006.4,1377.34,1033.09,1198.22,1020.38,788.47,767.17
2025-08-28,544.62,937.73,502.65,183.41,573.78,426.5,1656.77,1034.84,609.32,2024.88,1375.58,1036.25,1191.27,1040.09,787.37,761.21
2025-08-29,542.47,928.68,501.81,182.43,570.87,427.23,1645.91,1038.15,609.45,2016.8,1361.59,1024.39,1185.78,1037.9,781.69,760.32
2025-09-01,541.58,926.52,500.55,182.43,576.68,431.27,1643.79,1042.71,604.13,2013.33,1347.99,1004.63,1183.22,1036.16,800.72,758.99
2025-09-02,540.09,924.22,498.87,182.54,573.53,433.84,1638.6,1043.12,592.12,2016.8,1333.81,1001.47,1177.74,1030.92,780.22,755.46
2025-09-03,541.59,923.59,496.35,182.72,575.95,433.48,1641.19,1044.77,591.03,1979.83,1352.59,1008.59,1172.61,1037.03,764.71,752.8
2025-09-04,538.62,920.78,488.38,183.58,574.98,421.47,1637.65,1045.19,594.58,1979.83,1340.9,1009.38,1157.98,1026.11,759.15,738.43
2025-09-05,549.83,923.33,490.06,187.78,583.93,420.86,1642.84,1047.26,594.31,1978.68,1363.31,1029.14,1158.71,1063.67,764.12,742.19
2025-09-08,546.92,924.1,491.95,187.03,582.24,421.23,1644.5,1039.81,593.49,1970.59,1357.76,1022.02,1163.1,1046.2,756.22,747.5
2025-09-09,538.67,921.29,490.69,183.35,579.82,418.78,1640.01,1028.22,589.8,1944.03,1354.69,1010.17,1162.0,1018.69,752.12,743.52
2025-09-10,539.51,920.91,492.79,183.81,582.0,422.45,1639.78,1033.6,589.39,1927.85,1355.27,1012.54,1164.2,1020.88,754.17,748.38
2025-09-11,539.07,918.74,491.74,182.95,577.16,424.05,1637.65,1037.74,587.07,1930.16,1359.29,1017.28,1165.3,1015.2,758.27,749.27
2025-09-12,534.92,913.65,487.54,181.97,575.23,412.41,1631.52,1032.36,582.98,1920.92,1346.84,1019.65,1158.34,1009.52,749.48,741.97
2025-09-15,540.31,921.67,490.06,183.98,579.34,415.47,1644.02,1046.02,585.16,1944.03,1359.67,1033.88,1160.17,1018.26,752.7,746.39
2025-09-16,543.08,921.93,491.74,184.5,574.26,417.68,1644.97,1048.5,582.98,1947.49,1374.81,1058.38,1163.47,1020.44,755.05,747.5
2025-09-17,542.4,923.33,494.25,182.66,574.5,421.84,1647.8,1043.12,586.39,1941.72,1370.21,1054.43,1171.15,1012.14,763.54,748.6
2025-09-18,536.59,916.07,489.43,179.09,567.25,419.64,1634.58,1037.33,582.43,1929.01,1355.27,1032.3,1160.54,999.04,755.34,738.88
2025-09-19,535.18,913.65,482.93,178.69,570.87,418.9,1631.75,1038.15,580.93,1918.61,1339.56,1041.78,1149.56,998.61,773.2,728.93
2025-09-22,532.45,908.68,481.04,179.61,567.73,416.45,1622.08,1036.09,578.61,1917.46,1327.3,1022.02,1147.73,1003.41,762.37,728.71
2025-09-23,527.69,905.49,477.89,178.58,566.52,413.03,1614.76,1036.09,574.79,1915.15,1316.18,1006.21,1143.34,996.86,742.16,721.85
2025-09-24,532.36,910.2,485.23,179.67,568.46,415.31,1623.02,1042.99,577.79,1932.47,1327.14,1033.09,1151.99,1005.59,745.97,729.94
2025-09-25,534.49,913.65,490.69,179.09,569.66,421.23,1627.98,1046.39,579.43,1933.63,1332.88,1039.41,1165.63,1007.78,742.75,737.29
2025-09-26,531.73,912.37,487.33,177.94,569.42,423.73,1626.8,1037.79,574.93,1927.85,1331.16,1022.02,1158.07,995.99,740.12,734.63
2025-09-29,530.89,915.18,487.96,176.85,570.39,424.72,1629.16,1016.65,576.43,1922.08,1327.45,1010.17,1158.44,988.56,736.31,735.65
2025-09-30,523.05,911.61,481.88,172.88,562.89,419.13,1617.12,1010.36,574.11,1929.01,1309.28,991.99,1147.4,970.22,740.99,726.34
2025-10-09,522.16,901.92,480.83,177.31,553.71,413.16,1591.87,1002.89,567.42,1858.55,1307.37,988.03,1146.66,984.63,717.28,726.79
2025-10-10,518.28,896.82,475.58,176.16,557.82,407.08,1586.44,997.78,559.51,1844.69,1292.46,980.13,1133.78,975.46,723.13,717.71
2025-10-13,516.5,889.94,473.07,171.85,566.28,400.37,1579.59,1013.5,561.01,1859.7,1282.52,985.66,1128.26,949.7,721.38,712.17
2025-10-14,511.28,881.66,465.72,170.75,549.84,398.92,1558.12,1013.89,554.19,1844.69,1256.32,975.39,1115.01,938.35,710.84,701.98
2025-10-15,511.05,880.64,463.84,171.33,555.64,396.25,1556.47,1015.86,553.64,1848.15,1254.41,973.81,1113.17,945.34,713.77,699.1
2025-10-16,513.87,883.06,467.4,171.39,560.72,397.5,1561.89,1012.32,558.01,1852.77,1266.84,976.18,1120.9,962.8,718.16,706.19
2025-10-17,505.86,876.05,461.74,169.03,549.35,394.02,1546.08,1006.43,546.27,1850.46,1244.66,955.63,1110.6,943.59,686.25,696.88
2025-10-20,506.73,876.69,459.85,170.35,547.9,394.77,1549.39,1013.11,546.27,1848.15,1224.2,963.53,1109.13,945.34,696.79,694.23
2025-10-21,511.01,877.2,463.0,174.26,548.39,396.78,1553.63,1015.86,546.41,1858.55,1235.68,956.42,1116.85,962.36,695.32,701.31
2025-10-22,514.52,883.95,470.13,174.26,546.69,408.34,1562.13,1025.68,552.82,1872.41,1255.37,966.69,1129.0,962.8,696.79,714.38
2025-10-23,518.78,891.98,472.86,175.36,554.19,411.86,1579.12,1031.58,558.83,1892.05,1256.9,976.18,1133.41,968.91,698.25,719.48
2025-10-24,518.34,888.16,473.9,176.39,549.35,414.63,1572.28,1029.61,556.37,1896.67,1250.21,971.44,1129.73,968.91,694.74,722.36
2025-10-27,520.28,895.17,484.18,176.91,548.39,414.13,1581.01,1033.15,560.74,1894.36,1248.91,984.87,1148.18,958.0,692.69,733.88
2025-10-28,517.86,890.2,483.97,176.68,541.86,412.11,1571.1,1026.86,555.28,1888.58,1236.29,979.34,1149.51,941.84,685.37,732.99
2025-10-29,523.06,893.25,486.28,179.73,545.73,411.49,1577.71,1030.01,559.51,1898.98,1244.67,995.15,1153.03,940.53,691.22,736.76
2025-10-30,516.25,888.03,479.36,177.14,533.88,408.97,1569.68,1026.47,550.23,1879.34,1227.34,976.18,1141.89,940.97,678.34,729.67
2025-10-31,511.61,879.24,481.04,173.51,527.11,407.72,1555.29,1024.11,548.32,1877.03,1235.31,968.27,1141.52,921.32,676.29,732.99
2025-11-03,508.57,877.83,482.09,173.63,518.16,406.33,1551.98,1042.58,541.77,1874.72,1232.08,950.09,1139.32,899.05,688.0,735.43
2025-11-04,504.77,876.69,482.93,171.1,511.39,401.31,1548.21,1039.05,532.35,1882.81,1212.35,939.82,1138.96,883.33,683.9,737.64
2025-11-05,504.76,868.4,482.51,170.81,517.68,397.91,1531.92,1053.19,534.13,1886.27,1206.09,944.56,1136.76,885.95,674.24,736.53
2025-11-06,507.27,867.26,491.74,173.05,513.81,390.75,1527.2,1054.76,535.49,1898.98,1202.11,954.05,1149.36,899.92,685.95,755.36
2025-11-07,506.04,866.87,489.22,172.48,510.67,383.08,1525.55,1059.87,537.95,1925.54,1204.57,956.42,1144.74,889.88,682.44,750.93
2025-11-10,508.39,866.87,493.41,173.8,508.01,381.57,1529.32,1074.41,539.45,1917.46,1204.01,969.06,1151.56,897.3,687.71,758.91
2025-11-11,505.28,861.52,487.54,173.63,503.41,383.33,1517.29,1077.56,528.8,1894.36,1189.21,960.37,1138.89,894.25,690.05,748.27
2025-11-12,507.43,865.09,489.85,175.07,509.7,384.97,1524.6,1077.16,530.99,1911.68,1202.68,959.58,1142.18,910.84,686.25,750.27
2025-11-13,511.12,868.91,493.0,177.02,508.49,380.69,1529.32,1087.38,531.12,1915.15,1227.15,979.34,1138.89,915.21,684.2,757.14
2025-11-14,508.76,873.37,493.0,175.01,496.89,381.7,1527.91,1076.77,535.22,1908.22,1229.61,969.06,1141.45,912.15,681.27,753.81
2025-11-17,508.45,872.1,492.16,176.16,490.6,381.07,1526.26,1075.59,537.4,1919.77,1236.44,973.02,1139.98,913.02,670.73,752.7
2025-11-18,505.35,864.71,489.85,175.93,490.84,381.07,1508.56,1062.62,533.17,1919.77,1230.37,959.58,1132.3,917.39,669.27,749.6
2025-11-19,505.88,870.82,494.25,177.6,486.73,382.7,1518.47,1060.27,532.62,1920.92,1248.77,934.29,1142.55,934.86,663.12,760.9
2025-11-20,502.26,871.08,492.58,175.41,487.46,384.34,1510.44,1041.01,521.57,1923.23,1251.05,915.32,1138.16,918.7,661.95,756.47
2025-11-21,498.87,862.8,489.43,175.3,484.55,378.18,1500.3,1027.26,519.66,1910.53,1234.36,924.8,1127.54,906.91,654.63,747.61
2025-11-24,503.37,865.49,490.89,176.21,501.39,384.26,1503.13,1025.69,529.58,1891.98,1220.61,935.12,1142.18,907.96,655.97,750.31
2025-11-25,500.33,861.86,488.64,173.97,499.03,384.76,1490.33,1024.28,528.63,1882.02,1222.2,928.28,1140.72,897.21,657.2,744.51
2025-11-26,501.72,855.11,491.18,174.67,503.42,381.77,1478.04,1022.56,530.52,1904.39,1237.73,928.46,1146.21,905.6,651.2,751.23
2025-11-27,501.55,854.4,486.6,175.55,505.66,378.35,1484.28,1017.58,527.44,1915.59,1236.18,924.43,1127.54,909.1,654.25,745.23
2025-11-28,505.49,866.28,493.45,176.87,508.18,377.22,1506.8,1020.3,531.72,1933.34,1244.28,925.18,1143.64,911.29,652.24,756.25
2025-12-01,505.36,867.04,500.93,174.75,511.16,376.47,1505.64,1021.86,531.98,1934.45,1241.27,931.17,1152.79,901.67,655.1,767.28
2025-12-02,507.47,869.94,500.31,176.01,511.16,366.92,1510.05,1043.24,532.25,1943.32,1242.02,931.92,1153.53,935.77,664.83,765.74
2025-12-03,504.23,868.43,498.02,173.95,507.04,371.95,1504.02,1070.46,524.77,1938.88,1245.23,923.68,1149.87,924.41,654.53,761.77
2025-12-04,503.31,862.74,497.82,172.23,505.89,372.2,1497.98,1076.29,523.96,1935.56,1242.59,922.93,1146.94,913.91,646.8,761.55
2025-12-05,498.04,851.75,493.45,172.51,497.19,371.7,1481.73,1067.35,512.2,1925.57,1238.63,908.7,1136.33,912.6,630.78,750.96
2025-12-08,498.1,847.46,495.32,172.51,498.56,371.7,1478.94,1056.85,509.13,1896.73,1258.98,898.21,1139.25,920.91,634.5,758.46
2025-12-09,493.63,835.07,488.89,171.6,490.78,369.69,1458.05,1062.29,508.86,1897.84,1241.83,888.47,1131.2,913.91,619.9,747.65
2025-12-10,493.15,833.68,486.39,174.23,487.57,369.31,1449.46,1056.85,505.65,1900.06,1220.35,867.5,1118.76,927.47,616.75,743.9
2025-12-11,494.89,828.51,490.34,173.89,485.51,371.82,1448.99,1086.01,495.49,1888.97,1228.08,863.75,1120.22,936.65,604.73,751.62
2025-12-12,493.91,819.41,485.35,174.4,480.7,372.07,1432.04,1075.9,496.03,1866.79,1216.39,843.52,1111.44,937.52,603.87,745.23
2025-12-15,499.79,828.38,487.64,174.06,486.42,372.2,1452.01,1083.29,498.43,1864.57,1225.06,866.0,1115.83,948.46,619.04,748.09
2025-12-16,499.53,826.61,484.73,173.72,487.57,363.53,1452.48,1063.07,506.32,1855.69,1227.51,876.49,1117.3,955.89,618.18,743.68
2025-12-17,503.4,818.52,486.39,176.24,493.75,378.35,1452.01,1070.46,502.31,1866.79,1206.97,876.49,1119.49,976.0,613.32,746.77
2025-12-18,505.89,818.15,493.04,175.43,497.88,370.82,1457.82,1069.29,503.51,1894.52,1203.39,893.72,1129.37,965.51,629.35,756.69
2025-12-19,503.51,798.44,506.95,173.95,491.92,365.42,1442.49,1070.46,499.64,1882.31,1206.59,880.98,1151.33,963.76,619.33,779.63
2025-12-22,508.86,788.33,523.36,174.12,493.52,376.22,1420.67,1093.01,499.24,1883.42,1232.6,875.74,1176.95,982.13,624.19,800.36
2025-12-23,510.79,795.41,527.72,175.09,493.75,373.96,1429.72,1092.62,484.27,1908.94,1226.76,880.23,1180.61,977.32,635.07,805.22
2025-12-24,519.63,809.55,528.97,179.21,497.42,376.34,1457.58,1092.62,510.33,1924.46,1243.53,886.97,1186.46,996.56,643.94,804.33
2025-12-25,523.85,807.28,534.99,180.13,495.13,376.14,1454.8,1089.51,510.33,1930.01,1250.64,886.97,1196.49,987.29,639.08,811.39
2025-12-26,531.12,816.76,548.28,180.7,494.9,376.14,1460.83,1094.57,514.07,1924.46,1277.66,898.96,1219.55,1017.0,649.09,833.22
2025-12-29,524.6,815.24,531.88,179.39,494.9,377.55,1456.65,1071.24,510.2,1924.46,1269.17,884.73,1196.49,1014.47,638.79,801.69
2025-12-30,529.05,816.25,534.16,179.44,508.18,381.61,1467.57,1082.51,514.21,1933.34,1277.57,908.7,1200.59,1012.11,650.52,806.76
2025-12-31,529.9351,817.6403,530.6295,178.6983,507.4941,380.4827,1473.8355,1075.5147,508.3251,1939.9928,1279.6238,905.703,1193.6281,1009.4894,641.6526,800.5837
2026-01-05,528.299,814.7346,523.9836,180.8168,507.2651,393.2657,1469.6564,1075.1259,498.8349,1961.0677,1270.8323,881.7307,1182.2741,1020.4052,619.3292,795.07
2026-01-06,537.2801,831.1581,534.7831,183.7941,525.1282,395.5216,1491.2485,1091.068,513.0033,1972.1597,1283.5519,891.4695,1196.1919,1035.2506,627.9151,808.9644
2026-01-07,541.9859,839.1172,534.7831,185.2828,519.1738,396.0229,1505.8754,1087.9574,518.4835,1985.4701,1289.7246,952.1493,1199.1219,1064.0682,647.0903,803.4508
2026-01-08,535.495,837.3485,528.1373,184.5957,510.9293,392.5138,1505.4111,1070.071,514.0726,1969.9413,1285.7965,928.177,1188.5005,1067.9979,634.7838,790.4385
2026-01-09,536.418,843.1599,530.4218,183.5651,520.5479,397.4014,1512.3762,1079.0142,516.7459,1971.0505,1302.0701,919.9366,1191.0643,1053.5891,636.501,798.1577
2026-01-12,538.1963,851.1191,533.9524,184.7102,518.2578,395.6469,1523.0562,1067.3492,518.6172,1977.7057,1332.5596,928.177,1190.698,1057.0822,623.9084,805.8768
2026-01-13,533.9061,854.7828,533.7447,182.9353,518.2578,393.5164,1519.5736,1067.738,509.929,1967.7229,1324.5163,907.9504,1191.4305,1047.9129,609.8847,803.0097
2026-01-14,538.3529,861.6049,531.2525,185.0538,523.9831,397.0254,1530.0214,1068.1268,516.8796,2012.0909,1342.8474,915.4417,1184.8379,1069.7444,599.0093,800.8042
2026-01-15,531.2394,857.1831,524.1913,183.1643,520.5479,396.9001,1530.4858,1056.8507,510.1964,1997.6713,1339.2934,893.7169,1170.9202,1064.5049,588.7062,786.2482
2026-01-16,524.9157,845.813,521.0761,181.3321,512.7614,392.2631,1508.1971,1042.4638,507.3894,1986.5793,1352.5741,892.9677,1172.019,1031.7576,574.1102,781.3961
2026-01-19,523.5095,842.2756,522.3222,180.3015,506.5781,393.767,1504.9467,1042.4638,501.9092,1965.5045,1374.4592,892.9677,1171.6527,1013.4191,573.824,783.6016
2026-01-20,522.2256,838.8646,534.1601,178.8701,505.204,393.3911,1500.0711,1045.1856,491.0824,1968.8321,1355.754,881.7307,1189.233,1011.6726,560.9451,797.496
2026-01-21,524.0122,842.1493,535.1985,180.3015,505.891,395.6469,1505.6432,1042.075,493.0873,1973.2689,1372.9628,871.2428,1189.5992,1040.4902,554.935,794.6289
2026-01-22,535.5689,860.8468,550.1516,181.5039,517.5707,406.2994,1537.9153,1045.9633,514.2063,1969.9413,1439.1793,887.7238,1215.9697,1071.491,557.5108,814.9192
2026-01-23,547.2395,867.2899,565.7279,186.8287,526.2732,405.5475,1545.3448,1049.4628,534.2559,1983.2517,1441.798,897.4625,1241.9738,1129.1262,556.6522,828.7772
2026-01-26,548.1906,876.1334,564.6894,185.8554,537.4949,410.8602,1564.1509,1044.7968,533.8549,1986.5793,1440.8625,902.7065,1250.0197,1157.1471,565.7137,829.8784
2026-01-27,539.5418,871.5853,545.998,185.5691,527.6473,410.6096,1557.65,1038.5755,526.3697,1985.4701,1429.11,894.466,1219.7835,1138.8076,559.6013,802.8877
2026-01-28,547.4324,880.1761,557.6282,187.3441,535.6628,427.2548,1573.67,1044.7968,530.647,1995.4529,1455.6983,897.4625,1235.6831,1158.2887,561.8182,817.4152
2026-01-29,554.1774,890.5356,553.6823,191.123,538.64,435.5782,1595.0299,1047.5186,528.9093,2015.4185,1482.3726,916.94,1231.7484,1173.7542,559.5028,813.7175
2026-01-30,545.4059,886.1139,547.2441,187.3441,531.3115,429.1837,1584.3499,1030.41,523.0281,1985.4701,1450.1225,901.9573,1220.1145,1174.1907,558.7412,804.7994
2026-02-02,530.1336,868.9323,528.7603,182.9925,515.7386,411.7556,1558.8109,1023.7998,503.5131,1982.1425,1397.3153,901.2082,1187.3939,1129.231,563.3107,777.6103
